rollNum,coursesEnrolled
23BI00152,BI309 BI875 CH197 EN657 GO651 HI163 MA404 MA801 PY667 ST797 ST890
23BI00867,BI309 BI955 CH234 EN715 GO651 HI473 MA404 MA845 PY690 ST797 ST890
23BI01683,BI309 BI632 CH011 EN397 GO651 HI003 MA404 MA801 PY156 ST797 ST890
23BI02375,BI309 BI642 CH113 EN421 GO651 HI038 MA404 MA845 PY192 ST797 ST890
23BI02453,BI309 BI642 CH113 EN421 GO651 HI038 MA404 MA845 PY192 ST797 ST890
23BI06785,BI309 BI985 CH314 EN724 GO651 HI640 MA404 MA801 PY723 ST797 ST890
23BI07121,BI309 BI605 CA942 EN324 GO651 GO989 MA404 MA801 PY143 ST797 ST890
23BI11576,BI309 BI985 CH314 EN724 GO651 HI640 MA404 MA845 PY723 ST797 ST890
23BI12591,BI309 BI605 CA942 EN324 GO651 GO989 MA404 MA845 PY143 ST797 ST890
23BI14889,BI309 BI632 CH011 EN397 GO651 HI003 MA404 MA845 PY156 ST797 ST890
23BI16113,BI309 BI642 CH113 EN421 GO651 HI038 MA404 MA801 PY192 ST797 ST890
23BI17198,BI309 BI985 CH314 EN724 GO651 HI640 MA404 MA845 PY723 ST797 ST890
23BI19180,BI309 BI642 CH113 EN421 GO651 HI038 MA404 MA845 PY192 ST797 ST890
23BI19600,BI309 BI642 CH113 EN421 GO651 HI038 MA404 MA845 PY192 ST797 ST890
23BI21335,BI309 BI985 CH314 EN724 GO651 HI640 MA404 MA845 PY723 ST797 ST890
23BI22488,BI309 BI605 CA942 EN324 GO651 GO989 MA404 MA845 PY143 ST797 ST890
23BI22989,BI309 BI955 CH234 EN715 GO651 HI473 MA404 MA801 PY690 ST797 ST890
23BI23691,BI309 BI955 CH234 EN715 GO651 HI473 MA404 MA845 PY690 ST797 ST890
23BI28011,BI309 BI632 CH011 EN397 GO651 HI003 MA404 MA801 PY156 ST797 ST890
23BI30361,BI309 BI605 CA942 EN324 GO651 GO989 MA404 MA845 PY143 ST797 ST890
23BI32741,BI309 BI632 CH011 EN397 GO651 HI003 MA404 MA845 PY156 ST797 ST890
23BI36235,BI309 BI985 CH314 EN724 GO651 HI640 MA404 MA845 PY723 ST797 ST890
23BI36735,BI309 BI985 CH314 EN724 GO651 HI640 MA404 MA845 PY723 ST797 ST890
23BI37599,BI309 BI632 CH011 EN397 GO651 HI003 MA404 MA845 PY156 ST797 ST890
23BI41259,BI309 BI605 CA942 EN324 GO651 GO989 MA404 MA801 PY143 ST797 ST890
23BI41516,BI309 BI642 CH113 EN421 GO651 HI038 MA404 MA801 PY192 ST797 ST890
23BI44303,BI309 BI642 CH113 EN421 GO651 HI038 MA404 MA801 PY192 ST797 ST890
23BI44960,BI309 BI605 CA942 EN324 GO651 GO989 MA404 MA801 PY143 ST797 ST890
23BI47787,BI309 BI632 CH011 EN397 GO651 HI003 MA404 MA801 PY156 ST797 ST890
23BI49023,BI309 BI605 CA942 EN324 GO651 GO989 MA404 MA845 PY143 ST797 ST890
23BI49554,BI309 BI632 CH011 EN397 GO651 HI003 MA404 MA845 PY156 ST797 ST890
23BI50475,BI309 BI955 CH234 EN715 GO651 HI473 MA404 MA801 PY690 ST797 ST890
23BI51021,BI309 BI955 CH234 EN715 GO651 HI473 MA404 MA845 PY690 ST797 ST890
23BI51570,BI309 BI632 CH011 EN397 GO651 HI003 MA404 MA845 PY156 ST797 ST890
23BI51939,BI309 BI822 CH190 EN426 GO651 HI123 MA404 MA801 PY329 ST797 ST890
23BI52195,BI309 BI632 CH011 EN397 GO651 HI003 MA404 MA801 PY156 ST797 ST890
23BI54061,BI309 BI985 CH314 EN724 GO651 HI640 MA404 MA845 PY723 ST797 ST890
23BI54978,BI309 BI948 CH221 EN693 GO651 HI334 MA404 MA845 PY670 ST797 ST890
23BI57182,BI309 BI632 CH011 EN397 GO651 HI003 MA404 MA801 PY156 ST797 ST890
23BI59774,BI309 BI605 CA942 EN324 GO651 GO989 MA404 MA801 PY143 ST797 ST890
23BI60437,BI309 BI605 CA942 EN324 GO651 GO989 MA404 MA801 PY143 ST797 ST890
23BI62177,BI309 BI948 CH221 EN693 GO651 HI334 MA404 MA845 PY670 ST797 ST890
23BI62285,BI309 BI642 CH113 EN421 GO651 HI038 MA404 MA801 PY192 ST797 ST890
23BI64188,BI309 BI632 CH011 EN397 GO651 HI003 MA404 MA845 PY156 ST797 ST890
23BI65046,BI309 BI632 CH011 EN397 GO651 HI003 MA404 MA845 PY156 ST797 ST890
23BI65777,BI309 BI948 CH221 EN693 GO651 HI334 MA404 MA801 PY670 ST797 ST890
23BI66095,BI309 BI875 CH197 EN657 GO651 HI163 MA404 MA845 PY667 ST797 ST890
23BI67699,BI309 BI822 CH190 EN426 GO651 HI123 MA404 MA801 PY329 ST797 ST890
23BI67723,BI309 BI955 CH234 EN715 GO651 HI473 MA404 MA801 PY690 ST797 ST890
23BI71752,BI309 BI605 CA942 EN324 GO651 GO989 MA404 MA801 PY143 ST797 ST890
23BI73029,BI309 BI632 CH011 EN397 GO651 HI003 MA404 MA801 PY156 ST797 ST890
23BI78371,BI309 BI642 CH113 EN421 GO651 HI038 MA404 MA845 PY192 ST797 ST890
23BI79328,BI309 BI632 CH011 EN397 GO651 HI003 MA404 MA801 PY156 ST797 ST890
23BI81561,BI309 BI955 CH234 EN715 GO651 HI473 MA404 MA801 PY690 ST797 ST890
23BI84163,BI309 BI985 CH314 EN724 GO651 HI640 MA404 MA801 PY723 ST797 ST890
23BI86359,BI309 BI642 CH113 EN421 GO651 HI038 MA404 MA801 PY192 ST797 ST890
23BI86590,BI309 BI642 CH113 EN421 GO651 HI038 MA404 MA801 PY192 ST797 ST890
23BI86681,BI309 BI605 CA942 EN324 GO651 GO989 MA404 MA845 PY143 ST797 ST890
23BI87078,BI309 BI642 CH113 EN421 GO651 HI038 MA404 MA801 PY192 ST797 ST890
23BI88814,BI309 BI605 CA942 EN324 GO651 GO989 MA404 MA801 PY143 ST797 ST890
23BI89020,BI309 BI985 CH314 EN724 GO651 HI640 MA404 MA801 PY723 ST797 ST890
23BI92750,BI309 BI642 CH113 EN421 GO651 HI038 MA404 MA845 PY192 ST797 ST890
23BI93375,BI309 BI642 CH113 EN421 GO651 HI038 MA404 MA845 PY192 ST797 ST890
23BI94209,BI309 BI985 CH314 EN724 GO651 HI640 MA404 MA801 PY723 ST797 ST890
23BI96382,BI309 BI955 CH234 EN715 GO651 HI473 MA404 MA801 PY690 ST797 ST890
23BI98168,BI309 BI642 CH113 EN421 GO651 HI038 MA404 MA845 PY192 ST797 ST890
23BI99796,BI309 BI642 CH113 EN421 GO651 HI038 MA404 MA801 PY192 ST797 ST890
23BI99964,BI309 BI632 CH011 EN397 GO651 HI003 MA404 MA845 PY156 ST797 ST890
23CA02466,BI309 BI955 CH234 EN715 GO651 HI473 MA404 MA801 PY690 ST797 ST890
23CA04933,BI309 BI632 CH011 EN397 GO651 HI003 MA404 MA845 PY156 ST797 ST890
23CA06050,BI309 BI605 CA942 EN324 GO651 GO989 MA404 MA801 PY143 ST797 ST890
23CA09637,BI309 BI875 CH197 EN657 GO651 HI163 MA404 MA845 PY667 ST797 ST890
23CA11506,BI309 BI955 CH234 EN715 GO651 HI473 MA404 MA845 PY690 ST797 ST890
23CA12254,BI309 BI875 CH197 EN657 GO651 HI163 MA404 MA845 PY667 ST797 ST890
23CA14210,BI309 BI875 CH197 EN657 GO651 HI163 MA404 MA845 PY667 ST797 ST890
23CA14576,BI309 BI822 CH190 EN426 GO651 HI123 MA404 MA845 PY329 ST797 ST890
23CA15331,BI309 BI632 CH011 EN397 GO651 HI003 MA404 MA801 PY156 ST797 ST890
23CA16961,BI309 BI875 CH197 EN657 GO651 HI163 MA404 MA845 PY667 ST797 ST890
23CA18180,BI309 BI948 CH221 EN693 GO651 HI334 MA404 MA801 PY670 ST797 ST890
23CA19753,BI309 BI875 CH197 EN657 GO651 HI163 MA404 MA801 PY667 ST797 ST890
23CA20776,BI309 BI948 CH221 EN693 GO651 HI334 MA404 MA845 PY670 ST797 ST890
23CA21187,BI309 BI948 CH221 EN693 GO651 HI334 MA404 MA845 PY670 ST797 ST890
23CA21266,BI309 BI948 CH221 EN693 GO651 HI334 MA404 MA845 PY670 ST797 ST890
23CA21880,BI309 BI822 CH190 EN426 GO651 HI123 MA404 MA845 PY329 ST797 ST890
23CA22156,BI309 BI948 CH221 EN693 GO651 HI334 MA404 MA801 PY670 ST797 ST890
23CA23760,BI309 BI955 CH234 EN715 GO651 HI473 MA404 MA801 PY690 ST797 ST890
23CA25197,BI309 BI642 CH113 EN421 GO651 HI038 MA404 MA845 PY192 ST797 ST890
23CA26200,BI309 BI642 CH113 EN421 GO651 HI038 MA404 MA845 PY192 ST797 ST890
23CA27261,BI309 BI632 CH011 EN397 GO651 HI003 MA404 MA845 PY156 ST797 ST890
23CA27372,BI309 BI875 CH197 EN657 GO651 HI163 MA404 MA845 PY667 ST797 ST890
23CA28625,BI309 BI875 CH197 EN657 GO651 HI163 MA404 MA845 PY667 ST797 ST890
23CA29095,BI309 BI985 CH314 EN724 GO651 HI640 MA404 MA845 PY723 ST797 ST890
23CA29949,BI309 BI642 CH113 EN421 GO651 HI038 MA404 MA801 PY192 ST797 ST890
23CA31796,BI309 BI985 CH314 EN724 GO651 HI640 MA404 MA845 PY723 ST797 ST890
23CA36690,BI309 BI642 CH113 EN421 GO651 HI038 MA404 MA845 PY192 ST797 ST890
23CA39484,BI309 BI955 CH234 EN715 GO651 HI473 MA404 MA845 PY690 ST797 ST890
23CA40684,BI309 BI955 CH234 EN715 GO651 HI473 MA404 MA845 PY690 ST797 ST890
23CA40763,BI309 BI948 CH221 EN693 GO651 HI334 MA404 MA845 PY670 ST797 ST890
23CA44168,BI309 BI605 CA942 EN324 GO651 GO989 MA404 MA845 PY143 ST797 ST890
23CA47885,BI309 BI605 CA942 EN324 GO651 GO989 MA404 MA801 PY143 ST797 ST890
23CA48268,BI309 BI985 CH314 EN724 GO651 HI640 MA404 MA801 PY723 ST797 ST890
23CA49162,BI309 BI822 CH190 EN426 GO651 HI123 MA404 MA845 PY329 ST797 ST890
23CA49163,BI309 BI955 CH234 EN715 GO651 HI473 MA404 MA801 PY690 ST797 ST890
23CA51893,BI309 BI632 CH011 EN397 GO651 HI003 MA404 MA845 PY156 ST797 ST890
23CA52277,BI309 BI948 CH221 EN693 GO651 HI334 MA404 MA845 PY670 ST797 ST890
23CA52824,BI309 BI985 CH314 EN724 GO651 HI640 MA404 MA845 PY723 ST797 ST890
23CA53807,BI309 BI605 CA942 EN324 GO651 GO989 MA404 MA845 PY143 ST797 ST890
23CA55298,BI309 BI642 CH113 EN421 GO651 HI038 MA404 MA801 PY192 ST797 ST890
23CA55341,BI309 BI875 CH197 EN657 GO651 HI163 MA404 MA845 PY667 ST797 ST890
23CA56388,BI309 BI955 CH234 EN715 GO651 HI473 MA404 MA845 PY690 ST797 ST890
23CA59421,BI309 BI822 CH190 EN426 GO651 HI123 MA404 MA801 PY329 ST797 ST890
23CA64684,BI309 BI605 CA942 EN324 GO651 GO989 MA404 MA845 PY143 ST797 ST890
23CA64889,BI309 BI955 CH234 EN715 GO651 HI473 MA404 MA845 PY690 ST797 ST890
23CA66209,BI309 BI955 CH234 EN715 GO651 HI473 MA404 MA845 PY690 ST797 ST890
23CA67222,BI309 BI605 CA942 EN324 GO651 GO989 MA404 MA801 PY143 ST797 ST890
23CA67336,BI309 BI642 CH113 EN421 GO651 HI038 MA404 MA845 PY192 ST797 ST890
23CA67766,BI309 BI605 CA942 EN324 GO651 GO989 MA404 MA845 PY143 ST797 ST890
23CA72910,BI309 BI642 CH113 EN421 GO651 HI038 MA404 MA845 PY192 ST797 ST890
23CA77365,BI309 BI632 CH011 EN397 GO651 HI003 MA404 MA845 PY156 ST797 ST890
23CA77621,BI309 BI605 CA942 EN324 GO651 GO989 MA404 MA845 PY143 ST797 ST890
23CA79477,BI309 BI605 CA942 EN324 GO651 GO989 MA404 MA845 PY143 ST797 ST890
23CA81541,BI309 BI605 CA942 EN324 GO651 GO989 MA404 MA845 PY143 ST797 ST890
23CA81730,BI309 BI642 CH113 EN421 GO651 HI038 MA404 MA845 PY192 ST797 ST890
23CA85412,BI309 BI632 CH011 EN397 GO651 HI003 MA404 MA845 PY156 ST797 ST890
23CA91763,BI309 BI822 CH190 EN426 GO651 HI123 MA404 MA845 PY329 ST797 ST890
23CA94728,BI309 BI875 CH197 EN657 GO651 HI163 MA404 MA845 PY667 ST797 ST890
23CA95401,BI309 BI985 CH314 EN724 GO651 HI640 MA404 MA801 PY723 ST797 ST890
23CA95572,BI309 BI948 CH221 EN693 GO651 HI334 MA404 MA801 PY670 ST797 ST890
23CA96062,BI309 BI948 CH221 EN693 GO651 HI334 MA404 MA845 PY670 ST797 ST890
23CA96972,BI309 BI948 CH221 EN693 GO651 HI334 MA404 MA845 PY670 ST797 ST890
23CA97195,BI309 BI632 CH011 EN397 GO651 HI003 MA404 MA801 PY156 ST797 ST890
23CA97936,BI309 BI948 CH221 EN693 GO651 HI334 MA404 MA801 PY670 ST797 ST890
23CA98363,BI309 BI875 CH197 EN657 GO651 HI163 MA404 MA801 PY667 ST797 ST890
23CA98699,BI309 BI955 CH234 EN715 GO651 HI473 MA404 MA845 PY690 ST797 ST890
23CA98837,BI309 BI822 CH190 EN426 GO651 HI123 MA404 MA845 PY329 ST797 ST890
23CH00356,BI309 BI985 CH314 EN724 GO651 HI640 MA404 MA801 PY723 ST797 ST890
23CH03232,BI309 BI875 CH197 EN657 GO651 HI163 MA404 MA801 PY667 ST797 ST890
23CH05560,BI309 BI642 CH113 EN421 GO651 HI038 MA404 MA801 PY192 ST797 ST890
23CH07354,BI309 BI642 CH113 EN421 GO651 HI038 MA404 MA845 PY192 ST797 ST890
23CH08327,BI309 BI985 CH314 EN724 GO651 HI640 MA404 MA845 PY723 ST797 ST890
23CH11616,BI309 BI605 CA942 EN324 GO651 GO989 MA404 MA801 PY143 ST797 ST890
23CH13857,BI309 BI642 CH113 EN421 GO651 HI038 MA404 MA845 PY192 ST797 ST890
23CH18499,BI309 BI955 CH234 EN715 GO651 HI473 MA404 MA845 PY690 ST797 ST890
23CH22253,BI309 BI632 CH011 EN397 GO651 HI003 MA404 MA801 PY156 ST797 ST890
23CH22751,BI309 BI985 CH314 EN724 GO651 HI640 MA404 MA801 PY723 ST797 ST890
23CH23071,BI309 BI822 CH190 EN426 GO651 HI123 MA404 MA801 PY329 ST797 ST890
23CH23868,BI309 BI605 CA942 EN324 GO651 GO989 MA404 MA801 PY143 ST797 ST890
23CH25299,BI309 BI632 CH011 EN397 GO651 HI003 MA404 MA845 PY156 ST797 ST890
23CH25322,BI309 BI605 CA942 EN324 GO651 GO989 MA404 MA845 PY143 ST797 ST890
23CH25801,BI309 BI985 CH314 EN724 GO651 HI640 MA404 MA801 PY723 ST797 ST890
23CH26782,BI309 BI985 CH314 EN724 GO651 HI640 MA404 MA845 PY723 ST797 ST890
23CH27306,BI309 BI605 CA942 EN324 GO651 GO989 MA404 MA801 PY143 ST797 ST890
23CH31874,BI309 BI955 CH234 EN715 GO651 HI473 MA404 MA845 PY690 ST797 ST890
23CH34028,BI309 BI642 CH113 EN421 GO651 HI038 MA404 MA801 PY192 ST797 ST890
23CH34052,BI309 BI605 CA942 EN324 GO651 GO989 MA404 MA845 PY143 ST797 ST890
23CH36297,BI309 BI955 CH234 EN715 GO651 HI473 MA404 MA801 PY690 ST797 ST890
23CH37315,BI309 BI875 CH197 EN657 GO651 HI163 MA404 MA801 PY667 ST797 ST890
23CH37551,BI309 BI955 CH234 EN715 GO651 HI473 MA404 MA801 PY690 ST797 ST890
23CH38431,BI309 BI875 CH197 EN657 GO651 HI163 MA404 MA801 PY667 ST797 ST890
23CH39543,BI309 BI985 CH314 EN724 GO651 HI640 MA404 MA801 PY723 ST797 ST890
23CH40722,BI309 BI955 CH234 EN715 GO651 HI473 MA404 MA845 PY690 ST797 ST890
23CH42608,BI309 BI955 CH234 EN715 GO651 HI473 MA404 MA801 PY690 ST797 ST890
23CH42678,BI309 BI632 CH011 EN397 GO651 HI003 MA404 MA801 PY156 ST797 ST890
23CH43633,BI309 BI875 CH197 EN657 GO651 HI163 MA404 MA845 PY667 ST797 ST890
23CH46860,BI309 BI875 CH197 EN657 GO651 HI163 MA404 MA845 PY667 ST797 ST890
23CH49252,BI309 BI632 CH011 EN397 GO651 HI003 MA404 MA801 PY156 ST797 ST890
23CH49257,BI309 BI985 CH314 EN724 GO651 HI640 MA404 MA845 PY723 ST797 ST890
23CH49520,BI309 BI875 CH197 EN657 GO651 HI163 MA404 MA845 PY667 ST797 ST890
23CH49983,BI309 BI985 CH314 EN724 GO651 HI640 MA404 MA801 PY723 ST797 ST890
23CH51149,BI309 BI955 CH234 EN715 GO651 HI473 MA404 MA801 PY690 ST797 ST890
23CH51195,BI309 BI948 CH221 EN693 GO651 HI334 MA404 MA845 PY670 ST797 ST890
23CH52537,BI309 BI955 CH234 EN715 GO651 HI473 MA404 MA845 PY690 ST797 ST890
23CH58543,BI309 BI955 CH234 EN715 GO651 HI473 MA404 MA801 PY690 ST797 ST890
23CH58828,BI309 BI642 CH113 EN421 GO651 HI038 MA404 MA801 PY192 ST797 ST890
23CH62521,BI309 BI642 CH113 EN421 GO651 HI038 MA404 MA801 PY192 ST797 ST890
23CH64679,BI309 BI875 CH197 EN657 GO651 HI163 MA404 MA845 PY667 ST797 ST890
23CH66279,BI309 BI985 CH314 EN724 GO651 HI640 MA404 MA845 PY723 ST797 ST890
23CH66844,BI309 BI985 CH314 EN724 GO651 HI640 MA404 MA845 PY723 ST797 ST890
23CH68253,BI309 BI985 CH314 EN724 GO651 HI640 MA404 MA801 PY723 ST797 ST890
23CH75220,BI309 BI985 CH314 EN724 GO651 HI640 MA404 MA845 PY723 ST797 ST890
23CH75996,BI309 BI955 CH234 EN715 GO651 HI473 MA404 MA845 PY690 ST797 ST890
23CH76394,BI309 BI955 CH234 EN715 GO651 HI473 MA404 MA845 PY690 ST797 ST890
23CH78174,BI309 BI985 CH314 EN724 GO651 HI640 MA404 MA801 PY723 ST797 ST890
23CH78657,BI309 BI605 CA942 EN324 GO651 GO989 MA404 MA845 PY143 ST797 ST890
23CH78715,BI309 BI605 CA942 EN324 GO651 GO989 MA404 MA845 PY143 ST797 ST890
23CH81378,BI309 BI985 CH314 EN724 GO651 HI640 MA404 MA845 PY723 ST797 ST890
23CH82737,BI309 BI605 CA942 EN324 GO651 GO989 MA404 MA845 PY143 ST797 ST890
23CH84268,BI309 BI605 CA942 EN324 GO651 GO989 MA404 MA845 PY143 ST797 ST890
23CH84299,BI423 CA906 GO572 GO715 MA746 PY106 ST434 ST872
23CH85220,BI340 CA196 CA843 CH617 EN796 GO656 HI704 MA854 PY917
23CH85357,BI340 CA768 EN159 GO298 GO656 MA123 MA505 MA923 ST390
23CH88147,BI309 BI875 CH197 EN657 GO651 HI163 MA404 MA801 PY667 ST797 ST890
23CH88408,BI309 BI875 CH197 EN657 GO651 HI163 MA404 MA845 PY667 ST797 ST890
23CH89787,BI309 BI875 CH197 EN657 GO651 HI163 MA404 MA845 PY667 ST797 ST890
23CH92448,BI309 BI875 CH197 EN657 GO651 HI163 MA404 MA801 PY667 ST797 ST890
23CH93145,BI309 BI875 CH197 EN657 GO651 HI163 MA404 MA845 PY667 ST797 ST890
23CH94554,BI309 BI875 CH197 EN657 GO651 HI163 MA404 MA801 PY667 ST797 ST890
23CH94630,BI309 BI875 CH197 EN657 GO651 HI163 MA404 MA801 PY667 ST797 ST890
23CH95890,BI309 BI875 CH197 EN657 GO651 HI163 MA404 MA801 PY667 ST797 ST890
23CH96952,BI309 BI875 CH197 EN657 GO651 HI163 MA404 MA845 PY667 ST797 ST890
23CH97767,BI309 BI875 CH197 EN657 GO651 HI163 MA404 MA845 PY667 ST797 ST890
23CH99226,BI822 CH190 EN426 HI123 PY329
23CH99994,BI340 CA249 CH639 EN910 GO656 HI875 MA923 PY949 ST758
23EN02060,BI309 BI948 CH221 EN693 GO651 HI334 MA404 MA801 PY670 ST797 ST890
23EN04254,BI309 BI948 CH221 EN693 GO651 HI334 MA404 MA845 PY670 ST797 ST890
23EN04427,BI309 BI948 CH221 EN693 GO651 HI334 MA404 MA845 PY670 ST797 ST890
23EN04575,BI309 BI948 CH221 EN693 GO651 HI334 MA404 MA801 PY670 ST797 ST890
23EN08464,BI309 BI948 CH221 EN693 GO651 HI334 MA404 MA845 PY670 ST797 ST890
23EN12193,BI309 BI948 CH221 EN693 GO651 HI334 MA404 MA801 PY670 ST797 ST890
23EN14199,BI309 BI948 CH221 EN693 GO651 HI334 MA404 MA801 PY670 ST797 ST890
23EN15158,BI309 BI948 CH221 EN693 GO651 HI334 MA404 MA801 PY670 ST797 ST890
23EN15622,BI309 BI948 CH221 EN693 GO651 HI334 MA404 MA845 PY670 ST797 ST890
23EN17962,BI309 BI948 CH221 EN693 GO651 HI334 MA404 MA845 PY670 ST797 ST890
23EN18394,BI340 CA196 CH617 EN796 GO656 HI704 MA854 PY917 ST945
23EN18612,BI050 BI423 EN293 GO572 GO715 MA746 PY106 ST782
23EN18726,BI340 CA249 CH639 EN910 GO656 HI875 MA923 PY949 ST945
23EN19398,BI340 CA196 CH617 EN796 GO656 HI704 MA923 PY917 ST758
23EN20633,BI340 CA196 CH617 EN796 GO656 HI704 MA923 PY917 ST945
23EN21686,CA249 CH639 EN910 GO656 HI875 MA505 MA854 PY949 ST758
23EN22422,BI340 CA249 CH639 EN910 GO656 HI875 MA854 PY949 ST758
23EN22844,CA249 CH639 EN910 GO656 HI875 MA602 MA854 PY949 ST945
23EN25339,BI340 CA249 CH639 EN910 GO656 HI875 MA923 PY949 ST758
23EN26866,CA249 CH639 EN910 GO656 HI875 MA505 MA923 PY949 ST945
23EN34621,BI340 CA249 CH639 EN910 GO656 HI875 MA602 MA923 PY949
23EN35215,CA249 CH639 EN910 GO656 HI875 MA854 PY949 ST758 ST945
23EN37167,CA249 CA843 CH639 EN910 GO656 HI875 MA923 PY949 ST758
23EN38459,BI340 CA249 CH639 EN910 GO656 HI875 MA854 PY949 ST945
23EN42896,CA249 CH639 EN910 GO656 HI875 MA480 MA923 PY949 ST758
23EN43976,CA185 CH585 EN758 GO656 HI655 MA923 PY877 ST758 ST807
23EN44685,CA739 CH932 GO203 GO656 HI993 MA923 ST334 ST807 ST945
23EN44793,CA249 CH639 EN910 GO656 HI875 MA541 MA854 PY949 ST945
23EN45250,CA249 CA843 CH639 EN910 GO656 HI875 MA854 PY949 ST758
23EN45314,CA249 CH639 EN910 GO656 HI875 MA923 PY949 ST758 ST945
23EN46194,BI340 CA249 CA843 CH639 EN910 GO656 HI875 MA854 PY949
23EN46933,BI340 CA768 EN159 GO298 GO656 MA123 MA854 ST390 ST758
23EN48469,BI340 CA249 CA843 CH639 EN910 GO656 HI875 MA854 PY949
23EN48691,CA249 CH639 EN910 GO656 HI875 MA923 PY949 ST758 ST807
23EN52536,BI340 CA395 CH656 EN924 GO656 HI910 MA923 PY962 ST945
23EN53861,CA196 CH617 EN796 GO656 HI704 MA923 PY917 ST758 ST807
23EN58253,CA395 CA843 CH656 EN924 GO656 HI910 MA854 PY962 ST758
23EN61263,BI340 CA739 CH932 GO203 GO656 HI993 MA480 MA854 ST334
23EN61298,CA196 CA843 CH617 EN796 GO656 HI704 MA854 PY917 ST807
23EN62380,CA395 CH656 EN924 GO656 HI910 MA923 PY962 ST807 ST945
23EN65384,CA196 CH617 EN796 GO656 HI704 MA505 MA923 PY917 ST807
23EN66357,BI340 CA196 CH617 EN796 GO656 HI704 MA854 PY917 ST758
23EN67551,CA395 CH656 EN924 GO656 HI910 MA923 PY962 ST807 ST945
23EN67995,CA249 CH639 EN910 GO656 HI875 MA541 MA923 PY949 ST758
23EN68489,CA196 CH617 EN796 GO656 HI704 MA505 MA854 PY917 ST807
23EN69688,CA196 CH617 EN796 GO656 HI704 MA541 MA854 PY917 ST758
23EN73060,CA249 CH639 EN910 GO656 HI875 MA923 PY949 ST758 ST807
23EN73528,CA196 CH617 EN796 GO656 HI704 MA923 PY917 ST807 ST945
23EN74348,BI340 CA196 CH617 EN796 GO656 HI704 MA480 MA854 PY917
23EN75276,CA196 CH617 EN796 GO656 HI704 MA923 PY917 ST807 ST945
23EN76702,BI340 CA196 CH617 EN796 GO656 HI704 MA923 PY917 ST945
23EN76914,CA395 CH656 EN924 GO656 HI910 MA480 MA923 PY962 ST945
23EN79240,CA196 CH617 EN796 GO656 HI704 MA505 MA923 PY917 ST807
23EN82470,BI340 CA395 CH656 EN924 GO656 HI910 MA923 PY962 ST807
23EN85420,CA196 CH617 EN796 GO656 HI704 MA541 MA854 PY917 ST945
23EN85714,CA395 CH656 EN924 GO656 HI910 MA854 PY962 ST807 ST945
23EN86691,CA739 CA843 CH932 GO203 GO656 HI993 MA854 ST334 ST945
23EN86826,CA739 CH932 GO203 GO656 HI993 MA541 MA923 ST334 ST807
23EN90937,CA196 CH617 EN796 GO656 HI704 MA854 PY917 ST758 ST945
23EN91792,CA739 CH932 GO203 GO656 HI993 MA854 ST334 ST758 ST945
23EN93962,BI340 CA739 CH932 GO203 GO656 HI993 MA505 MA854 ST334
23EN95633,BI340 CA739 CA843 CH932 GO203 GO656 HI993 MA854 ST334
23EN96036,BI340 CA196 CA843 CH617 EN796 GO656 HI704 MA854 PY917
23EN96260,CA196 CH617 EN796 GO656 HI704 MA923 PY917 ST758 ST945
23EN96492,CA395 CH656 EN924 GO656 HI910 MA505 MA923 PY962 ST807
23EN97446,BI340 CA739 CH932 GO203 GO656 HI993 MA854 ST334 ST758
23EN97902,CA395 CA843 CH656 EN924 GO656 HI910 MA854 PY962 ST758
23EN98867,CA739 CA843 CH932 GO203 GO656 HI993 MA854 ST334 ST758
23GO03093,CA395 CH656 EN924 GO656 HI910 MA505 MA923 PY962 ST807
23GO03991,CA739 CH932 GO203 GO656 HI993 MA602 MA854 ST334 ST945
23GO04303,CA739 CH932 GO203 GO656 HI993 MA480 MA854 ST334 ST758
23GO06702,CA768 EN159 GO298 GO656 MA123 MA923 ST390 ST758 ST945
23GO06861,CA739 CH932 GO203 GO656 HI993 MA480 MA923 ST334 ST807
23GO07923,CA395 CA843 CH656 EN924 GO656 HI910 MA854 PY962 ST758
23GO12398,CA739 CH932 GO203 GO656 HI993 MA602 MA854 ST334 ST758
23GO18094,BI340 CA739 CH932 GO203 GO656 HI993 MA854 ST334 ST758
23GO19364,CA739 CH932 GO203 GO656 HI993 MA602 MA923 ST334 ST807
23GO19797,BI340 CA739 CA843 CH932 GO203 GO656 HI993 MA854 ST334
23GO21106,CA739 CH932 GO203 GO656 HI993 MA923 ST334 ST807 ST945
23GO21242,CA739 CH932 GO203 GO656 HI993 MA505 MA854 ST334 ST758
23GO27565,CA395 CA843 CH656 EN924 GO656 HI910 MA923 PY962 ST807
23GO28704,CA739 CH932 GO203 GO656 HI993 MA480 MA923 ST334 ST807
23GO29424,CA196 CH617 EN796 GO656 HI704 MA854 PY917 ST758 ST945
23GO29777,CA196 CH617 EN796 GO656 HI704 MA541 MA854 PY917 ST758
23GO30778,BI340 CA739 CH932 GO203 GO656 HI993 MA480 MA854 ST334
23GO34374,BI340 CA739 CH932 GO203 GO656 HI993 MA541 MA923 ST334
23GO36011,BI340 CA395 CH656 EN924 GO656 HI910 MA602 MA854 PY962
23GO38119,BI309 BI632 CH011 EN397 GO651 HI003 MA404 MA845 PY156 ST797 ST890
23GO39243,CA739 CH932 GO203 GO656 HI993 MA480 MA923 ST334 ST807
23GO39850,CA396 CH772 EN969 GO656 HI957 MA923 PY993 ST758 ST807
23GO40125,CA196 CH617 EN796 GO656 HI704 MA541 MA854 PY917 ST758
23GO40920,BI340 CA396 CH772 EN969 GO656 HI957 MA923 PY993 ST807
23GO41218,CA396 CH772 EN969 GO656 HI957 MA505 MA854 PY993 ST758
23GO43534,CA396 CH772 EN969 GO656 HI957 MA505 MA923 PY993 ST807
23GO47669,CA396 CH772 EN969 GO656 HI957 MA923 PY993 ST807 ST945
23GO48579,BI340 CA739 CH932 GO203 GO656 HI993 MA602 MA854 ST334
23GO49339,CA196 CH617 EN796 GO656 HI704 MA541 MA923 PY917 ST758
23GO50446,CA196 CH617 EN796 GO656 HI704 MA505 MA923 PY917 ST758
23GO52833,CA396 CH772 EN969 GO656 HI957 MA505 MA923 PY993 ST807
23GO52990,BI340 CA396 CH772 EN969 HI957 MA505 MA923 PY993 ST807
23GO53426,BI340 CA395 CH656 EN924 GO656 HI910 MA923 PY962 ST807
23GO56593,CA396 CH772 EN969 GO656 HI957 MA923 PY993 ST807 ST945
23GO64552,CA396 CH772 EN969 GO656 HI957 MA923 PY993 ST807 ST945
23GO64883,CA396 CH772 EN969 GO656 HI957 MA923 PY993 ST807 ST945
23GO66609,BI340 CA739 CH932 GO203 GO656 HI993 MA541 MA854 ST334
23GO67029,BI340 CA396 CH772 EN969 GO656 HI957 MA854 PY993 ST758
23GO70625,CA395 CH656 EN924 GO656 HI910 MA923 PY962 ST807 ST945
23GO71613,CA739 CH932 GO203 GO656 HI993 MA923 ST334 ST807 ST945
23GO73154,CA249 CA843 CH639 EN910 GO656 HI875 MA602 MA854 PY949
23GO73889,CA249 CA843 CH639 EN910 GO656 HI875 MA505 MA854 PY949
23GO73996,CA739 CH932 GO203 GO656 HI993 MA480 MA923 ST334 ST807
23GO75172,BI340 CA249 CH639 EN910 GO656 HI875 MA854 PY949 ST758
23GO75185,CA395 CH656 EN924 GO656 HI910 MA923 PY962 ST807 ST945
23GO77912,CA739 CH932 GO203 GO656 HI993 MA505 MA923 ST334 ST807
23GO78187,CA249 CH639 EN910 GO656 HI875 MA602 MA854 PY949 ST758
23GO80721,CA249 CH639 EN910 GO656 HI875 MA541 MA854 PY949 ST945
23GO81518,CA739 CH932 GO203 GO656 HI993 MA923 ST334 ST807 ST945
23GO83440,CA249 CH639 EN910 GO656 HI875 MA480 MA923 PY949 ST758
23GO83492,CA739 CH932 GO203 GO656 HI993 MA923 ST334 ST807 ST945
23GO84372,CA739 CA843 CH932 GO203 GO656 HI993 MA602 MA854 ST334
23GO84373,CA768 CA843 EN159 GO298 GO656 MA123 MA541 MA854 ST390
23GO84899,BI340 CA739 CH932 GO203 GO656 HI993 MA541 MA854 ST334
23GO85571,CA249 CA843 CH639 EN910 GO656 HI875 MA541 MA854 PY949
23GO88157,CA768 EN159 GO298 GO656 MA123 MA505 MA923 ST390 ST807
23GO88920,CA196 CH617 EN796 GO656 HI704 MA602 MA923 PY917 ST758
23GO89403,CA768 EN159 GO298 GO656 MA123 MA923 ST390 ST758 ST807
23GO89444,BI340 CA756 CH996 GO245 GO656 MA112 MA602 MA854 ST351
23GO89787,CA768 EN159 GO298 GO656 MA123 MA541 MA854 ST390 ST758
23GO91669,BI340 CA768 EN159 GO298 GO656 MA123 MA480 MA923 ST390
23GO92929,CA768 EN159 GO298 GO656 MA123 MA541 MA854 ST390 ST945
23GO93428,CA768 EN159 GO298 GO656 MA123 MA923 ST390 ST758 ST807
23GO94247,CA768 EN159 GO298 GO656 MA123 MA505 MA854 ST390 ST758
23GO95189,CA756 CH996 GO245 GO656 MA112 MA602 MA923 ST351 ST758
23GO95819,BI340 CA768 EN159 GO298 GO656 MA123 MA480 MA854 ST390
23GO98203,CA768 EN159 GO298 GO656 MA123 MA602 MA923 ST390 ST807
23GO99627,BI340 CA768 EN159 GO298 GO656 MA123 MA854 ST390 ST758
23HI01155,CA768 EN159 GO298 GO656 MA123 MA505 MA923 ST390 ST807
23HI01999,BI340 CA768 EN159 GO298 GO656 MA123 MA480 MA854 ST390
23HI02914,BI340 CA756 CH996 GO245 GO656 MA112 MA923 ST351 ST945
23HI04623,BI340 CA768 EN159 GO298 GO656 MA123 MA505 MA854 ST390
23HI05040,CA768 EN159 GO298 GO656 MA123 MA854 ST390 ST758 ST945
23HI06200,CA395 CH656 EN924 GO656 HI910 MA602 MA854 PY962 ST758
23HI06525,CA756 CH996 GO245 GO656 MA112 MA505 MA923 ST351 ST945
23HI07143,BI340 CA395 CH656 EN924 GO656 HI910 MA602 MA854 PY962
23HI07489,CA756 CA843 CH996 GO245 GO656 MA112 MA541 MA854 ST351
23HI07555,BI340 CA756 CH996 GO245 GO656 MA112 MA854 ST351 ST758
23HI08252,CA196 CA843 CH617 EN796 GO656 HI704 MA602 MA854 PY917
23HI09738,CA756 CH996 GO245 GO656 MA112 MA505 MA923 ST351 ST758
23HI11016,BI340 CA768 CA843 EN159 GO298 GO656 MA123 MA854 ST390
23HI13109,BI340 CA756 CH996 GO245 GO656 MA112 MA923 ST351 ST807
23HI14587,BI340 CA196 CA843 CH617 EN796 GO656 HI704 MA854 PY917
23HI16546,BI340 CA756 CH996 GO245 GO656 MA112 MA854 ST351 ST758
23HI20462,CA768 EN159 GO298 GO656 MA123 MA480 MA923 ST390 ST807
23HI21641,CA395 CH656 EN924 GO656 HI910 MA923 PY962 ST758 ST807
23HI23742,CA756 CH996 GO245 GO656 MA112 MA923 ST351 ST758 ST807
23HI24005,CA756 CH996 GO245 GO656 MA112 MA923 ST351 ST758 ST807
23HI33507,CA739 CH932 GO203 GO656 HI993 MA480 MA923 ST334 ST807
23HI37078,CA249 CH639 EN910 GO656 HI875 MA480 MA923 PY949 ST807
23HI37588,CA739 CH932 GO203 GO656 HI993 MA541 MA923 ST334 ST807
23HI37834,CA756 CH996 GO245 GO656 MA112 MA923 ST351 ST807 ST945
23HI39441,CA249 CH639 EN910 GO656 HI875 MA923 PY949 ST807 ST945
23HI40391,CA768 EN159 GO298 GO656 MA123 MA923 ST390 ST807 ST945
23HI44335,BI340 CA768 EN159 GO298 GO656 MA123 MA923 ST390 ST807
23HI50213,BI340 CA756 CH996 GO245 GO656 MA112 MA923 ST351 ST807
23HI50687,BI340 CA249 CH639 EN910 GO656 HI875 MA854 PY949 ST758
23HI52189,CA768 CA843 EN159 GO298 GO656 MA123 MA854 ST390 ST758
23HI52240,BI340 CA249 CH639 EN910 GO656 HI875 MA480 MA854 PY949
23HI53428,BI340 CA768 EN159 GO298 GO656 MA123 MA480 MA854 ST390
23HI55233,CA756 CH996 GO245 GO656 MA112 MA602 MA854 ST351 ST758
23HI55716,CA756 CH996 GO245 GO656 MA112 MA541 MA923 ST351 ST807
23HI59371,CA768 EN159 GO298 GO656 MA123 MA923 ST390 ST758 ST807
23HI59678,BI340 CA756 CA843 CH996 GO245 GO656 MA112 MA854 ST351
23HI60750,BI340 CA756 CH996 GO245 GO656 MA112 MA854 ST351 ST758
23HI60757,BI340 CA756 CH996 GO245 GO656 MA112 MA854 ST351 ST758
23HI61341,CA395 CH656 EN924 GO656 HI910 MA923 PY962 ST758 ST807
23HI61513,BI340 CA395 CH656 EN924 GO656 HI910 MA854 PY962 ST758
23HI62179,CA768 EN159 GO298 GO656 MA123 MA480 MA923 ST390 ST758
23HI62698,CA756 CA843 CH996 GO245 GO656 MA112 MA505 MA854 ST351
23HI64733,CA756 CH996 GO245 GO656 MA112 MA541 MA923 ST351 ST945
23HI65304,CA756 CH996 GO245 GO656 MA112 MA923 ST351 ST807 ST945
23HI66320,BI340 CA768 EN159 GO298 GO656 MA123 MA854 ST390 ST758
23HI66913,BI340 CA756 CH996 GO245 GO656 MA112 MA505 MA854 ST351
23HI69690,CA756 CH996 GO245 GO656 MA112 MA923 ST351 ST807 ST945
23HI71509,CA756 CA843 CH996 GO245 GO656 MA112 MA480 MA854 ST351
23HI72221,CA768 EN159 GO298 GO656 MA123 MA541 MA923 ST390 ST945
23HI72341,CA768 EN159 GO298 GO656 MA123 MA541 MA923 ST390 ST758
23HI72399,BI340 CA768 EN159 GO298 GO656 MA123 MA854 ST390 ST758
23HI73159,BI340 CA768 EN159 GO298 GO656 MA123 MA480 MA923 ST390
23HI73207,CA756 CH996 GO245 GO656 MA112 MA923 ST351 ST758 ST807
23HI73532,BI340 CA196 CH617 EN796 HI704 MA923 PY917 ST807 ST945
23HI74790,CA768 CA843 EN159 GO298 GO656 MA123 MA854 ST390 ST758
23HI75924,CA756 CH996 GO245 GO656 MA112 MA505 MA923 ST351 ST945
23HI75980,CA756 CH996 GO245 GO656 MA112 MA923 ST351 ST758 ST945
23HI77556,BI340 CA756 CH996 GO245 GO656 MA112 MA602 MA854 ST351
23HI84673,CA756 CA843 CH996 GO245 GO656 MA112 MA602 MA854 ST351
23HI84969,CA768 EN159 GO298 GO656 MA123 MA923 ST390 ST758 ST945
23HI85871,CA768 EN159 GO298 GO656 MA123 MA541 MA854 ST390 ST758
23HI86204,BI340 CA756 CH996 GO245 GO656 MA112 MA923 ST351 ST758
23HI89669,CA756 CH996 GO245 GO656 MA112 MA923 ST351 ST807 ST945
23HI89842,CA196 CH617 EN796 GO656 HI704 MA505 MA923 PY917 ST945
23HI91915,BI340 CA756 CH996 GO245 GO656 MA112 MA602 MA854 ST351
23HI92584,BI340 CA768 EN159 GO298 GO656 MA123 MA505 MA923 ST390
23HI92863,CA756 CH996 GO245 GO656 MA112 MA541 MA923 ST351 ST807
23HI93942,BI340 CA756 CA843 CH996 GO245 GO656 MA112 MA854 ST351
23MA01190,BI340 CA756 CH996 GO245 GO656 MA112 MA854 ST351 ST807
23MA03636,CA635 CH901 GO092 GO656 HI984 MA923 ST323 ST807 ST945
23MA03847,CA545 CH816 GO043 GO656 HI977 MA480 MA923 ST294 ST807
23MA05251,CA545 CH816 GO043 GO656 HI977 MA505 MA923 ST294 ST807
23MA05958,BI340 CA635 CA843 CH901 GO092 GO656 HI984 MA854 ST323
23MA06414,BI340 CA545 CH816 GO043 GO656 HI977 MA541 MA854 ST294
23MA07056,CA635 CH901 GO092 GO656 HI984 MA480 MA923 ST323 ST758
23MA08597,CA635 CH901 GO092 GO656 HI984 MA923 ST323 ST807 ST945
23MA11329,CA545 CH816 GO043 GO656 HI977 MA480 MA923 ST294 ST758
23MA13004,CA635 CH901 GO092 GO656 HI984 MA923 ST323 ST758 ST807
23MA13825,BI340 CA635 CH901 GO092 GO656 HI984 MA923 ST323 ST807
23MA19395,CA545 CH816 GO043 GO656 HI977 MA854 ST294 ST758 ST945
23MA20057,BI340 CA545 CH816 GO043 GO656 HI977 MA602 MA854 ST294
23MA22234,CA635 CH901 GO092 GO656 HI984 MA854 ST323 ST758 ST945
23MA24404,BI340 CA635 CH901 GO092 GO656 HI984 MA480 MA854 ST323
23MA26040,CA545 CH816 GO043 GO656 HI977 MA505 MA923 ST294 ST945
23MA26307,BI340 CA635 CH901 GO092 GO656 HI984 MA602 MA854 ST323
23MA26870,BI340 CA635 CH901 GO092 GO656 HI984 MA602 MA854 ST323
23MA29039,CA545 CH816 GO043 GO656 HI977 MA602 MA854 ST294 ST758
23MA29095,CA635 CA843 CH901 GO092 GO656 HI984 MA923 ST323 ST758
23MA29994,CA545 CH816 GO043 GO656 HI977 MA505 MA923 ST294 ST758
23MA30687,CA635 CA843 CH901 GO092 GO656 HI984 MA480 MA854 ST323
23MA37002,CA545 CH816 GO043 GO656 HI977 MA480 MA923 ST294 ST807
23MA40157,BI340 CA635 CH901 GO092 GO656 HI984 MA541 MA923 ST323
23MA41360,CA545 CH816 GO043 GO656 HI977 MA602 MA923 ST294 ST758
23MA41908,CA635 CA843 CH901 GO092 GO656 HI984 MA541 MA854 ST323
23MA44517,BI340 CA545 CH816 GO043 GO656 HI977 MA602 MA923 ST294
23MA45071,CA545 CA843 CH816 GO043 GO656 HI977 MA923 ST294 ST758
23MA45194,CA545 CH816 GO043 GO656 HI977 MA480 MA923 ST294 ST758
23MA46617,CA545 CH816 GO043 GO656 HI977 MA480 MA923 ST294 ST758
23MA46674,BI340 CA635 CH901 GO092 GO656 HI984 MA923 ST323 ST807
23MA48266,BI340 CA635 CA843 CH901 GO092 GO656 HI984 MA923 ST323
23MA48547,CA545 CH816 GO043 GO656 HI977 MA480 MA854 ST294 ST758
23MA50044,BI340 CA545 CH816 GO043 GO656 HI977 MA541 MA854 ST294
23MA52344,CA635 CA843 CH901 GO092 GO656 HI984 MA541 MA854 ST323
23MA52607,CA545 CH816 GO043 GO656 HI977 MA480 MA923 ST294 ST807
23MA53111,BI340 CA635 CH901 GO092 GO656 HI984 MA480 MA923 ST323
23MA53630,CA635 CH901 GO092 GO656 HI984 MA480 MA923 ST323 ST945
23MA55166,CA545 CH816 GO043 GO656 HI977 MA480 MA923 ST294 ST945
23MA55753,BI340 CA545 CA843 CH816 GO043 GO656 HI977 MA854 ST294
23MA58154,CA635 CA843 CH901 GO092 GO656 HI984 MA480 MA923 ST323
23MA58596,BI423 EN293 GO572 GO715 MA516 MA746 PY106 ST782
23MA59176,BI423 CA906 GO572 GO715 MA399 MA746 PY106 ST782
23MA59219,BI423 CA906 GO336 GO715 MA399 MA707 PY106 ST782
23MA60826,BI423 EN293 GO622 GO715 MA399 MA707 PY106 ST521
23MA65348,BI501 CA906 GO952 MA746 PY031 ST521 ST782 ST872
23MA65666,BI423 EN293 GO572 GO715 MA746 PY106 ST521 ST782
23MA69113,BI423 EN293 GO572 GO715 MA516 MA746 PY106 ST782
23MA70097,BI476 EN293 GO572 GO715 MA516 MA746 PY106 ST782
23MA70537,BI423 EN293 GO622 GO715 MA516 MA707 PY106 ST872
23MA71847,BI423 CA906 GO572 GO715 MA746 PY106 ST434 ST782
23MA71895,BI423 CA906 GO572 GO715 MA322 MA707 PY106 ST782
23MA74792,BI423 EN293 GO572 GO715 MA707 PY031 ST782 ST872
23MA78359,BI423 CA906 GO572 GO715 MA322 MA746 PY106 ST434
23MA79249,BI423 CA906 GO336 GO715 MA707 PY106 ST521 ST872
23MA79286,BI423 EN293 GO572 GO715 MA746 PY106 ST434 ST782
23MA79469,CA249 CH639 EN910 GO656 HI875 MA854 PY949 ST758 ST945
23MA83567,BI340 CA249 CH639 EN910 GO656 HI875 MA541 MA854 PY949
23MA84016,BI423 EN293 GO572 GO715 MA322 MA746 PY106 ST782
23MA85670,BI423 CA906 GO572 GO715 MA399 MA746 PY106 ST521
23MA90259,BI423 EN293 GO572 GO715 MA746 PY106 ST782 ST872
23MA90601,BI423 CA906 GO572 GO715 MA746 PY106 ST434 ST782
23MA92802,BI423 EN293 GO572 GO715 MA399 MA746 PY106 ST782
23MA95613,BI423 EN293 GO572 GO715 MA746 PY106 ST434 ST782
23MA97041,BI423 CA906 GO572 GO715 MA707 PY106 ST521 ST782
23MA97955,BI128 BI423 EN293 GO572 GO715 MA516 MA707 PY106
23MA98218,BI423 EN293 GO572 GO715 MA516 MA707 PY106 ST434
23MA98848,BI128 BI423 EN293 GO572 GO715 MA707 PY106 ST521
23PY02007,BI423 EN293 GO572 GO715 MA516 MA707 PY106 ST521
23PY03497,BI423 EN293 GO572 GO715 MA399 MA707 PY106 ST782
23PY04121,BI423 EN293 GO572 GO715 MA746 PY106 ST782 ST872
23PY05706,BI423 CA906 GO572 GO715 MA707 PY106 ST434 ST872
23PY05808,BI128 BI423 CA906 GO572 GO715 MA707 PY106 ST521
23PY07259,BI423 CA906 GO572 GO715 MA746 PY106 ST521 ST782
23PY10038,CA196 CH617 EN796 GO656 HI704 MA602 MA854 PY917 ST758
23PY10743,BI501 EN293 GO572 GO715 MA746 PY106 ST434 ST521
23PY11992,BI423 EN293 GO572 GO715 MA746 PY106 ST521 ST782
23PY13636,BI423 CA906 GO572 GO715 MA516 MA746 PY106 ST434
23PY15717,BI423 CA906 GO572 GO715 MA746 PY106 ST434 ST521
23PY16739,BI423 CA906 GO572 GO715 MA516 MA746 PY106 ST434
23PY17374,BI423 EN293 GO572 GO715 MA707 PY106 ST434 ST521
23PY18037,BI501 CA906 GO572 GO952 MA516 MA707 PY106 ST521
23PY18150,BI368 CA846 GO659 MA746 PY031 ST521 ST782 ST872
23PY18302,BI128 BI423 CA906 GO572 GO715 MA707 PY106 ST521
23PY18467,BI423 CA906 GO572 GO715 MA399 MA746 PY106 ST872
23PY19903,BI423 EN293 GO572 GO715 MA322 MA746 PY106 ST782
23PY21776,BI423 EN293 GO572 GO715 MA707 PY106 ST521 ST872
23PY22263,BI423 CA906 GO572 GO659 MA707 PY031 ST434 ST521
23PY23693,BI050 BI501 CA906 GO336 GO952 MA322 MA707 PY031
23PY25061,BI423 EN293 GO336 GO715 MA399 MA746 PY106 ST782
23PY26428,BI423 CA906 GO572 GO715 MA746 PY106 ST521 ST782
23PY28164,BI128 BI423 EN293 GO572 GO873 MA322 MA707 PY106
23PY30469,BI476 EN293 GO622 GO715 MA516 MA707 PY135 ST521
23PY33210,BI423 CA906 GO336 GO715 MA746 PY106 ST782 ST872
23PY33467,BI050 BI423 CA906 GO622 GO715 MA707 PY106 ST521
23PY34334,BI423 EN293 GO622 GO715 MA322 MA707 PY106 ST434
23PY36100,BI423 CA906 GO572 GO715 MA746 PY106 ST521 ST782
23PY38937,BI423 EN293 GO572 GO715 MA746 PY106 ST521 ST782
23PY41585,BI368 EN251 GO659 MA322 MA707 PY031 ST507 ST782
23PY41653,BI128 BI423 CA906 GO572 GO715 MA746 PY031 ST782
23PY42124,BI423 CA906 GO572 GO715 MA746 PY106 ST782 ST872
23PY42862,BI423 CA906 GO572 GO715 MA516 MA746 PY106 ST434
23PY44627,BI501 EN293 GO572 GO952 MA322 MA707 PY106 ST782
23PY46460,BI423 CA906 GO572 GO715 MA322 MA746 PY106 ST521
23PY46703,BI050 BI368 EN251 GO659 MA746 PY031 ST782 ST872
23PY48676,BI501 CA906 GO952 MA399 MA746 PY031 ST521 ST782
23PY48686,BI128 BI423 EN293 GO572 GO715 MA746 PY106 ST782
23PY48757,BI423 CA906 GO336 GO715 MA399 MA746 PY106 ST521
23PY51529,BI050 BI423 CA906 GO715 MA746 PY106 ST521 ST782
23PY56444,BI476 CA906 GO572 GO715 MA322 MA746 PY135 ST434
23PY59160,BI501 CA906 GO336 GO952 MA746 PY106 ST782 ST872
23PY59983,BI423 CA906 GO572 GO715 MA746 PY106 ST434 ST782
23PY62817,BI423 EN293 GO572 GO715 MA516 MA707 PY106 ST872
23PY64355,BI128 BI423 EN293 GO572 GO715 MA707 PY031 ST782
23PY66198,BI501 CA906 GO952 MA399 MA707 PY031 ST521 ST872
23PY66880,BI050 BI423 CA906 GO336 GO659 MA707 PY106 ST521
23PY67038,BI050 BI423 EN293 GO572 GO715 MA746 PY031 ST521
23PY67171,BI423 EN293 GO622 GO715 MA516 MA707 PY106 ST872
23PY69134,BI423 CA906 GO572 GO715 MA746 PY106 ST434 ST782
23PY72509,BI423 EN293 GO622 GO715 MA322 MA707 PY106 ST521
23PY75093,BI423 CA906 GO715 MA322 MA746 PY106 ST521 ST782
23PY76125,BI423 EN293 GO622 GO715 MA746 PY106 ST434 ST521
23PY78417,BI476 CA906 GO622 GO873 MA322 MA746 PY135 ST782
23PY81535,BI050 BI501 CA906 GO952 MA399 MA746 PY031 ST782
23PY81896,BI423 EN293 GO622 GO715 MA516 MA707 PY135 ST872
23PY82777,BI128 BI423 CA906 GO572 GO715 MA707 PY106 ST521
23PY85402,BI423 CA906 GO572 GO715 MA746 PY106 ST434 ST782
23PY85576,BI423 CA906 GO622 GO873 MA516 MA707 PY106 ST521
23PY86924,BI423 CA906 GO572 GO715 MA516 MA707 PY106 ST434
23PY92772,BI423 EN293 GO622 GO715 MA322 MA707 PY106 ST521
23PY94475,BI423 CA906 GO572 GO715 MA399 MA707 PY106 ST521
23PY95330,BI423 CA906 GO572 GO659 MA322 MA746 PY031 ST782
23PY95610,BI128 BI476 EN293 GO572 GO873 MA516 MA707 PY135
23PY97518,BI423 EN293 GO572 GO715 MA399 MA746 PY106 ST782
23PY98155,BI050 BI423 EN293 GO572 GO715 MA707 PY135 ST872
23PY99350,BI476 CA906 GO622 GO873 MA516 MA707 PY135 ST872
23ST00603,BI423 CA906 GO622 GO873 MA516 MA746 PY106 ST521
23ST02311,BI476 CA906 GO572 GO873 MA516 MA746 PY135 ST434
23ST03586,BI050 BI423 CA906 GO715 MA746 PY106 ST434 ST782
23ST03826,BI128 BI423 EN293 GO572 GO715 MA746 PY106 ST782
23ST05602,BI476 CA906 GO622 GO873 MA399 MA707 PY135 ST434
23ST06549,BI423 CA906 GO336 GO659 MA707 PY106 ST521 ST872
23ST06719,BI423 EN293 GO336 GO659 MA746 PY106 ST521 ST782
23ST08423,BI050 BI476 EN293 GO622 GO873 MA322 MA707 PY135
23ST09468,BI128 BI423 EN293 GO572 GO715 MA746 PY106 ST782
23ST10859,BI476 CA906 GO622 GO873 MA322 MA707 PY135 ST521
23ST11342,BI476 CA906 GO622 GO873 MA322 MA707 PY135 ST872
23ST11610,BI476 EN293 GO622 GO873 MA322 MA707 PY135 ST521
23ST12402,BI423 CA906 GO572 GO715 MA399 MA746 PY106 ST521
23ST14994,BI423 CA906 GO715 MA746 PY106 ST434 ST521 ST782
23ST17341,BI476 EN293 GO622 GO873 MA707 PY135 ST521 ST872
23ST17496,BI476 CA906 GO572 GO873 MA516 MA707 PY135 ST782
23ST17915,BI128 BI476 EN293 GO572 GO873 MA516 MA707 PY135
23ST18170,BI476 CA906 GO572 GO873 MA322 MA746 PY135 ST782
23ST18737,BI050 BI423 EN293 GO572 GO715 MA707 PY106 ST782
23ST19186,BI423 CA906 GO336 GO715 MA746 PY106 ST434 ST782
23ST20383,BI423 EN293 GO622 GO715 MA516 MA707 PY106 ST782
23ST22971,BI476 EN293 GO622 GO873 MA516 MA707 PY135 ST434
23ST25714,BI423 EN293 GO572 GO715 MA322 MA707 PY106 ST434
23ST28216,BI423 EN293 GO572 GO715 MA746 PY106 ST521 ST782
23ST29587,BI423 EN293 GO572 GO715 MA399 MA746 PY106 ST782
23ST31671,BI423 CA906 GO622 GO715 MA322 MA746 PY106 ST521
23ST33840,BI423 CA906 GO572 GO715 MA399 MA746 PY106 ST782
23ST35015,BI423 EN293 GO622 GO715 MA516 MA707 PY106 ST521
23ST35579,BI423 CA906 GO572 GO715 MA746 PY106 ST521 ST782
23ST36097,BI423 EN293 GO572 GO715 MA516 MA707 PY106 ST521
23ST37172,BI128 BI423 EN293 GO572 GO715 MA516 MA707 PY106
23ST39001,BI476 EN293 GO572 GO715 MA399 MA746 PY106 ST521
23ST39931,BI476 CA906 GO572 GO873 MA322 MA746 PY135 ST782
23ST41071,BI423 CA906 GO622 GO715 MA399 MA707 PY106 ST521
23ST46060,BI476 CA906 GO572 GO873 MA399 MA746 PY135 ST521
23ST48701,BI476 CA906 GO622 GO873 MA322 MA707 PY135 ST521
23ST50069,BI423 CA906 GO572 GO715 MA746 PY106 ST521 ST782
23ST51551,BI423 CA906 GO622 GO715 MA322 MA707 PY106 ST521
23ST53438,BI476 CA906 GO622 GO873 MA746 PY135 ST521 ST782
23ST53609,BI423 CA906 GO572 GO715 MA516 MA746 PY106 ST872
23ST53868,BI476 EN293 GO572 GO873 MA322 MA746 PY135 ST521
23ST53893,BI423 CA906 GO572 GO715 MA322 MA746 PY106 ST782
23ST54623,BI423 CA906 GO572 GO715 MA746 PY106 ST521 ST782
23ST55017,BI423 CA906 GO572 GO715 MA746 PY106 ST434 ST521
23ST56946,BI128 BI423 CA906 GO572 GO715 MA707 PY106 ST434
23ST57754,BI423 CA906 GO572 GO715 MA322 MA746 PY106 ST521
23ST60537,BI476 EN293 GO622 GO873 MA322 MA707 PY135 ST872
23ST60808,BI476 CA906 GO572 GO873 MA746 PY135 ST782 ST872
23ST63654,BI128 BI423 CA906 GO572 GO715 MA707 PY106 ST521
23ST64173,BI423 CA906 GO572 GO715 MA707 PY106 ST434 ST782
23ST65935,BI128 BI423 CA906 GO572 GO715 MA707 PY106 ST521
23ST67248,BI128 BI423 CA906 GO622 GO715 MA707 PY106 ST521
23ST70757,BI128 BI476 CA906 GO572 GO873 MA746 PY135 ST782
23ST71423,BI128 BI423 EN293 GO572 GO715 MA707 PY106 ST872
23ST71936,BI423 CA906 GO572 GO715 MA746 PY106 ST521 ST782
23ST72262,BI423 EN293 GO622 GO715 MA516 MA707 PY106 ST521
23ST72567,BI423 EN293 GO715 MA746 PY106 ST434 ST782 ST872
23ST77469,BI476 CA906 GO336 GO873 MA746 PY135 ST434 ST782
23ST77966,BI423 EN293 GO572 GO715 MA746 PY106 ST434 ST782
23ST80113,BI050 BI423 CA906 GO336 GO715 MA746 PY106 ST782
23ST84496,BI423 EN293 GO572 GO715 MA746 PY106 ST521 ST782
23ST86571,BI128 BI423 CA906 GO715 MA707 PY106 ST434 ST521
23ST87680,BI128 BI423 CA906 GO572 GO715 MA399 MA707 PY106
23ST89354,BI128 BI423 CA906 GO622 GO873 MA322 MA707 PY106
23ST93035,BI423 EN293 GO572 GO715 MA322 MA707 PY106 ST521
23ST94765,BI423 EN293 GO622 GO715 MA516 MA707 PY106 ST521
23ST95578,BI423 CA906 GO572 GO715 MA322 MA707 PY106 ST521
23ST98673,BI128 BI476 CA906 GO622 GO873 MA516 MA746 PY135
