courseId,Room1,Room2,Room3,Room4,Room5,Room6,Room7,Room8,Room9,Room10,Room11,Room12,Room13,Room14,Room15,Room16,Room17,Room18,Room19,Room20,Room21,Room22,Room23,Room24,Room25
BI025,0,0,0,0,0,0,0,0,0,0,0,0,1,3,2,3,1,2,2,1,5,1,3,2,3
BI045,0,0,0,0,0,0,0,0,0,0,0,0,3,3,4,0,0,4,3,4,1,2,3,2,4
BI049,0,0,0,0,0,0,0,0,0,0,0,0,0,0,0,0,0,3,4,4,4,3,1,3,3
BI060,0,0,0,0,0,0,0,0,0,0,0,0,5,4,5,0,3,4,3,4,2,3,2,2,1
BI066,1,5,2,3,4,3,2,4,3,4,4,5,3,3,3,1,4,2,3,4,3,3,3,4,3
BI086,0,0,0,0,0,0,0,0,0,0,0,0,1,0,0,4,3,3,5,4,5,3,2,1,4
BI102,2,0,3,0,3,0,3,3,0,4,5,4,3,0,0,0,3,3,3,3,3,2,4,2,1
BI103,3,3,0,2,0,3,0,0,3,0,4,0,3,3,5,1,0,4,3,1,5,3,3,2,3
BI105,0,0,0,0,0,0,0,0,0,0,0,0,1,0,0,0,3,4,2,3,1,3,3,3,3
BI167,3,2,3,1,4,5,5,4,3,4,2,3,3,3,4,2,3,5,1,3,5,3,3,2,3
BI174,4,3,3,0,1,0,3,3,0,3,5,3,2,0,0,3,4,3,4,3,2,3,2,5,4
BI188,3,0,0,0,3,2,3,1,0,3,2,0,2,2,2,0,0,3,1,1,3,4,4,1,3
BI190,5,3,0,2,5,4,5,3,3,5,2,0,4,4,5,2,0,4,1,3,2,3,5,3,4
BI212,5,3,4,3,4,2,5,2,3,4,3,3,3,4,2,1,2,3,2,3,3,1,3,4,2
BI227,3,0,3,4,0,3,1,3,3,0,0,0,3,0,5,0,3,4,4,3,3,3,5,3,1
BI252,4,3,1,3,3,4,2,4,3,1,5,3,2,3,4,3,2,2,2,4,3,2,2,3,5
BI259,0,0,0,0,0,0,0,0,0,0,0,0,0,0,0,0,0,3,3,3,1,4,1,4,4
BI309,3,3,3,3,4,4,3,3,5,5,3,3,2,5,2,3,2,2,3,5,1,3,1,2,3
BI336,3,0,3,0,0,5,5,3,0,0,1,0,5,0,2,0,3,1,2,3,3,4,5,2,3
BI337,0,0,0,0,0,0,0,0,0,0,0,0,3,3,4,2,3,3,3,4,3,4,3,3,4
BI370,0,0,0,0,0,0,0,0,0,0,0,0,3,0,0,4,3,1,3,3,4,2,5,5,2
BI375,3,4,5,3,0,3,3,2,4,0,1,0,3,0,3,3,2,3,5,3,3,3,5,2,3
BI387,4,3,1,3,1,3,4,2,4,1,4,3,2,2,5,1,2,3,3,3,2,2,2,2,3
BI425,4,2,3,3,0,0,0,2,1,3,0,3,4,4,4,3,3,3,1,4,1,3,3,3,4
BI446,0,0,0,0,0,0,0,0,0,0,0,0,4,3,2,0,3,3,4,3,3,3,1,2,3
BI457,3,2,3,3,0,0,0,5,4,4,0,4,4,4,2,3,4,3,3,3,3,1,3,1,3
BI496,2,3,2,0,4,0,2,2,0,3,3,2,3,0,0,3,1,2,1,2,2,2,3,5,3
BI518,4,4,2,4,0,3,0,0,2,0,5,0,3,4,4,5,5,1,4,3,3,2,3,5,5
BI544,3,1,3,4,0,3,0,0,3,0,3,0,3,0,5,3,3,3,3,3,4,2,3,2,3
BI547,1,3,4,0,0,0,0,0,0,0,3,0,4,0,0,2,2,5,4,4,1,4,3,3,3
BI558,1,4,3,2,2,2,1,3,4,1,1,3,4,3,3,3,2,1,4,3,3,4,3,2,3
BI563,2,0,3,0,0,3,2,2,0,3,0,4,4,4,1,0,4,2,3,3,5,1,3,2,4
BI564,2,2,3,5,0,2,0,0,5,0,3,0,2,3,3,4,3,3,3,5,2,2,3,3,2
BI570,5,2,0,2,0,0,0,5,3,0,0,0,2,0,1,2,0,3,4,2,2,3,2,1,2
BI572,5,4,0,3,0,0,0,3,2,0,0,0,3,0,5,2,0,3,5,5,3,2,4,2,4
BI601,5,0,0,3,0,0,0,5,5,2,0,0,2,1,2,0,0,4,2,4,1,3,3,2,4
BI624,2,3,3,3,0,1,5,2,4,0,2,0,3,0,5,3,4,2,5,5,2,2,2,2,4
BI628,3,1,3,0,0,0,0,0,0,0,1,0,2,0,0,3,4,3,4,4,2,3,3,1,3
BI637,3,5,3,4,0,0,0,4,3,3,0,3,2,1,1,4,2,2,4,3,3,2,5,4,4
BI641,0,0,0,0,0,0,0,0,0,0,0,0,4,2,4,3,2,2,3,4,3,2,4,3,3
BI661,3,2,3,3,5,3,3,3,5,4,3,4,3,3,2,3,2,5,3,5,3,3,3,2,3
BI666,1,3,3,4,2,2,3,5,4,3,3,1,5,3,2,3,2,5,2,3,2,4,4,3,3
BI672,4,0,3,0,0,3,0,0,0,0,2,0,2,1,4,0,3,3,1,3,4,2,2,4,3
BI676,1,0,0,0,0,0,0,5,0,4,0,0,5,1,5,0,0,2,4,4,2,5,1,2,3
BI687,0,0,0,0,0,0,0,0,0,0,0,0,3,0,0,1,3,3,4,3,2,3,2,4,3
BI695,2,0,3,0,0,2,0,0,0,0,3,0,2,3,3,0,3,4,4,1,1,2,4,2,4
BI704,2,3,3,4,2,3,2,4,4,2,4,3,2,3,2,4,4,2,3,4,5,3,5,3,3
BI723,0,0,0,0,0,0,0,0,0,0,0,0,0,0,0,0,0,3,2,3,3,1,3,3,3
BI735,3,3,5,3,2,2,3,4,2,4,1,3,4,3,3,2,4,1,4,2,4,3,4,3,5
BI736,0,0,0,0,0,0,0,0,0,0,0,0,3,5,2,3,1,2,1,5,4,4,3,3,2
BI747,0,0,0,0,0,0,0,0,0,0,0,0,3,2,4,4,0,3,3,3,5,3,3,1,1
BI760,0,0,0,0,0,0,0,0,0,0,0,0,3,5,1,0,1,3,1,4,3,3,3,2,2
BI766,3,0,0,2,0,1,4,4,2,2,0,0,3,4,5,0,0,2,4,2,1,4,3,5,3
BI783,1,5,0,0,0,0,0,2,0,3,0,0,2,0,0,2,0,4,2,3,2,3,2,5,4
BI807,0,0,0,0,0,0,0,0,0,0,0,0,1,0,0,4,3,2,4,4,1,3,2,3,1
BI814,0,0,0,0,0,0,0,0,0,0,0,0,5,1,3,0,0,5,1,3,3,3,2,3,4
BI841,2,4,3,0,4,0,3,4,0,5,3,2,3,0,0,4,4,3,1,4,3,4,3,3,4
BI846,0,0,0,0,0,0,0,0,0,0,0,0,4,3,3,1,3,3,3,3,1,2,5,3,3
BI861,0,0,0,0,0,0,0,0,0,0,0,0,0,0,0,0,0,0,0,3,4,1,3,1,3
BI868,0,0,0,0,0,0,0,0,0,0,0,0,3,2,3,4,3,3,5,5,2,1,4,4,5
BI873,4,0,3,0,0,0,0,0,0,0,3,0,3,0,0,0,2,3,3,3,4,3,4,2,4
BI876,1,0,3,0,0,0,0,0,0,0,2,0,3,0,0,0,5,3,1,2,3,2,5,4,2
BI882,3,4,0,4,3,4,3,3,2,2,3,0,1,4,1,3,0,5,3,1,3,4,5,3,3
BI890,5,0,3,0,0,0,0,0,0,0,0,0,3,0,0,0,3,4,3,5,4,5,3,2,3
BI905,2,3,3,3,0,2,3,5,3,0,4,0,2,0,2,5,2,3,1,2,4,2,1,3,1
BI929,1,0,4,0,0,3,1,4,0,0,0,0,4,0,5,0,2,2,4,2,1,5,1,4,3
BI946,4,0,5,5,0,0,0,3,4,0,0,0,4,0,2,0,1,3,3,2,3,3,3,3,1
BI952,4,4,0,1,0,5,0,0,2,0,2,0,3,3,3,3,0,1,1,4,1,4,5,2,3
BI959,3,4,5,4,1,3,3,3,1,2,4,3,3,3,4,4,2,2,2,5,3,3,3,3,4
BI961,3,2,0,3,0,0,0,4,2,1,0,0,2,3,3,4,0,3,3,3,4,2,4,3,3
BI964,3,3,2,0,3,0,3,5,0,1,3,4,4,0,0,2,3,4,4,3,4,1,4,3,2
BI967,0,0,0,0,0,0,0,0,0,0,0,0,3,4,2,2,3,4,2,1,2,4,3,2,3
BI989,3,3,2,4,3,3,1,3,3,3,1,4,2,3,4,3,4,3,3,4,2,3,4,3,3
BI990,3,4,0,0,0,0,0,0,0,0,4,0,1,0,0,2,0,1,4,3,3,1,3,1,5
CA047,0,0,0,0,0,0,0,0,0,0,0,0,2,0,0,3,5,3,1,5,3,2,3,3,1
CA052,0,0,0,0,0,0,0,0,0,0,0,0,5,0,0,3,2,4,3,2,3,2,4,3,5
CA063,1,0,3,0,0,0,0,0,0,0,0,0,3,3,3,0,2,5,3,1,3,1,2,2,3
CA089,3,4,4,0,3,0,4,1,0,4,3,2,2,0,0,4,3,3,5,5,2,4,2,2,3
CA098,0,0,0,0,0,0,0,0,0,0,0,0,2,2,1,5,2,3,3,3,1,2,5,5,4
CA127,1,0,3,2,0,3,1,5,5,1,0,3,3,2,3,0,3,1,3,3,4,3,2,2,4
CA205,2,0,0,0,3,5,5,2,0,2,3,0,5,5,3,0,0,4,1,3,3,2,2,1,3
CA206,0,0,0,0,0,0,0,0,0,0,0,0,3,5,3,3,5,1,2,3,3,1,3,3,3
CA207,3,0,1,3,0,5,0,0,4,0,0,0,4,0,1,0,4,2,2,4,1,4,3,3,1
CA212,4,0,3,0,0,5,3,3,0,0,0,0,4,0,3,0,2,3,1,3,3,3,4,4,4
CA225,1,0,3,0,4,4,3,3,0,2,1,5,2,2,1,0,3,3,5,3,3,1,2,4,4
CA229,3,0,3,1,0,0,0,4,2,2,0,4,2,1,3,0,3,4,5,4,3,3,1,5,3
CA232,2,3,2,3,0,3,4,2,3,0,3,0,3,0,2,5,3,4,1,2,3,4,3,5,3
CA237,3,2,4,2,0,0,0,3,3,0,0,0,1,0,2,2,3,3,3,1,3,2,3,3,3
CA262,4,0,0,0,3,3,1,3,0,3,1,0,5,3,2,0,0,4,1,2,4,1,2,5,3
CA319,2,1,1,2,0,0,0,0,3,0,0,0,4,1,3,3,5,2,3,4,3,3,1,2,3
CA330,5,2,3,3,2,3,4,4,3,3,2,5,2,4,2,5,4,4,2,3,3,4,2,5,4
CA349,2,0,3,0,0,3,4,3,0,0,4,0,4,0,2,0,3,4,3,4,1,3,5,4,2
CA355,0,0,0,0,0,0,0,0,0,0,0,0,3,0,0,4,3,2,4,5,5,3,2,3,2
CA356,0,0,0,0,0,0,0,0,0,0,0,0,0,0,0,0,0,2,2,3,4,5,4,2,5
CA362,0,0,0,0,0,0,0,0,0,0,0,0,0,0,0,0,0,3,4,2,4,4,5,2,5
CA366,3,3,1,1,4,3,2,2,3,1,4,1,2,3,3,3,3,5,3,1,3,4,3,1,4
CA378,3,3,1,2,0,2,3,3,2,0,4,0,1,0,3,2,5,2,3,3,3,2,3,2,4
CA397,1,5,4,0,4,0,5,3,0,3,1,5,1,0,0,5,2,3,3,4,1,2,2,4,2
CA398,3,2,4,5,0,3,2,1,2,0,3,0,3,0,3,3,2,3,3,4,5,3,1,3,3
CA446,2,0,5,5,0,4,0,0,3,0,0,0,3,3,2,0,3,3,1,3,2,1,3,3,3
CA455,1,0,2,0,3,3,3,1,0,2,3,3,1,4,3,0,1,2,4,3,2,1,3,3,3
CA469,3,2,3,5,2,3,3,3,2,4,3,3,3,2,1,4,2,3,3,3,3,3,2,3,3
CA485,3,0,3,0,0,1,4,2,0,0,2,0,1,0,3,0,4,3,2,3,2,3,3,2,3
CA497,4,5,3,3,0,0,0,0,5,0,0,0,4,0,3,3,4,1,4,3,3,3,3,1,4
CA499,0,0,0,0,0,0,0,0,0,0,0,0,0,0,0,0,0,0,4,2,3,3,4,2,2
CA512,3,5,3,3,0,5,4,5,1,0,3,0,2,0,4,1,3,3,3,4,3,3,3,3,3
CA531,0,0,0,0,0,0,0,0,0,0,0,0,1,3,5,2,1,4,2,4,4,5,3,3,3
CA569,3,3,2,0,0,0,0,0,0,0,0,0,5,0,0,1,3,3,2,4,1,2,3,4,5
CA596,4,0,3,0,0,0,3,3,0,3,0,2,4,0,0,0,5,2,1,5,2,3,2,3,5
CA614,3,3,2,3,3,2,3,2,5,3,2,3,3,4,5,3,4,3,2,3,3,3,4,3,5
CA620,4,3,3,3,5,3,1,3,3,1,1,3,3,3,2,2,3,3,2,3,3,1,2,1,4
CA629,4,0,4,3,0,3,1,3,4,3,0,2,3,3,4,0,4,3,4,3,3,3,4,5,1
CA635,1,0,0,0,3,1,4,4,0,3,4,0,4,2,3,0,0,3,3,3,2,5,4,3,3
CA639,1,1,0,4,0,0,0,3,2,3,0,0,2,5,3,5,0,5,1,4,5,2,1,3,5
CA671,0,0,0,0,0,0,0,0,0,0,0,0,2,0,0,3,3,2,4,3,3,2,3,2,3
CA705,2,4,0,0,4,0,3,1,0,4,3,0,2,0,0,4,0,4,2,3,3,1,3,4,4
CA714,3,0,0,0,0,5,3,3,0,0,3,0,2,0,3,0,0,5,2,2,2,1,2,5,3
CA722,2,2,4,4,0,0,0,0,2,0,0,0,2,5,5,3,3,3,3,4,3,4,5,3,3
CA746,1,2,0,2,0,2,3,3,3,0,4,0,3,0,3,4,0,4,3,2,1,3,3,4,2
CA754,3,3,3,2,0,2,0,0,1,0,3,0,2,3,3,1,4,1,5,4,3,3,3,3,3
CA756,1,1,0,3,4,2,4,2,3,3,3,0,3,4,3,3,0,4,3,2,4,3,2,2,4
CA757,1,5,0,4,3,3,4,3,3,1,1,0,3,2,2,3,0,4,2,1,5,2,4,4,4
CA772,2,4,4,3,3,2,2,3,3,3,3,3,3,5,2,3,2,3,4,5,2,5,1,3,1
CA779,4,0,3,4,0,1,4,3,2,3,0,1,2,1,3,0,5,3,2,5,3,2,5,4,4
CA785,4,2,2,3,0,0,0,4,3,4,0,3,2,2,3,2,2,2,3,5,2,4,3,1,5
CA787,3,3,4,0,0,0,0,3,0,2,0,4,3,0,0,4,3,4,4,3,2,3,4,2,3
CA789,4,3,0,2,2,4,1,2,4,3,5,0,2,1,4,3,0,4,1,4,2,2,2,5,3
CA821,4,3,0,2,0,3,0,0,5,0,5,0,3,3,3,3,0,3,4,3,4,2,3,3,3
CA840,3,3,2,2,0,0,0,5,4,1,0,4,3,3,5,3,5,1,2,3,3,4,5,3,1
CA847,4,3,2,3,0,0,0,0,5,0,0,0,4,2,2,3,2,3,2,3,2,1,2,5,4
CA850,2,0,3,5,0,3,1,3,5,3,0,2,4,3,3,0,1,3,5,3,2,3,4,2,5
CA873,4,0,4,3,0,0,0,2,3,0,0,0,1,0,3,0,4,4,3,2,3,2,2,4,1
CA877,1,1,2,0,0,0,0,2,0,3,0,4,3,0,0,3,3,3,2,3,1,2,3,5,3
CA880,3,2,2,1,3,2,2,4,1,3,3,3,3,3,2,4,4,2,1,4,3,3,3,2,3
CA881,3,2,0,0,0,0,3,4,0,0,2,0,3,0,0,3,0,2,3,5,4,5,5,1,3
CA882,3,0,2,0,3,4,1,2,0,1,4,1,3,3,3,0,3,2,1,3,3,4,3,3,3
CA890,1,3,5,4,3,3,4,3,1,1,3,5,3,1,2,4,4,3,3,1,4,4,2,4,2
CA909,1,2,2,3,3,3,3,2,1,3,3,2,4,4,4,3,2,3,2,3,1,4,2,5,4
CA920,3,4,3,4,0,0,0,5,3,3,0,4,3,2,3,5,4,4,1,3,3,4,1,4,3
CA930,2,3,0,3,0,2,0,0,2,0,3,0,3,4,3,2,0,3,3,4,3,3,2,2,3
CA936,3,3,0,3,0,2,0,0,3,0,1,0,1,0,4,4,0,3,3,4,5,3,5,3,3
CA937,3,0,1,2,0,3,3,5,3,3,0,1,4,3,4,0,3,2,2,1,2,3,2,5,3
CA942,2,2,3,0,4,0,2,3,0,3,3,2,2,0,0,2,3,3,4,2,4,3,2,3,3
CA952,5,2,3,0,0,0,0,5,0,4,0,2,3,0,0,1,2,2,3,2,4,4,1,3,3
CA960,5,1,2,0,5,0,4,1,0,2,2,4,2,0,0,2,5,5,3,2,3,3,3,2,5
CA988,2,4,1,3,0,2,0,0,4,0,3,0,5,5,3,4,3,3,2,3,3,1,3,4,3
CA998,3,0,1,0,4,3,3,2,0,3,4,3,3,4,3,0,3,4,3,3,1,5,1,3,3
CH053,3,3,1,3,4,4,2,4,3,4,3,3,5,4,3,2,3,3,2,2,4,1,3,2,3
CH058,1,0,4,0,2,3,3,4,0,3,3,4,1,3,5,0,3,3,3,3,3,3,4,4,2
CH074,0,0,0,0,0,0,0,0,0,0,0,0,5,1,1,2,5,2,3,4,1,3,2,4,2
CH098,0,0,0,0,0,0,0,0,0,0,0,0,3,2,2,3,0,3,1,4,2,2,3,2,3
CH110,0,0,0,0,0,0,0,0,0,0,0,0,4,0,2,4,5,2,3,2,1,3,2,4,3
CH126,0,0,0,0,0,0,0,0,0,0,0,0,3,2,1,3,3,5,3,3,3,5,4,3,2
CH138,0,0,0,0,0,0,0,0,0,0,0,0,3,0,0,0,3,4,2,3,4,4,3,2,3
CH152,0,0,0,0,0,0,0,0,0,0,0,0,3,3,1,3,0,2,2,2,2,3,2,2,2
CH191,0,0,0,0,0,0,0,0,0,0,0,0,4,2,3,0,2,2,3,3,5,2,5,2,4
CH214,0,0,0,0,0,0,0,0,0,0,0,0,1,2,4,3,3,2,3,2,3,4,2,3,5
CH216,3,0,3,0,0,0,2,3,0,3,0,4,3,0,0,0,1,5,2,1,4,3,3,3,3
CH218,2,3,3,4,3,5,1,3,3,5,1,3,4,2,4,1,4,5,3,3,1,5,3,1,3
CH219,0,0,0,0,0,0,0,0,0,0,0,0,3,0,3,3,5,2,3,1,5,2,1,3,3
CH237,0,0,0,0,0,0,0,0,0,0,0,0,4,0,0,1,2,3,3,1,5,3,5,4,4
CH238,0,0,0,0,0,0,0,0,0,0,0,0,3,0,0,3,3,1,3,4,2,3,3,2,2
CH247,5,3,2,2,0,3,3,1,4,0,3,0,3,0,5,3,4,4,5,2,3,2,4,1,3
CH255,0,0,0,0,0,0,0,0,0,0,0,0,3,0,3,1,2,3,2,1,3,3,3,4,3
CH268,3,0,3,0,0,1,3,3,0,0,0,0,2,0,3,0,3,2,5,2,5,5,3,4,3
CH269,0,0,0,0,0,0,0,0,0,0,0,0,2,4,1,3,0,4,3,3,3,3,3,2,5
CH279,3,3,4,3,4,3,4,2,4,4,2,2,3,5,2,3,1,3,3,5,3,4,3,1,3
CH295,3,5,4,0,0,0,0,0,0,0,3,0,2,0,0,2,4,4,3,3,3,4,4,4,4
CH311,0,0,0,0,0,0,0,0,0,0,0,0,1,3,4,3,4,2,1,5,3,3,4,3,4
CH340,2,0,2,4,0,4,5,3,3,3,0,3,3,5,5,0,4,3,3,4,3,5,3,3,4
CH362,5,2,4,3,0,4,0,0,3,0,3,0,2,5,3,4,3,3,3,3,3,3,3,2,3
CH366,0,0,0,0,0,0,0,0,0,0,0,0,4,0,2,2,2,4,1,1,2,2,2,4,3
CH386,0,0,0,0,0,0,0,0,0,0,0,0,1,5,4,4,1,4,5,3,3,5,3,3,3
CH392,5,1,3,3,0,3,5,5,1,0,1,0,3,0,4,2,1,3,3,2,4,5,3,4,3
CH395,0,0,0,0,0,0,0,0,0,0,0,0,3,3,4,3,5,3,3,2,3,1,3,2,3
CH403,4,3,2,2,4,2,3,3,3,3,4,1,2,2,2,2,3,3,3,3,4,3,2,3,1
CH404,1,0,5,4,0,4,4,3,4,3,0,3,3,3,3,0,5,4,4,5,1,2,3,4,3
CH421,4,0,2,4,0,3,2,3,4,3,0,1,4,3,3,0,2,4,3,3,2,5,4,2,3
CH424,4,3,0,0,4,0,2,3,0,3,3,0,3,0,0,1,0,4,4,3,4,2,3,4,2
CH435,1,0,4,2,0,3,3,4,3,2,0,3,3,4,4,0,4,2,1,4,1,2,3,3,4
CH442,2,0,3,0,0,3,4,5,0,0,3,0,5,0,4,0,1,1,3,3,1,3,2,3,3
CH454,2,3,2,3,2,3,2,3,4,2,3,1,3,2,3,3,5,3,3,3,5,4,2,4,3
CH456,4,0,0,0,2,2,2,4,0,1,4,0,2,2,3,0,0,5,4,3,3,3,3,2,2
CH463,0,0,0,0,0,0,0,0,0,0,0,0,5,5,3,3,0,3,4,2,5,4,5,4,2
CH486,2,2,2,3,4,4,3,1,2,1,3,3,1,3,2,3,3,3,3,5,2,3,4,3,5
CH490,3,3,1,0,2,0,3,3,0,3,3,2,3,0,0,3,3,3,5,3,1,3,4,1,5
CH500,5,0,0,0,0,0,0,0,0,0,0,0,3,3,3,0,0,2,1,3,5,2,5,4,3
CH503,3,4,2,3,0,0,0,0,3,0,0,0,3,4,3,4,3,2,1,1,3,3,4,4,1
CH511,2,0,3,0,2,5,4,2,0,3,4,3,2,4,3,0,3,3,3,2,3,1,4,2,1
CH528,3,0,4,0,2,0,3,2,0,2,5,4,3,0,0,0,3,1,3,4,3,3,3,4,1
CH549,3,2,3,2,0,2,0,0,1,0,1,0,3,3,2,3,3,4,3,3,2,2,2,2,2
CH570,3,3,0,2,3,4,3,2,2,1,3,0,1,2,4,4,0,3,3,2,3,3,5,1,3
CH571,0,0,0,0,0,0,0,0,0,0,0,0,3,3,4,3,0,2,4,3,4,4,2,4,4
CH572,3,2,1,3,3,3,2,4,2,2,3,3,2,2,2,4,4,3,4,4,2,5,4,2,2
CH593,2,0,4,0,0,0,3,3,0,3,0,1,1,0,0,0,3,4,3,1,5,3,2,3,4
CH600,2,0,2,0,2,3,5,2,0,5,4,2,3,4,5,0,4,3,2,3,4,3,3,5,3
CH609,3,3,3,3,0,3,4,1,2,0,1,0,3,0,2,3,3,5,3,3,5,4,2,2,3
CH634,3,0,0,0,0,0,0,0,0,0,0,0,3,0,0,0,0,4,3,2,3,4,3,3,4
CH640,3,3,0,0,0,0,0,0,0,0,4,0,5,0,0,2,0,4,3,3,3,3,5,1,3
CH661,4,3,1,0,0,0,4,3,0,0,3,0,3,0,0,2,2,3,2,2,3,1,1,3,4
CH707,3,0,3,0,5,1,3,4,0,2,2,4,1,4,4,0,2,4,3,4,1,1,3,2,3
CH712,0,0,0,0,0,0,0,0,0,0,0,0,0,0,0,0,0,0,3,3,3,1,3,5,4
CH724,4,4,2,2,1,3,2,3,3,4,4,5,1,1,3,2,2,3,2,3,3,3,3,3,2
CH725,2,3,0,4,3,2,3,3,3,3,3,0,4,2,4,2,0,5,5,1,3,2,3,4,5
CH761,0,0,0,0,0,0,0,0,0,0,0,0,0,0,0,0,0,4,5,3,2,3,3,2,3
CH762,3,4,1,3,0,4,0,0,5,0,3,0,1,2,2,2,2,1,5,1,4,2,5,4,3
CH781,3,1,5,4,4,3,3,4,2,3,1,5,2,2,3,4,3,2,1,4,5,4,3,5,3
CH802,3,3,3,4,0,3,0,0,3,0,2,0,3,0,3,4,5,4,3,3,5,2,2,3,1
CH804,5,3,3,3,0,1,0,0,3,0,2,0,2,3,4,4,3,3,4,2,2,5,3,5,3
CH827,0,0,0,0,0,0,0,0,0,0,0,0,0,0,0,0,0,2,4,4,1,4,3,4,3
CH840,0,0,0,0,0,0,0,0,0,0,0,0,3,0,0,3,4,4,3,4,3,4,2,2,1
CH846,4,3,2,2,5,4,3,3,3,3,5,2,3,3,3,3,3,2,3,2,2,1,4,3,3
CH850,4,0,3,3,0,3,3,4,4,2,0,3,3,1,4,0,5,4,4,2,2,3,2,3,3
CH865,2,2,4,2,0,3,5,3,2,0,5,0,3,0,3,1,3,4,5,2,1,3,4,4,2
CH876,2,3,3,4,3,4,3,4,3,4,2,3,2,3,3,2,5,2,4,5,1,3,2,1,3
CH887,5,1,3,3,0,0,0,3,3,5,0,1,3,3,3,3,3,3,5,1,5,3,3,4,3
CH888,3,0,3,5,0,2,0,0,1,0,0,0,1,3,3,0,5,4,3,1,4,5,4,2,5
CH928,0,0,0,0,0,0,0,0,0,0,0,0,3,0,4,2,3,2,5,1,2,2,3,2,3
CH935,4,4,3,1,3,2,4,2,3,3,4,2,3,2,4,5,3,3,5,3,3,3,3,2,4
CH936,3,0,0,3,0,3,4,4,5,4,0,0,4,3,3,0,0,5,3,3,5,3,2,3,4
CH937,4,0,4,0,4,4,2,2,0,4,4,4,3,3,3,0,4,3,3,3,3,2,2,2,2
CH965,5,0,2,0,0,0,4,4,0,2,0,4,3,0,0,0,2,3,3,3,4,4,3,4,2
CH982,0,0,0,0,0,0,0,0,0,0,0,0,0,0,0,0,0,0,3,3,5,4,5,4,5
CH998,0,0,0,0,0,0,0,0,0,0,0,0,3,3,4,3,3,4,4,2,4,3,2,1,3
EN016,0,0,0,0,0,0,0,0,0,0,0,0,1,2,2,3,2,3,3,2,1,1,1,4,3
EN062,0,0,0,0,0,0,0,0,0,0,0,0,3,3,4,4,3,3,4,3,3,4,3,1,4
EN107,0,0,0,0,0,0,0,0,0,0,0,0,3,0,0,5,0,5,4,2,2,3,3,3,3
EN112,0,0,0,0,0,0,0,0,0,0,0,0,4,3,5,0,3,4,2,3,5,5,5,5,2
EN114,4,3,0,3,0,3,0,0,4,0,2,0,3,3,2,4,0,3,3,1,3,2,2,3,5
EN126,3,0,3,0,0,0,3,4,0,3,0,3,5,0,0,0,3,2,3,5,5,3,4,3,2
EN155,3,3,4,2,3,3,5,3,4,4,2,3,4,3,5,2,1,4,4,5,3,5,4,4,3
EN164,3,5,3,0,0,0,3,1,0,0,3,0,1,0,0,1,5,2,2,2,1,4,4,3,2
EN178,2,0,5,2,0,3,2,3,1,4,0,4,1,5,2,0,4,5,3,4,3,2,3,2,5
EN190,1,0,3,3,0,2,3,2,5,4,0,1,2,2,1,0,3,2,3,4,3,3,3,3,2
EN194,3,3,4,4,3,3,2,4,3,2,2,2,4,2,3,3,3,4,4,3,1,3,3,3,3
EN196,0,0,0,0,0,0,0,0,0,0,0,0,3,0,0,0,3,3,3,2,2,1,3,4,4
EN203,0,0,0,0,0,0,0,0,0,0,0,0,3,0,0,2,3,3,3,4,1,3,4,1,5
EN227,0,0,0,0,0,0,0,0,0,0,0,0,4,4,2,0,3,1,5,2,3,3,1,5,4
EN242,3,2,2,3,0,0,0,3,4,3,0,4,3,4,2,2,4,3,4,5,1,3,3,3,4
EN265,0,0,0,0,0,0,0,0,0,0,0,0,1,0,3,3,1,3,3,2,5,3,3,3,2
EN271,0,0,0,0,0,0,0,0,0,0,0,0,1,0,0,3,0,1,2,2,3,3,3,4,3
EN284,3,3,0,3,4,2,1,3,2,4,4,0,2,3,3,2,0,3,3,1,4,2,4,3,3
EN291,4,4,0,2,0,3,2,5,2,0,1,0,3,0,3,3,0,1,5,2,5,2,4,2,1
EN307,4,0,3,0,3,4,3,3,0,3,4,2,2,3,3,0,3,5,2,3,4,3,5,4,3
EN325,3,3,3,4,3,2,2,1,1,4,3,3,3,4,3,4,3,5,3,2,3,3,2,3,3
EN331,1,0,0,4,0,3,3,3,5,2,0,0,3,5,3,0,0,1,5,3,3,3,2,3,4
EN352,1,0,1,0,4,4,5,3,0,5,4,3,3,5,4,0,4,1,3,3,2,1,2,3,4
EN400,5,3,0,5,2,4,4,1,4,4,1,0,1,3,3,3,0,5,3,1,3,3,3,2,2
EN403,4,5,0,0,3,0,3,5,0,3,3,0,4,0,0,3,0,4,4,4,5,2,4,4,3
EN416,4,2,0,3,0,0,0,2,1,0,0,0,5,0,4,3,0,2,3,3,1,4,4,3,3
EN440,4,0,2,3,0,0,0,3,4,3,0,4,5,2,4,0,3,3,3,4,4,1,3,3,3
EN470,4,0,5,0,0,0,2,3,0,4,0,3,1,0,0,0,4,4,5,3,5,3,3,5,3
EN480,0,0,0,0,0,0,0,0,0,0,0,0,2,2,3,0,0,4,3,3,5,2,3,3,4
EN499,5,5,4,2,1,3,2,4,3,1,4,2,3,3,3,3,1,3,4,5,3,3,4,5,2
EN512,3,4,3,2,0,2,0,0,4,0,2,0,4,2,3,2,4,3,3,3,4,3,4,4,5
EN535,3,5,1,0,0,0,0,3,0,3,0,4,3,0,0,2,2,1,3,2,2,3,2,3,4
EN539,4,0,0,5,0,4,2,5,3,0,0,0,3,0,4,0,0,3,2,3,2,3,2,3,2
EN542,1,1,5,0,4,0,2,3,0,5,5,4,3,0,0,5,3,3,2,1,5,3,3,2,4
EN546,1,4,2,4,0,2,0,0,2,0,3,0,2,3,4,3,5,5,2,2,4,3,1,2,3
EN570,4,0,2,0,4,3,4,3,0,3,2,4,3,5,3,0,5,2,4,3,5,3,4,3,2
EN579,2,3,4,3,3,2,3,1,4,5,3,1,2,3,3,4,2,4,3,3,3,2,3,4,3
EN592,4,0,0,0,0,0,0,3,0,1,0,0,5,0,0,0,0,2,5,3,4,3,2,3,1
EN609,0,0,0,0,0,0,0,0,0,0,0,0,0,0,0,0,0,4,3,1,4,2,3,1,3
EN616,0,0,0,0,0,0,0,0,0,0,0,0,2,0,0,4,1,2,5,3,4,2,3,4,3
EN624,0,0,0,0,0,0,0,0,0,0,0,0,0,0,0,0,0,0,0,0,5,3,4,3,3
EN625,0,0,0,0,0,0,0,0,0,0,0,0,3,2,4,4,3,1,2,1,3,4,2,4,3
EN638,0,0,0,0,0,0,0,0,0,0,0,0,0,0,0,0,0,3,5,3,5,2,4,4,3
EN650,0,0,0,0,0,0,0,0,0,0,0,0,1,0,0,4,2,3,1,2,4,2,3,5,3
EN660,4,2,2,4,0,3,0,0,1,0,3,0,4,0,2,4,4,3,2,2,3,3,4,5,4
EN668,0,0,0,0,0,0,0,0,0,0,0,0,0,0,0,0,0,0,1,1,2,1,4,3,3
EN679,0,0,0,0,0,0,0,0,0,0,0,0,4,3,4,0,0,3,3,1,4,3,3,1,2
EN689,4,3,0,0,0,0,0,5,0,4,0,0,3,0,0,1,0,2,2,5,1,2,3,3,3
EN707,0,0,0,0,0,0,0,0,0,0,0,0,3,4,5,2,0,3,5,5,1,2,3,2,3
EN723,0,0,0,0,0,0,0,0,0,0,0,0,1,3,2,3,0,4,3,3,3,3,2,4,2
EN728,2,0,2,0,0,3,0,0,0,0,2,0,3,3,5,0,2,1,1,2,2,3,4,4,2
EN740,3,0,4,0,5,3,3,2,0,2,3,3,2,1,1,0,1,2,2,2,5,3,2,3,4
EN749,0,0,0,0,0,0,0,0,0,0,0,0,1,0,2,3,4,2,3,2,3,2,3,3,5
EN750,0,0,0,0,0,0,0,0,0,0,0,0,3,0,0,0,5,3,3,4,4,2,3,5,2
EN757,0,0,0,0,0,0,0,0,0,0,0,0,3,0,0,5,1,5,4,3,5,2,4,4,4
EN780,3,2,3,3,0,4,0,0,4,0,4,0,1,1,3,3,5,3,3,3,4,5,4,3,3
EN789,0,0,0,0,0,0,0,0,0,0,0,0,0,0,0,0,0,1,4,3,2,1,5,3,3
EN791,0,0,0,0,0,0,0,0,0,0,0,0,4,5,2,4,4,2,1,5,2,4,1,1,3
EN800,0,0,0,0,0,0,0,0,0,0,0,0,2,2,4,5,4,3,2,3,4,5,2,1,3
EN804,4,0,3,0,3,5,5,4,0,2,3,3,4,2,2,0,1,3,3,3,2,4,3,5,3
EN810,2,2,1,3,2,3,3,2,2,4,5,2,2,5,1,5,1,4,3,5,3,3,1,2,4
EN825,3,0,3,4,0,5,5,3,4,4,0,3,1,4,2,0,3,3,4,5,3,1,4,3,3
EN827,0,0,0,0,0,0,0,0,0,0,0,0,3,0,3,4,1,3,5,4,2,2,3,3,4
EN836,4,3,4,3,2,3,5,4,3,3,5,3,3,5,4,3,3,3,2,5,3,4,2,3,1
EN848,4,3,3,1,0,1,2,3,3,0,3,0,2,0,4,3,2,2,4,4,3,3,2,5,4
EN858,3,4,4,2,0,0,0,4,2,4,0,1,3,4,4,4,3,3,3,5,3,5,2,5,3
EN867,3,3,2,2,2,2,3,4,3,2,4,3,5,3,2,3,3,1,1,2,2,3,3,2,3
EN875,3,0,1,0,3,2,3,3,0,2,3,3,4,4,3,0,3,4,1,5,3,3,1,3,3
EN882,2,0,0,3,0,1,4,4,3,3,0,0,2,5,3,0,0,4,2,2,3,3,4,2,4
EN889,1,1,4,3,0,2,3,3,5,0,3,0,3,0,2,3,1,1,2,3,4,3,3,1,3
EN902,2,0,5,2,0,3,5,4,4,0,0,0,1,0,5,0,2,1,2,2,5,3,4,4,3
EN922,4,3,3,3,0,4,5,3,4,0,4,0,1,0,3,2,5,1,5,4,3,3,4,3,3
EN937,3,3,5,2,3,2,4,4,2,1,1,3,3,5,3,2,4,3,3,1,3,5,3,3,3
EN944,5,2,3,5,2,4,3,3,3,3,3,2,3,2,1,5,3,5,2,3,2,4,4,2,5
EN963,0,0,0,0,0,0,0,0,0,0,0,0,0,0,0,0,0,0,0,0,0,0,0,0,3
EN964,0,0,0,0,0,0,0,0,0,0,0,0,0,0,0,0,0,0,0,2,5,4,1,4,3
EN981,0,0,0,0,0,0,0,0,0,0,0,0,5,3,4,0,3,3,2,3,2,4,3,3,2
GO013,0,0,0,0,0,0,0,0,0,0,0,0,0,0,0,0,0,0,0,3,3,4,3,3,2
GO043,3,0,1,4,0,2,5,3,3,2,0,4,3,5,2,0,1,3,5,3,3,4,4,1,4
GO068,3,0,2,0,0,2,2,4,0,4,0,2,2,2,3,0,4,3,2,3,3,3,2,3,2
GO073,0,0,0,0,0,0,0,0,0,0,0,0,2,0,2,1,5,3,3,4,4,4,1,2,3
GO080,0,0,0,0,0,0,0,0,0,0,0,0,3,5,3,0,0,4,3,3,1,3,1,1,3
GO085,0,0,0,0,0,0,0,0,0,0,0,0,3,5,2,2,2,3,3,3,4,3,2,2,3
GO095,0,0,0,0,0,0,0,0,0,0,0,0,4,1,3,0,5,4,2,2,3,3,1,3,3
GO123,2,0,5,0,4,2,2,2,0,5,4,4,3,3,3,0,1,3,3,3,3,2,3,3,3
GO136,4,0,3,0,4,0,2,1,0,2,5,3,1,0,0,0,4,4,5,2,3,2,3,5,3
GO139,4,3,1,1,0,4,0,0,4,0,4,0,3,4,5,3,3,2,2,3,5,3,2,2,3
GO184,2,2,4,1,0,4,2,3,3,0,3,0,4,0,3,2,1,1,3,1,3,4,2,4,4
GO188,0,0,0,0,0,0,0,0,0,0,0,0,0,0,0,0,0,0,0,5,2,3,2,4,4
GO198,2,4,0,0,3,0,2,2,0,3,2,0,1,0,0,1,0,1,5,5,3,5,4,4,3
GO202,3,0,0,3,0,0,0,2,3,5,0,0,3,3,2,0,0,1,4,2,3,1,2,2,1
GO216,3,4,3,4,0,3,2,3,3,0,4,0,3,0,2,3,4,3,2,3,3,3,2,5,4
GO217,3,3,4,2,0,0,0,1,5,3,0,2,2,4,5,3,5,4,3,3,3,3,1,3,1
GO226,0,0,0,0,0,0,0,0,0,0,0,0,4,5,3,0,2,3,2,3,5,2,4,1,3
GO228,0,0,0,0,0,0,0,0,0,0,0,0,3,3,2,3,2,5,4,1,3,2,3,4,3
GO236,0,0,0,0,0,0,0,0,0,0,0,0,3,2,3,0,4,4,3,1,5,3,3,3,3
GO256,2,4,4,3,0,0,0,3,3,5,0,3,3,2,5,3,2,3,4,4,1,4,2,1,4
GO274,4,0,3,0,0,4,3,5,0,0,4,0,3,0,1,0,4,2,3,5,3,3,3,3,3
GO276,4,0,4,0,0,0,0,3,0,2,0,2,3,1,4,0,3,3,2,4,1,3,4,3,2
GO284,3,4,5,4,3,5,1,1,4,2,1,2,3,4,3,2,3,5,4,3,5,4,1,1,2
GO287,4,2,0,1,5,3,5,5,1,3,1,0,3,1,2,3,0,3,4,3,1,5,1,5,3
GO303,1,3,5,5,0,0,0,0,4,0,0,0,4,3,3,5,3,4,5,3,3,1,1,2,2
GO308,2,3,3,3,1,1,3,3,3,3,4,3,3,5,4,3,3,2,3,5,3,5,3,5,3
GO319,1,3,2,0,4,0,4,2,0,5,3,3,3,0,0,3,3,4,2,3,5,3,4,3,4
GO345,5,2,2,3,4,2,1,3,5,3,3,2,3,2,2,5,5,2,1,3,3,2,3,2,4
GO349,4,0,3,5,0,0,0,3,1,3,0,3,3,3,5,0,3,1,1,3,2,1,2,3,4
GO352,2,3,2,3,0,0,0,5,1,0,0,0,2,0,1,2,4,5,3,4,4,2,1,1,3
GO353,2,1,2,0,0,0,3,3,0,0,3,0,3,0,0,3,3,3,3,4,2,4,4,3,2
GO394,3,1,1,2,2,3,4,2,5,5,5,4,3,1,3,3,4,5,3,3,2,1,3,3,4
GO403,0,0,0,0,0,0,0,0,0,0,0,0,0,0,0,0,0,0,0,0,3,2,3,4,2
GO415,2,0,3,0,0,3,0,0,0,0,5,0,2,2,4,0,3,3,2,3,3,4,3,3,2
GO430,0,0,0,0,0,0,0,0,0,0,0,0,0,0,0,0,0,0,0,3,4,3,3,3,3
GO442,0,0,0,0,0,0,0,0,0,0,0,0,2,3,1,0,0,5,4,3,1,3,2,3,4
GO448,0,0,0,0,0,0,0,0,0,0,0,0,2,3,4,3,3,3,3,3,3,1,3,2,3
GO454,0,0,0,0,0,0,0,0,0,0,0,0,0,0,0,0,0,3,2,3,3,5,2,4,3
GO464,0,0,0,0,0,0,0,0,0,0,0,0,2,0,0,3,4,2,1,3,3,3,4,5,3
GO469,4,1,2,4,0,0,0,3,2,0,0,0,3,0,4,1,2,3,3,1,1,5,3,3,3
GO471,2,0,3,4,0,0,0,2,1,0,0,0,1,0,4,0,5,2,4,3,4,4,3,4,2
GO473,3,2,5,2,0,0,0,3,4,4,0,3,4,5,4,2,4,3,3,4,2,4,3,4,2
GO483,3,4,1,2,5,2,5,2,3,4,3,3,3,4,2,3,2,3,2,3,3,1,1,3,3
GO490,4,3,1,3,0,0,0,3,3,2,0,4,2,2,3,4,3,5,1,3,4,2,3,2,1
GO497,2,5,3,4,0,0,0,5,4,4,0,3,3,5,2,2,3,2,2,4,3,4,4,2,3
GO513,1,0,3,3,0,3,2,3,4,4,0,3,4,1,4,0,3,3,3,4,2,3,3,4,2
GO515,4,3,2,0,0,0,0,3,0,3,0,3,2,0,0,4,2,1,5,3,3,4,3,3,5
GO558,3,0,2,0,0,0,0,0,0,0,0,0,3,0,0,0,3,3,2,1,5,2,2,3,3
GO560,0,0,0,0,0,0,0,0,0,0,0,0,0,0,0,0,0,2,4,3,3,3,3,1,4
GO584,0,0,0,0,0,0,0,0,0,0,0,0,0,0,0,0,0,4,3,3,3,3,2,1,3
GO590,0,0,0,0,0,0,0,0,0,0,0,0,3,0,0,0,0,1,1,2,5,3,3,4,3
GO599,0,0,0,0,0,0,0,0,0,0,0,0,0,0,0,0,0,5,2,2,2,5,4,4,3
GO607,0,0,0,0,0,0,0,0,0,0,0,0,3,0,0,0,3,4,2,2,5,5,5,4,2
GO614,0,0,0,0,0,0,0,0,0,0,0,0,0,0,0,0,0,5,3,4,2,1,2,2,2
GO618,0,0,0,0,0,0,0,0,0,0,0,0,0,0,0,0,0,4,4,4,4,5,3,3,4
GO631,0,0,0,0,0,0,0,0,0,0,0,0,2,3,4,4,4,5,3,5,4,4,1,5,3
GO633,0,0,0,0,0,0,0,0,0,0,0,0,2,3,3,2,2,2,5,3,3,2,3,1,1
GO652,3,3,0,3,5,3,3,5,4,3,4,0,3,2,2,3,0,3,3,3,2,2,3,5,1
GO671,0,0,0,0,0,0,0,0,0,0,0,0,0,0,0,0,0,3,3,4,3,1,3,3,3
GO694,0,0,0,0,0,0,0,0,0,0,0,0,4,2,5,0,3,3,2,5,2,2,4,3,4
GO739,0,0,0,0,0,0,0,0,0,0,0,0,4,0,5,0,2,1,2,2,3,2,1,1,4
GO748,3,0,4,1,0,0,0,0,4,0,0,0,2,1,2,0,5,1,3,3,4,5,4,5,4
GO762,0,0,0,0,0,0,0,0,0,0,0,0,5,0,0,0,2,3,4,4,4,2,3,3,1
GO763,0,0,0,0,0,0,0,0,0,0,0,0,3,2,3,0,0,5,3,3,4,1,1,3,3
GO786,0,0,0,0,0,0,0,0,0,0,0,0,5,0,0,2,4,2,3,2,3,3,3,1,1
GO817,1,3,0,4,0,0,0,2,3,0,0,0,2,0,1,2,0,1,2,5,1,3,3,3,3
GO830,0,0,0,0,0,0,0,0,0,0,0,0,5,3,4,2,0,2,3,5,2,3,3,2,3
GO837,0,0,0,0,0,0,0,0,0,0,0,0,3,0,0,3,4,3,5,3,4,3,4,2,3
GO839,0,0,0,0,0,0,0,0,0,0,0,0,3,0,5,1,3,3,3,3,3,4,3,2,3
GO853,0,0,0,0,0,0,0,0,0,0,0,0,4,3,3,0,3,3,2,2,2,3,4,3,2
GO876,0,0,0,0,0,0,0,0,0,0,0,0,3,4,2,0,4,1,3,4,5,4,3,3,1
GO892,0,0,0,0,0,0,0,0,0,0,0,0,1,3,4,1,1,2,4,4,3,3,4,4,4
GO904,0,0,0,0,0,0,0,0,0,0,0,0,1,0,2,3,4,5,3,3,3,3,3,1,1
GO941,1,2,4,0,0,0,5,5,0,0,2,0,4,0,0,4,1,1,4,3,5,1,4,3,4
HI013,4,5,2,5,2,1,3,4,3,4,4,2,5,1,4,3,3,3,2,3,2,2,2,3,4
HI026,3,0,0,0,0,3,3,1,0,4,0,0,1,2,1,0,0,4,1,3,4,2,3,1,2
HI039,3,0,2,2,0,2,2,3,3,3,0,4,2,1,4,0,2,1,3,3,5,4,3,3,2
HI055,2,0,0,2,0,0,0,3,5,3,0,0,2,2,5,0,0,2,3,2,3,2,3,2,3
HI061,1,0,5,3,0,0,0,0,3,0,0,0,5,0,5,0,4,4,4,3,5,4,4,3,3
HI089,1,5,3,2,2,4,4,4,3,3,3,1,4,1,3,3,3,5,1,4,1,1,3,1,4
HI098,3,1,1,3,0,3,0,0,3,0,3,0,4,3,5,2,5,3,3,1,3,4,4,1,3
HI101,1,5,4,1,4,5,3,4,3,3,3,3,3,2,4,3,3,4,3,3,5,4,2,3,5
HI113,3,3,0,2,0,4,0,0,2,0,5,0,3,5,3,2,0,5,1,4,3,3,5,5,2
HI155,2,1,3,1,3,1,3,1,4,2,3,4,4,2,1,4,3,4,3,3,3,4,5,1,3
HI199,1,3,0,3,0,3,0,0,2,0,3,0,3,3,5,3,0,5,4,2,3,3,3,3,4
HI201,3,3,5,1,0,4,0,0,2,0,3,0,3,2,2,3,3,3,3,3,3,3,2,4,4
HI210,2,3,3,0,3,0,4,1,0,4,3,2,5,0,0,3,2,5,3,4,3,3,5,3,2
HI212,0,0,0,0,0,0,0,0,0,0,0,0,5,4,3,3,4,5,5,3,5,2,2,1,2
HI218,0,0,0,0,0,0,0,0,0,0,0,0,2,3,4,3,0,3,3,4,3,3,3,2,3
HI246,0,0,0,0,0,0,0,0,0,0,0,0,4,4,3,0,0,4,3,4,3,2,3,3,3
HI259,0,0,0,0,0,0,0,0,0,0,0,0,0,0,0,0,0,0,0,0,2,1,2,4,3
HI290,0,0,0,0,0,0,0,0,0,0,0,0,0,0,0,0,0,0,0,0,3,5,1,3,3
HI294,0,0,0,0,0,0,0,0,0,0,0,0,0,0,0,0,0,0,0,0,5,4,3,3,5
HI295,0,0,0,0,0,0,0,0,0,0,0,0,0,0,0,0,0,0,0,0,5,2,2,3,3
HI331,0,0,0,0,0,0,0,0,0,0,0,0,0,0,0,0,0,0,0,0,4,4,2,1,3
HI342,0,0,0,0,0,0,0,0,0,0,0,0,0,0,0,0,0,0,0,0,4,5,4,5,2
HI384,0,0,0,0,0,0,0,0,0,0,0,0,0,0,0,0,0,0,0,0,3,2,3,3,3
HI397,0,0,0,0,0,0,0,0,0,0,0,0,3,2,3,4,4,3,5,3,3,4,4,4,2
HI404,3,4,3,3,3,4,2,3,2,3,4,1,3,3,2,3,2,3,3,4,4,3,1,5,3
HI413,1,4,2,0,3,0,4,3,0,5,5,3,3,0,0,1,1,3,2,1,3,2,2,1,2
HI420,4,4,0,0,0,0,0,3,0,3,0,0,4,0,0,3,0,5,5,3,3,2,5,3,2
HI456,3,2,3,0,0,0,0,4,0,3,0,3,2,0,0,2,5,1,3,3,3,3,2,4,3
HI460,3,4,0,0,3,0,3,4,0,2,3,0,3,0,0,3,0,3,2,2,1,3,3,2,3
HI489,4,2,3,0,3,0,3,4,0,3,4,5,3,0,0,4,3,2,1,3,2,3,4,3,1
HI492,0,0,0,0,0,0,0,0,0,0,0,0,3,4,2,3,0,4,1,4,1,4,3,3,3
HI507,0,0,0,0,0,0,0,0,0,0,0,0,1,2,3,4,3,2,3,3,3,4,4,1,4
HI509,0,0,0,0,0,0,0,0,0,0,0,0,1,0,2,5,5,2,3,1,5,3,1,3,1
HI512,0,0,0,0,0,0,0,0,0,0,0,0,3,0,3,0,0,3,3,3,1,3,1,2,3
HI538,0,0,0,0,0,0,0,0,0,0,0,0,3,4,1,0,3,1,3,3,2,2,3,3,4
HI543,0,0,0,0,0,0,0,0,0,0,0,0,5,4,3,3,5,4,4,5,2,4,4,5,2
HI545,0,0,0,0,0,0,0,0,0,0,0,0,1,2,3,4,0,2,4,3,5,4,3,2,3
HI553,0,0,0,0,0,0,0,0,0,0,0,0,1,0,2,2,0,4,5,2,3,3,3,3,2
HI560,0,0,0,0,0,0,0,0,0,0,0,0,0,0,0,0,0,5,5,5,1,1,2,3,4
HI567,0,0,0,0,0,0,0,0,0,0,0,0,0,0,0,0,0,4,2,4,2,1,3,2,4
HI575,0,0,0,0,0,0,0,0,0,0,0,0,2,3,2,0,1,3,3,4,3,3,3,3,3
HI587,0,0,0,0,0,0,0,0,0,0,0,0,0,0,0,0,0,0,0,3,3,5,3,2,3
HI588,0,0,0,0,0,0,0,0,0,0,0,0,1,2,4,0,4,4,1,4,2,3,3,2,5
HI598,0,0,0,0,0,0,0,0,0,0,0,0,3,0,0,4,4,3,3,2,3,1,3,3,5
HI626,0,0,0,0,0,0,0,0,0,0,0,0,4,3,1,3,2,3,3,3,1,3,4,4,4
HI642,0,0,0,0,0,0,0,0,0,0,0,0,0,0,0,0,0,3,4,3,3,3,2,4,2
HI649,0,0,0,0,0,0,0,0,0,0,0,0,2,0,3,0,3,3,2,4,5,3,3,1,4
HI652,2,3,5,3,0,0,0,4,1,0,0,0,2,0,3,3,3,3,3,3,3,3,2,5,3
HI670,2,3,4,1,3,3,2,4,3,2,4,3,4,3,4,4,1,4,3,1,3,1,4,3,5
HI687,2,3,2,3,4,4,4,4,1,3,3,3,2,3,3,3,4,3,1,1,4,5,3,3,5
HI701,3,0,4,3,0,2,0,0,4,0,0,0,1,3,3,0,1,5,3,4,3,2,4,4,3
HI706,3,1,3,5,0,2,0,0,3,0,3,0,2,0,4,4,3,3,2,1,4,3,3,2,1
HI725,0,0,0,0,0,0,0,0,0,0,0,0,3,3,2,3,0,3,4,2,2,3,3,3,4
HI734,0,0,0,0,0,0,0,0,0,0,0,0,3,0,0,0,2,2,4,4,2,3,5,3,4
HI749,2,2,4,3,0,3,0,0,2,0,4,0,3,4,5,3,3,4,4,4,3,3,3,4,4
HI751,0,0,0,0,0,0,0,0,0,0,0,0,3,0,0,0,5,4,4,2,2,1,2,4,2
HI757,0,0,0,0,0,0,0,0,0,0,0,0,3,1,3,1,3,3,2,4,5,4,3,3,5
HI760,3,0,1,1,0,4,4,5,2,2,0,2,3,3,1,0,3,4,4,3,3,2,2,3,1
HI769,0,0,0,0,0,0,0,0,0,0,0,0,1,4,3,4,3,1,4,1,5,1,3,4,3
HI775,2,4,4,5,3,3,3,2,4,3,3,3,4,5,3,3,4,3,1,1,1,3,4,3,3
HI805,0,0,0,0,0,0,0,0,0,0,0,0,3,3,3,0,3,1,2,4,5,3,5,3,1
HI807,0,0,0,0,0,0,0,0,0,0,0,0,3,0,4,0,2,3,4,2,2,3,2,3,3
HI808,0,0,0,0,0,0,0,0,0,0,0,0,4,5,1,2,0,4,4,3,1,2,2,3,2
HI831,1,4,2,0,0,0,0,5,0,5,0,3,5,0,0,1,3,4,4,2,3,2,3,2,5
HI835,2,2,4,3,0,0,0,0,3,0,0,0,4,5,4,3,3,1,3,3,3,5,2,1,1
HI836,2,1,3,3,0,0,0,3,3,3,0,1,3,4,3,2,3,3,4,1,1,3,2,2,2
HI846,2,2,0,2,0,0,0,0,4,0,0,0,2,3,4,4,0,5,2,3,1,4,2,4,3
HI861,0,0,0,0,0,0,0,0,0,0,0,0,0,0,0,0,0,0,0,3,4,5,2,3,3
HI864,0,0,0,0,0,0,0,0,0,0,0,0,0,0,0,0,0,0,5,3,4,4,3,4,2
HI874,0,0,0,0,0,0,0,0,0,0,0,0,0,0,0,0,0,0,0,0,5,1,1,3,1
HI912,0,0,0,0,0,0,0,0,0,0,0,0,0,0,0,0,0,0,0,0,4,3,4,4,2
HI953,0,0,0,0,0,0,0,0,0,0,0,0,0,0,0,0,0,0,0,0,4,4,3,3,4
HI957,4,4,3,5,3,1,3,2,2,2,1,3,1,2,1,1,2,3,5,4,4,2,2,1,4
HI974,1,3,2,2,5,4,4,3,4,3,5,2,3,3,3,4,5,3,3,3,4,3,1,3,1
HI976,4,3,3,0,0,0,3,2,0,0,4,0,5,0,0,2,4,3,2,3,3,3,4,3,5
HI990,3,4,5,0,0,0,3,3,0,0,2,0,2,0,0,3,2,4,3,3,4,5,3,3,2
MA008,3,0,3,0,0,2,0,0,0,0,3,0,3,5,3,0,1,3,4,5,5,2,3,3,3
MA051,2,4,5,3,0,2,0,0,5,0,3,0,1,5,3,5,3,4,1,3,4,4,4,2,5
MA072,5,0,0,2,0,3,5,2,3,3,0,0,2,4,5,0,0,3,3,3,1,5,2,5,1
MA073,4,2,1,4,0,0,0,0,5,0,0,0,3,3,2,3,3,3,3,3,1,3,3,1,2
MA081,1,5,4,1,1,4,3,4,5,3,2,4,5,3,3,3,3,4,5,3,4,2,2,3,2
MA086,3,2,4,4,3,2,3,5,3,1,1,3,2,4,4,2,3,2,5,3,3,3,3,3,3
MA105,3,3,2,2,0,3,0,0,1,0,2,0,3,4,2,3,4,5,5,4,5,2,2,1,4
MA111,5,0,3,4,0,0,0,3,3,3,0,1,4,4,4,0,3,3,1,3,2,1,4,1,5
MA117,3,5,1,3,3,4,3,2,4,3,1,3,3,2,3,1,3,4,3,3,1,2,2,3,3
MA149,5,1,3,0,0,0,0,0,0,0,1,0,3,0,0,3,3,3,5,1,5,3,4,3,3
MA191,4,0,2,2,0,5,3,3,4,4,0,3,5,3,4,0,3,2,2,4,3,3,2,3,3
MA195,3,2,4,4,0,3,0,0,4,0,3,0,2,2,3,1,5,4,4,5,3,4,2,1,4
MA202,1,0,3,0,0,0,0,0,0,0,0,0,3,0,0,0,3,3,2,3,4,2,1,3,3
MA258,3,3,0,0,3,0,3,5,0,5,3,0,2,0,0,1,0,3,2,2,4,3,4,3,3
MA264,2,3,3,3,0,2,0,0,3,0,4,0,3,5,4,2,2,4,4,3,3,3,3,3,2
MA298,5,0,3,0,0,0,0,3,0,3,0,1,3,4,3,0,3,5,1,3,1,2,3,2,5
MA331,5,0,0,3,0,0,0,4,4,0,0,0,3,0,5,0,0,2,4,4,2,5,4,4,1
MA340,3,3,3,0,4,0,4,2,0,1,3,3,4,0,0,3,1,2,3,3,4,3,4,3,5
MA345,2,3,0,0,0,0,0,0,0,0,0,0,2,0,0,5,0,4,3,5,3,3,3,4,3
MA359,2,0,3,0,0,3,3,4,0,3,0,3,2,4,3,0,5,5,3,2,3,1,1,3,5
MA371,4,3,0,1,2,1,4,2,4,3,2,0,3,5,4,3,0,3,5,4,3,3,3,3,1
MA376,3,5,3,1,0,2,2,2,3,0,3,0,3,0,2,4,3,3,3,3,1,4,1,2,3
MA378,4,0,0,5,0,3,4,3,3,5,0,0,2,2,2,0,0,3,3,4,4,4,1,1,4
MA387,3,0,1,0,0,4,5,3,0,0,3,0,5,0,5,0,3,4,2,4,2,4,3,2,3
MA407,3,3,0,0,0,0,0,5,0,0,0,0,3,0,0,3,0,4,3,4,3,3,3,5,3
MA419,3,3,3,1,0,0,0,3,3,0,0,0,1,0,4,3,2,2,2,1,5,3,3,4,4
MA423,4,0,3,0,0,0,3,3,0,3,0,1,3,0,0,0,2,3,2,2,3,1,3,1,2
MA428,3,3,0,0,0,0,0,0,0,0,0,0,4,0,0,3,0,4,3,3,3,4,1,3,5
MA431,4,5,3,1,4,2,3,3,2,3,3,3,4,2,2,3,3,5,1,4,3,3,1,3,2
MA441,2,0,4,0,3,3,3,5,0,2,2,3,3,1,4,0,3,1,3,5,4,2,2,3,3
MA442,0,0,0,0,0,0,0,0,0,0,0,0,0,0,0,0,0,0,4,4,3,5,2,2,1
MA445,0,0,0,0,0,0,0,0,0,0,0,0,0,0,0,0,0,0,0,1,3,5,1,3,5
MA475,0,0,0,0,0,0,0,0,0,0,0,0,0,0,0,0,0,0,0,0,2,3,2,5,1
MA486,0,0,0,0,0,0,0,0,0,0,0,0,0,0,0,0,0,0,3,4,2,4,3,4,3
MA490,0,0,0,0,0,0,0,0,0,0,0,0,0,0,0,0,0,0,0,1,4,3,4,4,3
MA498,0,0,0,0,0,0,0,0,0,0,0,0,0,0,0,0,0,3,5,3,2,3,1,2,1
MA505,3,0,3,0,0,1,2,3,0,0,4,0,3,0,4,0,3,3,3,3,3,2,2,3,4
MA516,5,0,0,0,0,3,4,4,0,3,0,0,3,5,3,0,0,4,2,3,1,4,4,3,3
MA528,0,0,0,0,0,0,0,0,0,0,0,0,1,0,3,0,0,3,2,4,3,3,2,3,3
MA536,0,0,0,0,0,0,0,0,0,0,0,0,5,3,3,0,3,4,2,3,2,3,3,5,3
MA541,4,3,4,3,3,2,3,3,3,5,4,5,3,5,4,2,3,2,1,2,1,4,3,3,4
MA557,4,5,3,3,0,2,2,3,5,0,2,0,4,0,3,2,3,2,3,1,4,3,4,3,3
MA571,1,0,3,3,0,4,4,2,3,1,0,3,2,4,3,0,1,3,5,3,5,2,3,4,3
MA578,0,0,0,0,0,0,0,0,0,0,0,0,0,0,0,0,0,1,4,4,5,2,3,3,3
MA591,0,0,0,0,0,0,0,0,0,0,0,0,2,3,3,3,3,4,3,3,2,3,3,4,2
MA602,0,0,0,0,0,0,0,0,0,0,0,0,4,2,4,3,3,4,4,3,4,3,3,1,1
MA611,0,0,0,0,0,0,0,0,0,0,0,0,0,0,0,0,0,1,3,1,3,4,3,2,4
MA646,2,4,0,2,0,0,0,1,2,2,0,0,3,4,2,3,0,3,3,3,2,4,4,3,2
MA649,0,0,0,0,0,0,0,0,0,0,0,0,4,5,3,2,0,3,1,3,2,4,3,3,5
MA651,2,0,4,0,3,3,4,3,0,4,2,4,4,4,4,0,5,3,3,2,5,4,4,1,4
MA661,4,0,2,0,0,0,0,3,0,2,0,5,3,3,3,0,5,2,2,5,3,1,2,1,5
MA674,2,5,5,3,1,1,3,3,3,3,5,3,3,4,2,2,2,2,3,3,3,5,2,3,1
MA676,3,3,0,3,0,0,0,2,3,0,0,0,3,0,5,3,0,3,3,3,3,1,3,4,3
MA679,2,3,4,4,0,4,3,3,3,0,5,0,1,0,1,2,3,3,3,3,5,2,2,5,1
MA683,0,0,0,0,0,0,0,0,0,0,0,0,0,0,0,0,0,0,0,0,2,3,4,5,4
MA693,0,0,0,0,0,0,0,0,0,0,0,0,0,0,0,0,0,4,3,4,3,3,2,3,4
MA713,5,2,0,2,0,5,0,0,3,0,4,0,3,4,4,4,0,5,3,2,3,4,1,1,1
MA746,0,0,0,0,0,0,0,0,0,0,0,0,4,2,2,4,0,2,2,4,4,3,3,2,3
MA801,1,0,1,0,0,0,0,0,0,0,4,0,3,0,0,0,1,3,5,5,3,3,3,3,3
MA806,4,0,3,3,0,3,3,1,2,0,0,0,3,0,2,0,4,1,4,3,5,3,2,3,4
MA813,2,4,1,5,1,5,3,3,5,5,3,2,3,3,3,3,1,4,4,2,3,3,3,1,3
MA826,0,0,0,0,0,0,0,0,0,0,0,0,2,5,3,1,0,2,4,3,4,4,2,3,4
MA854,0,0,0,0,0,0,0,0,0,0,0,0,3,3,2,0,0,3,2,4,4,5,2,2,3
MA882,0,0,0,0,0,0,0,0,0,0,0,0,1,0,4,0,1,5,2,2,3,4,2,3,3
MA891,2,3,4,3,0,0,0,4,3,3,0,3,1,4,3,4,4,4,2,2,5,4,4,1,3
MA893,0,0,0,0,0,0,0,0,0,0,0,0,3,3,4,0,1,3,3,3,4,5,5,2,2
MA919,5,0,0,0,2,2,4,2,0,2,3,0,3,3,4,0,0,2,3,3,2,4,2,2,3
MA927,0,0,0,0,0,0,0,0,0,0,0,0,1,5,3,5,0,3,3,3,4,4,5,3,3
MA930,0,0,0,0,0,0,0,0,0,0,0,0,0,0,0,0,0,0,0,0,0,0,0,2,3
MA933,0,0,0,0,0,0,0,0,0,0,0,0,3,0,0,2,3,2,4,3,3,1,3,5,1
MA949,0,0,0,0,0,0,0,0,0,0,0,0,0,0,0,0,0,0,3,3,3,4,2,1,3
MA954,0,0,0,0,0,0,0,0,0,0,0,0,3,3,3,3,0,3,3,3,2,4,3,1,3
MA959,4,4,0,5,0,5,0,0,3,0,3,0,4,3,3,2,0,3,1,4,3,2,3,2,3
MA963,4,0,0,4,0,4,3,3,4,4,0,0,4,1,3,0,0,4,4,3,4,3,3,3,4
MA968,4,0,3,0,0,2,0,0,0,0,0,0,3,4,3,0,3,2,4,5,3,4,3,4,4
MA971,4,3,3,4,2,4,5,3,4,4,3,3,4,3,1,4,3,4,2,1,5,2,4,4,4
MA982,2,0,4,3,0,0,0,4,4,5,0,4,2,3,3,0,4,5,4,4,1,4,3,3,1
PY026,3,0,3,0,0,4,3,3,0,3,0,5,3,2,3,0,3,1,5,2,1,1,3,2,1
PY028,3,3,0,3,3,2,3,1,1,3,2,0,3,5,4,4,0,5,4,3,3,2,3,5,3
PY036,4,3,0,3,0,3,0,0,4,0,4,0,3,4,3,1,0,4,3,3,3,4,4,3,2
PY094,3,3,0,0,0,0,3,4,0,0,3,0,5,0,0,2,0,5,2,1,4,5,2,3,3
PY096,3,0,0,1,0,2,2,1,4,2,0,0,3,2,2,0,0,4,4,3,3,4,3,5,4
PY116,1,3,3,4,3,4,2,2,1,3,3,3,3,1,1,4,3,3,4,4,2,3,4,4,4
PY121,2,2,3,4,3,2,4,2,2,2,3,3,3,1,1,2,3,1,3,2,2,2,1,3,3
PY132,4,1,0,3,0,3,0,0,1,0,3,0,3,3,1,3,0,3,3,4,3,3,2,3,1
PY133,4,5,0,1,3,4,3,1,5,4,2,0,3,3,3,4,0,1,5,2,4,3,2,2,4
PY134,0,0,0,0,0,0,0,0,0,0,0,0,1,5,3,2,2,3,4,2,2,3,3,2,2
PY150,3,4,3,3,0,0,0,4,2,3,0,3,3,4,4,3,4,4,4,5,2,2,4,4,5
PY160,1,3,2,3,2,2,1,3,3,2,3,2,5,3,3,4,3,4,3,5,2,5,4,3,3
PY197,0,0,0,0,0,0,0,0,0,0,0,0,5,2,3,0,0,3,3,4,1,4,3,5,3
PY200,0,0,0,0,0,0,0,0,0,0,0,0,2,0,4,0,3,1,3,3,2,3,3,3,3
PY209,0,0,0,0,0,0,0,0,0,0,0,0,2,0,2,0,2,3,3,2,3,2,3,3,1
PY226,4,0,2,3,0,3,2,4,3,2,0,4,3,2,3,0,3,4,3,3,5,3,3,2,3
PY235,0,0,0,0,0,0,0,0,0,0,0,0,2,3,3,3,4,5,2,2,2,3,3,4,3
PY236,3,4,3,3,0,3,0,0,5,0,4,0,4,0,2,3,1,3,3,5,3,5,2,2,3
PY251,3,1,2,0,0,0,0,2,0,0,0,0,5,0,0,3,3,3,3,4,1,4,4,3,3
PY273,3,0,2,0,0,0,4,3,0,3,0,4,4,0,0,0,2,3,2,4,2,4,3,3,2
PY276,3,0,4,0,0,0,0,4,0,4,0,2,2,0,0,0,5,1,1,3,2,3,3,2,3
PY294,3,3,4,2,5,3,5,2,3,3,4,3,3,5,3,2,3,3,3,3,5,4,2,2,5
PY295,4,0,3,4,0,2,3,3,3,4,0,4,4,3,3,0,3,2,3,2,3,3,2,5,4
PY305,0,0,0,0,0,0,0,0,0,0,0,0,3,5,5,5,0,5,3,4,2,3,5,5,3
PY308,4,0,4,0,1,2,2,4,0,3,3,3,4,3,3,0,3,4,3,2,4,3,4,3,4
PY315,1,3,3,4,5,3,4,3,5,4,1,4,3,1,2,5,5,4,5,4,1,2,1,1,2
PY318,3,4,0,0,0,0,0,3,0,5,0,0,3,0,0,1,0,1,3,2,4,1,3,2,2
PY322,4,2,2,0,3,0,1,2,0,3,4,4,3,0,0,4,3,4,4,3,3,4,2,4,4
PY329,4,0,2,1,0,0,0,2,5,5,0,3,4,4,5,0,3,3,4,4,5,3,4,3,3
PY334,2,4,5,2,1,4,3,5,2,1,3,1,2,2,2,2,5,2,3,4,3,3,4,4,4
PY355,0,0,0,0,0,0,0,0,0,0,0,0,0,0,0,0,0,0,3,5,3,5,1,2,3
PY366,0,0,0,0,0,0,0,0,0,0,0,0,2,0,0,3,1,3,3,1,4,5,2,5,2
PY375,1,1,3,0,0,0,4,3,0,0,1,0,3,0,0,3,3,3,3,2,3,3,3,5,3
PY376,0,0,0,0,0,0,0,0,0,0,0,0,0,0,0,0,0,1,3,1,2,3,4,3,1
PY389,0,0,0,0,0,0,0,0,0,0,0,0,0,0,0,0,0,0,4,3,3,5,2,4,3
PY410,2,5,3,0,3,0,3,2,0,2,3,2,1,0,0,3,3,2,3,4,3,4,3,4,2
PY419,0,0,0,0,0,0,0,0,0,0,0,0,0,0,0,0,0,0,0,3,4,3,2,1,1
PY426,0,0,0,0,0,0,0,0,0,0,0,0,0,0,0,0,0,0,0,5,3,3,2,3,2
PY440,0,0,0,0,0,0,0,0,0,0,0,0,0,0,0,0,0,0,0,0,0,0,1,5,5
PY446,3,5,3,1,2,5,3,4,4,3,1,2,1,2,3,2,2,3,3,3,3,3,5,2,1
PY505,0,0,0,0,0,0,0,0,0,0,0,0,0,0,0,0,0,0,3,2,3,5,2,3,3
PY512,3,2,3,1,5,3,3,3,3,3,3,3,2,2,3,4,2,1,2,5,4,3,5,3,5
PY526,0,0,0,0,0,0,0,0,0,0,0,0,4,0,3,2,2,2,4,2,5,3,4,2,2
PY537,5,0,2,0,0,0,3,3,0,0,0,0,1,0,0,0,4,5,2,3,2,3,3,1,4
PY571,3,0,2,5,0,5,0,0,3,0,0,0,5,3,2,0,5,2,3,3,2,1,3,4,1
PY593,3,0,5,0,3,0,1,4,0,2,3,2,4,0,0,0,2,5,4,5,2,2,3,3,2
PY603,4,3,0,3,0,4,3,3,2,0,5,0,1,0,3,5,0,4,1,5,3,4,3,3,3
PY622,0,0,0,0,0,0,0,0,0,0,0,0,1,0,3,0,0,5,1,2,3,3,5,3,1
PY623,3,3,5,3,3,4,4,3,2,4,4,4,5,4,4,5,2,3,3,3,4,4,4,5,2
PY638,4,3,0,2,0,3,0,0,2,0,3,0,1,5,5,5,0,5,3,1,2,5,1,3,1
PY645,2,1,4,3,5,3,5,3,3,3,3,4,3,4,4,2,3,2,3,3,5,1,1,1,3
PY652,4,0,4,4,0,1,0,0,4,0,0,0,5,0,4,0,1,4,3,4,4,3,4,3,2
PY681,4,3,1,5,3,4,4,3,3,3,3,4,4,2,3,5,3,4,4,3,3,4,3,3,4
PY713,4,2,0,2,3,3,3,1,3,3,3,0,2,5,2,3,0,3,4,2,3,3,1,3,3
PY714,3,5,1,3,3,3,4,3,1,4,4,3,3,2,2,2,3,5,3,2,2,3,3,3,3
PY747,0,0,0,0,0,0,0,0,0,0,0,0,0,0,0,0,0,5,2,3,3,1,2,1,2
PY755,4,3,2,3,5,2,2,5,2,3,2,5,5,4,3,3,2,4,5,3,3,2,3,3,3
PY773,3,0,4,4,0,4,3,2,5,3,0,3,4,1,2,0,4,3,3,3,4,4,3,2,5
PY776,3,4,2,3,4,1,3,3,4,2,2,5,3,2,2,5,2,3,3,4,4,3,1,4,3
PY783,5,3,3,1,4,3,3,2,2,2,3,4,3,4,1,3,3,5,4,3,4,2,3,1,3
PY786,2,4,3,4,3,1,4,4,5,3,4,4,2,2,1,3,3,5,3,4,3,2,1,3,4
PY808,5,3,4,3,0,0,0,1,1,3,0,2,3,2,4,4,4,3,2,4,2,2,2,3,3
PY827,3,0,2,0,0,0,0,0,0,0,0,0,4,0,0,0,5,2,4,3,2,2,3,3,2
PY841,3,0,3,0,0,3,5,1,0,0,3,0,3,0,2,0,4,3,3,3,2,3,3,3,1
PY845,5,4,2,3,0,1,0,0,3,0,3,0,1,1,3,4,2,3,3,2,3,3,3,3,3
PY847,5,3,3,3,1,3,3,2,3,1,3,2,1,4,5,2,3,2,3,3,2,4,2,1,4
PY869,3,3,0,3,3,3,3,3,3,4,3,0,3,3,3,4,0,4,4,5,3,5,2,1,3
PY875,5,3,2,3,0,0,0,5,4,2,0,3,3,2,4,3,4,5,1,5,4,3,3,3,3
PY881,3,1,3,2,1,3,3,3,1,4,3,2,3,3,1,3,4,4,2,4,3,5,1,3,3
PY911,2,0,3,1,0,3,2,5,4,2,0,3,4,5,3,0,3,3,5,3,3,3,2,3,5
PY915,0,0,0,0,0,0,0,0,0,0,0,0,0,0,0,0,0,0,0,0,0,3,2,1,3
PY919,0,0,0,0,0,0,0,0,0,0,0,0,3,3,3,3,4,1,3,3,2,2,2,3,3
PY925,0,0,0,0,0,0,0,0,0,0,0,0,1,3,1,2,4,2,3,5,3,2,2,2,1
PY929,1,3,3,4,4,4,3,2,4,3,1,4,3,2,4,5,3,3,3,4,1,3,5,2,5
PY958,5,2,4,2,4,4,2,4,4,3,2,1,3,5,4,3,3,2,2,3,3,3,5,3,3
PY986,2,0,4,4,0,3,3,2,3,5,0,1,4,2,3,0,3,4,3,4,4,4,1,2,1
PY987,3,4,3,4,3,3,4,3,4,2,5,3,4,1,3,5,4,1,3,3,2,4,2,3,3
PY988,3,4,5,2,4,2,3,1,2,3,3,4,4,5,3,2,3,3,3,3,3,3,2,1,2
ST006,2,4,2,0,0,0,4,3,0,0,1,0,4,0,0,1,4,3,2,3,5,1,4,3,3
ST011,4,0,2,0,0,3,3,3,0,0,0,0,2,0,3,0,3,2,3,3,4,3,2,3,4
ST016,3,3,3,0,4,0,3,2,0,3,3,4,4,0,0,3,3,3,3,5,2,5,1,3,2
ST028,3,2,4,4,3,3,5,4,3,4,3,3,3,3,1,3,3,5,5,3,3,2,3,1,2
ST030,0,0,0,0,0,0,0,0,0,0,0,0,0,0,0,0,0,5,2,3,4,1,1,2,3
ST035,2,0,3,0,0,3,0,0,0,0,3,0,3,4,3,0,5,1,1,2,3,2,4,1,3
ST055,2,5,3,0,0,0,0,2,0,4,0,1,3,0,0,3,4,3,2,4,5,1,3,3,2
ST069,4,2,4,3,0,2,2,1,2,0,4,0,4,0,4,5,2,4,3,4,3,3,2,1,3
ST074,5,0,0,0,4,2,1,2,0,4,2,0,4,5,4,0,0,3,2,4,3,4,3,4,3
ST105,3,0,0,0,0,3,0,0,0,0,1,0,3,0,3,0,0,4,3,5,4,2,2,3,4
ST134,1,0,5,3,0,2,4,4,2,3,0,4,4,3,5,0,2,4,3,4,1,4,2,3,1
ST135,3,0,3,0,3,4,3,2,0,5,3,1,4,3,2,0,3,3,3,4,2,2,2,4,3
ST137,3,2,0,4,3,4,3,4,1,3,5,0,2,3,1,4,0,3,2,5,3,2,3,2,3
ST156,0,0,0,0,0,0,0,0,0,0,0,0,5,3,1,3,2,3,4,3,3,3,3,4,3
ST159,0,0,0,0,0,0,0,0,0,0,0,0,1,2,4,1,3,2,3,4,3,4,3,5,4
ST170,3,3,5,3,4,3,2,4,3,3,3,2,4,5,4,3,3,4,3,3,5,3,3,1,1
ST171,1,5,3,3,4,3,3,2,4,2,1,2,2,2,3,2,3,1,2,3,5,4,5,3,3
ST176,0,0,0,0,0,0,0,0,0,0,0,0,2,0,3,2,3,2,2,1,3,4,3,3,2
ST215,0,0,0,0,0,0,0,0,0,0,0,0,1,0,0,4,5,3,1,3,2,3,3,1,3
ST217,0,0,0,0,0,0,0,0,0,0,0,0,3,0,5,0,2,4,2,4,4,2,5,5,5
ST220,3,2,3,3,0,3,3,1,3,0,4,0,1,0,1,3,4,4,1,5,5,3,3,1,3
ST229,3,0,3,3,0,0,0,1,3,4,0,3,3,3,3,0,4,2,1,3,5,3,4,3,3
ST249,4,4,2,3,0,3,0,0,3,0,3,0,4,3,3,1,2,3,3,5,5,4,3,5,3
ST263,3,4,1,2,0,0,0,3,5,3,0,2,2,5,3,3,3,4,3,3,3,1,5,5,5
ST270,5,4,3,0,0,0,3,5,0,0,1,0,3,0,0,2,4,1,2,1,3,3,3,3,2
ST273,4,4,0,3,0,0,0,3,2,3,0,0,4,3,3,3,0,3,3,2,4,2,3,2,3
ST291,1,0,3,0,3,2,3,3,0,4,3,3,5,4,5,0,3,2,3,5,3,4,3,3,5
ST294,4,5,4,3,3,5,3,2,3,3,1,4,2,3,4,3,4,3,5,2,1,4,4,2,5
ST298,3,0,3,3,0,3,3,3,1,2,0,4,3,4,5,0,5,3,2,3,3,4,3,2,4
ST304,0,0,0,0,0,0,0,0,0,0,0,0,5,4,3,0,2,2,3,2,4,5,3,3,4
ST372,5,4,1,0,4,0,2,3,0,2,4,1,4,0,0,4,4,5,3,3,3,3,4,1,2
ST395,0,0,0,0,0,0,0,0,0,0,0,0,0,0,0,0,0,0,4,3,3,3,5,2,3
ST397,0,0,0,0,0,0,0,0,0,0,0,0,4,0,5,0,5,4,2,3,2,2,3,1,5
ST405,0,0,0,0,0,0,0,0,0,0,0,0,4,4,4,3,3,3,1,3,1,3,5,3,5
ST409,0,0,0,0,0,0,0,0,0,0,0,0,3,0,5,2,2,4,2,2,3,4,2,3,4
ST422,0,0,0,0,0,0,0,0,0,0,0,0,0,0,0,0,0,3,2,3,5,4,3,1,1
ST424,2,3,3,3,0,0,0,3,2,0,0,0,4,0,3,4,2,5,2,2,2,5,5,4,3
ST432,3,5,3,5,3,3,4,2,5,3,5,3,4,3,3,3,5,3,2,5,2,3,2,4,2
ST444,2,5,4,2,4,5,1,4,3,3,3,3,1,4,1,3,2,4,3,3,3,4,3,4,1
ST461,0,0,0,0,0,0,0,0,0,0,0,0,3,3,2,5,0,4,3,2,4,4,3,3,2
ST471,3,3,4,0,0,0,2,3,0,0,2,0,3,0,0,4,4,3,4,5,1,3,2,3,3
ST495,3,3,5,3,4,3,3,3,2,3,3,3,3,3,3,3,2,2,1,1,2,1,2,3,1
ST502,3,0,4,0,0,3,0,0,0,0,3,0,2,0,3,0,1,4,1,3,3,3,1,3,3
ST503,1,2,3,3,0,3,5,1,3,0,1,0,3,0,2,3,3,2,3,4,4,4,3,4,2
ST505,4,5,1,3,3,4,2,5,3,2,1,4,1,2,3,3,3,3,4,5,2,4,5,3,3
ST525,2,0,3,4,0,0,0,1,4,2,0,3,3,2,4,0,5,3,2,2,5,4,1,4,3
ST526,0,0,0,0,0,0,0,0,0,0,0,0,3,3,3,4,2,4,4,4,1,1,3,4,3
ST533,2,0,3,0,2,1,3,3,0,4,3,2,3,5,5,0,3,4,4,3,2,5,3,2,2
ST566,3,3,1,4,0,4,2,3,1,0,3,0,3,0,3,3,5,5,2,2,2,4,1,2,3
ST574,2,1,3,2,0,5,0,0,5,0,3,0,1,4,5,3,3,2,3,3,3,1,3,3,2
ST582,2,0,4,0,4,2,5,4,0,1,2,5,3,3,2,0,2,3,3,3,3,3,4,4,4
ST585,0,0,0,0,0,0,0,0,0,0,0,0,0,0,0,0,0,0,3,5,3,3,5,5,3
ST619,0,0,0,0,0,0,0,0,0,0,0,0,0,0,0,0,0,4,5,4,3,2,3,5,2
ST634,2,2,4,3,0,4,0,0,3,0,3,0,3,0,3,2,3,4,1,1,3,3,2,4,3
ST658,0,0,0,0,0,0,0,0,0,0,0,0,0,0,0,0,0,3,1,4,4,3,4,1,3
ST670,0,0,0,0,0,0,0,0,0,0,0,0,0,0,0,0,0,2,3,3,2,4,2,2,3
ST673,3,0,4,3,0,3,2,3,4,3,0,3,1,4,3,0,3,5,1,4,3,4,4,2,4
ST681,3,0,2,0,0,0,4,3,0,3,0,5,1,0,0,0,1,1,3,5,3,3,3,2,1
ST691,2,3,2,0,4,0,5,3,0,4,2,3,4,0,0,4,3,2,5,2,5,3,2,4,1
ST705,4,2,4,3,3,3,1,4,2,3,3,3,2,2,2,4,1,5,2,2,3,1,3,4,1
ST720,4,3,2,0,0,0,0,3,0,3,0,4,3,0,0,5,4,4,4,3,3,3,3,3,2
ST721,3,0,2,0,0,0,4,2,0,2,0,3,3,0,0,0,2,1,3,1,5,3,3,3,3
ST745,1,5,3,0,0,0,0,3,0,3,0,3,1,0,0,3,4,4,5,5,4,5,4,4,1
ST746,1,0,3,0,0,0,4,5,0,4,0,3,3,0,0,0,1,2,4,3,3,2,4,4,3
ST769,5,4,4,4,2,2,1,1,2,4,2,5,3,2,3,2,5,4,1,5,4,1,3,3,2
ST785,4,1,0,1,0,4,0,0,2,0,1,0,5,3,2,3,0,3,3,3,3,4,1,3,4
ST798,0,0,0,0,0,0,0,0,0,0,0,0,4,2,3,2,5,3,4,3,4,1,5,5,3
ST808,0,0,0,0,0,0,0,0,0,0,0,0,2,3,3,0,3,3,2,4,3,3,3,5,4
ST866,1,0,5,0,0,0,0,0,0,0,0,0,2,0,0,0,5,2,3,2,2,1,3,4,2
ST901,3,1,0,4,1,3,5,3,3,3,3,0,5,4,3,3,0,5,4,3,1,3,5,3,2
ST918,1,0,5,0,5,4,3,3,0,4,3,3,2,2,4,0,3,1,5,4,3,3,3,3,4
ST957,2,2,1,0,2,0,1,2,0,1,3,3,1,0,0,5,1,4,3,1,2,3,3,3,4
ST958,2,3,0,0,0,0,0,3,0,0,0,0,4,0,0,4,0,3,3,1,3,1,1,3,3
ST959,4,4,0,0,3,0,3,3,0,5,3,0,3,0,0,2,0,3,3,1,3,1,3,4,5
ST964,2,0,0,0,3,2,3,3,0,4,2,0,1,5,4,0,0,1,1,2,1,3,2,4,3
ST980,3,0,3,2,0,4,3,2,4,1,0,3,4,5,4,0,2,4,3,1,4,2,1,5,3
