courseId,2025-03-03 10:00:00,2025-03-03 14:00:00,2025-03-04 10:00:00,2025-03-04 14:00:00,2025-03-05 10:00:00,2025-03-05 14:00:00,2025-03-06 10:00:00,2025-03-06 14:00:00,2025-03-07 10:00:00,2025-03-07 14:00:00,2025-03-10 10:00:00,2025-03-10 14:00:00,2025-03-11 10:00:00,2025-03-11 14:00:00,2025-03-12 10:00:00,2025-03-12 14:00:00,2025-03-13 10:00:00,2025-03-13 14:00:00,2025-03-14 10:00:00,2025-03-14 14:00:00,2025-03-17 10:00:00,2025-03-17 14:00:00,2025-03-18 10:00:00,2025-03-18 14:00:00,2025-03-19 10:00:00,2025-03-19 14:00:00,2025-03-20 10:00:00,2025-03-20 14:00:00
BI002,3,4,5,4,2,3,4,3,3,2,3,2,5,3,3,5,2,2,5,1,3,3,4,3,4,5,3,3
BI025,2,4,4,4,3,2,1,5,3,5,3,3,3,5,1,3,3,2,3,5,5,2,5,5,1,2,3,3
BI057,3,3,4,2,1,3,5,3,1,2,1,3,2,1,4,1,3,3,1,3,5,4,4,3,4,2,3,2
BI077,2,3,5,3,1,2,2,3,3,4,4,4,1,2,2,3,2,3,2,5,2,2,1,1,1,2,3,2
BI080,1,2,1,2,1,3,2,5,4,4,5,1,1,5,4,1,4,3,4,1,4,3,4,4,3,2,4,1
BI096,3,3,3,2,3,3,2,4,2,3,2,1,3,1,3,5,3,3,1,4,4,3,3,3,3,3,2,4
BI103,4,3,3,3,3,4,3,4,3,3,3,3,4,3,1,3,3,2,3,4,3,2,3,3,3,5,1,3
BI145,3,5,1,2,2,2,3,2,4,5,4,2,2,4,3,1,1,2,2,2,3,1,4,5,3,2,3,2
BI148,3,3,4,5,4,3,1,4,1,2,2,1,2,2,1,3,2,5,4,5,3,4,3,3,1,2,5,3
BI150,2,3,3,5,2,4,5,4,4,1,3,3,4,1,2,2,3,3,3,2,4,2,4,3,3,2,2,5
BI152,4,3,3,3,2,3,1,5,3,3,3,3,3,4,4,4,3,3,5,3,3,3,4,3,3,5,4,3
BI172,2,3,2,2,2,1,5,3,3,1,3,3,4,4,5,3,4,3,2,2,3,3,4,2,3,3,3,1
BI184,1,5,5,3,2,4,3,5,3,3,1,5,5,4,3,3,3,2,3,2,5,4,3,3,5,3,3,3
BI190,2,5,1,5,2,2,3,2,3,4,3,1,3,5,2,3,3,1,3,3,3,1,5,3,3,3,4,3
BI253,5,1,5,1,2,3,3,3,4,3,4,2,3,2,4,4,1,1,4,2,5,2,4,3,4,3,2,2
BI266,3,2,3,2,4,3,3,4,4,3,5,3,4,3,3,2,5,3,1,1,3,3,2,3,4,3,2,4
BI320,3,5,3,5,4,3,3,2,4,3,4,3,2,3,2,3,2,3,2,2,3,3,2,5,3,2,4,2
BI321,4,3,3,2,1,4,1,3,4,3,3,5,4,2,4,4,4,3,4,1,3,3,4,3,4,3,4,4
BI326,3,4,3,3,1,4,3,3,4,4,2,4,3,3,2,3,5,3,5,2,3,4,2,2,5,3,1,3
BI334,2,4,3,2,3,4,2,3,1,4,4,3,3,4,3,3,4,2,2,3,3,3,1,1,4,2,5,3
BI451,4,4,3,4,3,2,5,3,1,2,2,3,2,5,3,3,3,3,2,3,3,1,5,4,5,3,3,1
BI480,4,2,2,4,1,2,4,2,3,1,4,4,4,5,4,4,1,2,5,3,3,3,2,3,1,2,4,3
BI483,3,3,2,3,1,3,4,3,5,3,3,3,3,3,3,3,1,3,3,2,3,1,4,3,2,3,2,1
BI484,4,2,2,3,4,3,2,3,3,3,3,3,3,2,2,1,2,1,1,3,2,3,4,3,4,1,3,3
BI498,4,3,3,3,4,2,3,4,3,2,3,3,2,2,1,2,2,3,2,2,3,3,2,5,2,4,2,3
BI506,4,3,5,2,3,4,5,3,3,3,1,2,3,2,1,3,3,3,3,4,5,2,5,3,5,2,4,2
BI534,3,3,3,2,3,3,2,3,3,3,4,3,3,3,5,3,2,3,2,5,1,1,2,2,2,3,2,4
BI536,4,5,3,3,4,3,4,5,3,2,3,2,4,2,3,2,2,3,2,3,3,2,4,1,4,3,4,3
BI541,4,2,1,1,1,1,5,5,3,5,3,2,2,4,4,5,2,5,1,3,4,3,3,3,2,3,2,3
BI543,1,3,4,3,3,5,4,3,4,3,4,1,4,3,1,4,3,3,2,2,4,2,4,5,3,3,3,3
BI555,3,2,3,4,3,3,5,1,3,1,3,4,3,2,3,2,3,1,3,4,4,3,3,4,5,3,2,3
BI558,4,5,3,4,3,4,3,3,1,3,1,3,3,3,4,3,1,3,4,3,2,5,2,3,1,1,3,3
BI586,4,5,3,2,3,3,5,4,3,3,2,3,3,3,4,4,3,3,3,3,3,3,3,4,5,3,3,4
BI614,4,3,4,2,3,4,4,3,3,4,3,5,5,2,3,3,3,3,3,4,2,3,4,5,3,4,3,3
BI617,2,3,3,4,3,2,3,5,3,2,2,5,3,5,3,3,3,3,2,3,3,3,3,5,4,3,5,2
BI653,3,3,2,3,2,1,3,2,3,2,1,5,5,3,3,1,3,1,3,2,1,3,4,2,5,3,3,3
BI672,4,5,3,4,4,3,3,5,2,2,3,1,3,3,1,5,3,3,4,4,3,3,2,3,2,5,2,3
BI676,2,5,4,4,3,1,3,2,1,2,2,3,4,5,5,3,1,3,5,4,4,1,1,3,2,3,2,5
BI716,3,3,3,2,3,3,4,4,3,3,3,4,3,3,5,3,5,2,2,3,4,1,3,2,5,5,3,1
BI718,4,3,4,3,3,3,3,2,3,5,4,4,3,3,3,2,4,3,2,1,3,4,3,3,3,2,1,5
BI721,2,3,2,4,4,3,5,2,5,4,3,3,3,2,1,3,3,4,4,4,1,2,2,2,1,2,4,1
BI730,3,3,3,4,5,3,2,5,3,4,4,5,4,3,4,3,3,2,3,3,4,2,2,2,1,5,2,3
BI731,4,2,2,2,3,2,2,4,2,4,2,4,1,4,3,4,2,4,3,1,3,1,1,4,1,3,3,2
BI745,5,2,3,3,1,3,2,3,4,3,4,2,3,3,4,3,3,2,2,2,4,3,4,5,2,4,3,3
BI778,5,3,3,4,3,4,3,3,2,3,4,3,5,2,5,2,3,3,2,3,3,3,4,4,3,4,5,5
BI787,3,2,3,4,5,3,3,3,3,3,3,2,3,3,3,3,3,4,3,3,2,2,3,4,2,1,3,3
BI793,1,2,4,3,2,3,2,3,3,3,3,1,3,3,4,4,4,2,3,2,3,4,3,5,2,2,2,3
BI802,3,5,1,2,3,2,3,3,4,4,3,4,3,5,1,4,2,3,5,3,3,5,4,2,5,4,3,1
BI832,3,4,3,4,1,2,2,3,4,2,5,2,3,2,4,2,5,5,2,5,1,4,2,3,3,5,2,3
BI887,3,4,5,5,3,3,2,4,2,3,3,5,1,3,4,5,2,2,4,4,1,4,2,3,2,4,5,3
BI931,1,3,4,4,2,4,2,4,4,4,3,4,4,3,2,3,4,4,3,3,1,3,1,2,4,2,5,3
BI976,4,5,3,4,1,3,3,3,1,3,2,4,1,3,3,3,3,5,3,5,4,4,3,4,5,1,4,3
BI990,3,3,3,2,3,1,2,2,3,1,3,5,3,4,3,1,4,3,4,3,2,5,3,3,3,3,4,4
BI999,1,3,4,3,3,3,2,1,3,2,3,3,5,3,2,3,1,3,4,2,3,3,5,3,3,2,2,2
CA009,3,1,3,3,3,3,3,3,3,3,3,3,2,4,3,3,4,2,4,2,3,5,5,3,2,3,3,3
CA021,3,3,3,1,4,4,1,1,1,2,3,2,3,4,2,3,3,5,4,2,2,3,3,3,3,2,4,3
CA046,5,3,1,2,3,2,4,4,1,1,3,2,5,4,5,3,2,3,2,4,2,1,3,3,3,4,5,4
CA056,3,1,5,3,2,3,2,2,4,4,5,3,1,3,4,1,2,3,2,2,2,2,1,5,1,3,2,3
CA102,4,3,4,4,1,2,3,3,5,3,2,3,4,1,3,2,5,3,3,1,1,3,1,3,3,3,3,3
CA119,3,2,2,3,3,3,2,2,3,4,3,3,4,1,5,3,4,4,3,5,3,3,3,4,3,3,4,3
CA124,4,2,4,4,3,3,4,3,5,4,2,2,2,4,3,2,3,3,3,2,1,4,4,1,3,3,3,1
CA142,4,3,2,3,4,2,3,3,4,4,4,3,3,3,1,4,3,3,2,1,4,1,3,1,3,3,3,4
CA166,5,3,3,2,1,4,4,5,4,4,5,2,3,5,2,5,3,2,3,1,2,3,5,3,4,5,5,3
CA186,3,2,1,3,3,1,4,3,5,3,1,3,1,2,4,4,3,2,2,4,1,1,5,3,4,3,4,3
CA198,2,3,3,3,4,3,5,3,3,3,1,4,3,1,2,2,2,4,2,5,4,4,3,5,3,5,2,4
CA203,2,2,4,5,3,3,2,2,3,3,2,4,3,3,3,2,3,4,3,2,5,3,3,3,1,1,3,3
CA215,2,3,4,3,1,2,3,4,4,3,1,3,4,3,3,4,4,3,3,5,3,3,3,3,5,3,4,3
CA233,1,2,3,3,2,2,3,1,3,1,3,3,3,1,3,4,3,3,4,4,2,4,3,5,2,3,4,3
CA286,3,4,2,3,2,3,3,3,3,2,2,4,2,2,5,3,4,2,2,2,2,2,4,3,3,3,4,4
CA302,3,5,3,4,3,4,4,2,3,4,3,4,2,5,2,2,3,2,3,3,3,4,4,4,2,4,3,3
CA360,2,3,5,4,4,3,3,3,3,3,3,4,1,4,5,3,3,4,3,3,2,2,4,3,5,3,2,3
CA370,2,3,2,3,2,3,1,5,4,4,3,4,3,3,3,5,4,3,3,2,4,2,3,4,4,3,1,2
CA400,3,2,3,4,4,4,5,2,3,3,4,5,4,2,3,1,3,3,2,3,3,1,3,5,4,2,3,3
CA418,1,3,3,4,1,2,3,2,2,2,3,2,3,3,3,2,2,3,5,3,3,3,5,4,3,4,5,5
CA444,2,2,2,1,3,5,3,2,5,3,1,3,1,3,2,4,3,3,3,1,3,3,3,4,3,3,1,1
CA490,5,2,4,2,3,2,3,3,1,2,2,4,2,5,2,2,4,3,2,3,4,3,2,3,3,4,3,3
CA505,3,4,3,5,3,3,4,2,2,2,3,3,2,3,3,4,3,2,3,4,3,2,4,1,5,2,2,4
CA530,3,4,4,1,2,2,1,2,2,4,3,2,2,3,1,5,3,2,3,1,3,5,3,3,4,4,5,3
CA537,2,1,1,1,4,4,4,3,1,3,3,4,1,3,4,4,4,2,3,4,2,3,2,3,2,2,3,3
CA548,3,3,4,3,3,1,3,2,3,3,3,4,4,4,3,3,4,2,4,3,2,3,4,2,1,2,1,2
CA550,3,3,5,2,5,2,2,4,3,2,4,2,5,4,2,2,3,3,2,4,2,5,2,4,1,4,2,3
CA561,1,4,3,3,1,4,2,2,4,4,5,3,4,3,4,1,4,4,1,2,3,3,2,2,1,3,3,3
CA595,3,3,2,2,3,3,3,4,3,4,4,2,4,2,1,4,4,4,5,5,3,3,2,3,2,3,1,4
CA600,3,3,4,2,2,2,2,3,3,1,2,2,3,3,3,5,3,5,3,3,2,2,3,4,3,4,4,3
CA618,2,2,3,3,5,3,3,3,5,3,3,2,4,1,3,1,5,3,4,3,4,3,3,2,3,2,2,4
CA666,4,2,3,3,2,3,2,2,2,2,3,2,5,3,2,1,2,4,1,4,1,3,4,4,4,2,3,5
CA689,4,3,3,4,3,3,2,4,3,5,4,3,4,3,4,3,4,4,2,4,5,3,1,3,3,5,4,3
CA694,2,2,3,3,4,3,2,3,1,3,2,3,1,3,2,3,3,2,2,4,2,2,2,3,4,2,2,5
CA722,2,2,3,3,2,5,4,3,3,4,4,3,4,1,3,3,3,4,2,3,3,5,4,3,2,3,3,3
CA736,4,4,3,4,2,2,3,5,3,4,3,2,3,5,2,3,4,3,3,5,2,4,5,3,2,3,3,3
CA741,3,3,4,1,3,4,2,2,3,2,2,5,4,4,3,2,1,4,3,2,5,5,4,3,4,2,3,5
CA743,2,3,4,1,3,3,3,1,5,4,4,2,2,5,3,2,1,4,3,3,2,3,5,3,5,5,3,4
CA771,3,5,4,3,3,4,2,2,4,5,1,3,3,3,3,3,1,3,2,3,4,5,3,3,3,2,1,3
CA820,3,4,4,4,3,2,3,3,2,3,3,3,3,2,3,4,3,2,5,1,2,2,4,5,4,2,4,5
CA842,4,1,3,4,4,1,3,3,3,2,2,2,4,2,2,3,2,3,3,1,2,3,4,3,2,2,2,4
CA843,4,3,4,2,3,3,4,4,4,5,5,3,1,4,3,2,3,4,3,5,3,1,1,3,4,3,2,4
CA845,5,5,1,3,3,2,1,1,3,2,1,4,4,4,4,5,4,3,4,1,3,1,2,2,3,4,3,1
CA846,2,3,1,3,1,5,3,3,5,4,1,3,4,4,5,3,4,3,3,2,3,2,4,3,2,3,5,2
CA867,3,3,2,3,3,3,3,3,1,2,5,2,4,2,4,1,3,2,3,2,2,2,3,4,3,3,3,3
CA868,3,1,4,4,3,3,3,2,3,4,1,3,2,3,2,2,4,3,5,3,3,3,3,3,3,4,3,3
CA893,4,1,3,2,2,3,3,1,4,1,2,3,5,3,5,2,3,5,5,5,5,3,3,4,3,1,3,3
CA897,1,5,2,2,4,1,3,4,3,3,1,4,1,3,3,1,3,3,5,3,4,1,4,2,3,3,3,4
CA901,2,3,2,1,3,3,2,3,3,4,4,1,3,1,3,5,3,3,3,2,4,2,2,4,3,3,4,2
CA905,3,4,3,3,3,3,5,3,2,3,2,3,3,2,4,4,3,3,3,4,5,3,4,2,3,2,3,4
CA923,3,3,2,5,3,3,3,4,4,4,4,4,3,2,1,5,4,4,4,1,4,1,5,2,4,3,3,2
CA942,4,3,3,3,3,1,3,5,3,5,4,3,3,4,2,3,4,4,4,3,3,3,3,3,2,4,3,2
CA980,3,3,1,3,3,2,3,3,4,3,3,5,5,3,4,5,3,4,3,3,3,2,5,4,3,1,2,5
CA986,5,4,5,1,3,3,3,3,3,5,3,3,3,3,3,3,3,3,3,4,4,4,5,2,2,3,2,5
CA988,3,3,1,3,1,2,4,4,4,1,3,2,3,2,2,5,4,1,5,3,1,3,1,4,4,5,2,1
CH000,3,2,1,4,3,2,2,2,2,3,5,1,2,3,2,3,4,4,4,2,4,4,3,2,2,1,3,2
CH070,3,4,4,4,3,5,4,3,3,5,5,4,3,2,3,2,4,1,3,4,1,3,3,4,3,3,2,3
CH101,5,3,3,3,1,1,3,2,3,4,2,2,5,3,3,2,1,1,4,4,3,2,3,3,3,2,3,3
CH123,3,3,2,1,3,4,3,1,3,4,3,2,3,3,2,4,3,3,3,3,3,4,2,5,2,4,2,4
CH162,3,3,4,4,1,3,2,3,3,1,2,3,3,3,3,3,3,1,1,3,3,4,3,3,3,5,3,3
CH169,4,4,1,3,3,1,1,4,3,3,3,4,3,4,3,3,3,2,4,4,4,2,3,2,4,3,3,4
CH179,3,3,2,4,3,5,2,3,3,1,3,3,2,2,4,1,3,2,2,3,3,3,3,4,3,3,2,3
CH197,2,3,2,1,5,2,3,3,4,3,3,4,3,3,3,3,3,4,4,4,3,3,2,3,5,2,3,3
CH204,2,3,3,5,3,2,1,5,3,5,5,3,2,3,3,2,5,4,4,5,2,4,5,3,2,3,4,3
CH222,1,3,3,3,2,1,2,3,2,3,2,1,3,3,2,2,1,5,3,3,2,3,3,2,5,3,3,3
CH234,5,5,3,4,5,3,3,2,3,3,2,5,3,3,2,1,3,2,3,2,4,4,3,5,3,4,1,3
CH240,2,3,5,2,4,5,3,3,4,3,5,3,2,4,3,4,1,5,3,4,3,3,2,5,3,2,3,3
CH260,3,4,1,3,3,3,3,5,4,1,2,2,2,2,3,3,5,4,3,3,2,1,3,3,3,3,4,5
CH274,4,3,3,3,3,3,2,3,3,2,2,3,2,3,4,2,2,3,4,3,3,4,3,5,4,3,1,3
CH282,3,3,4,1,1,3,4,3,2,5,3,2,2,3,3,2,5,2,4,3,5,5,2,2,3,4,4,3
CH303,3,3,2,3,5,2,2,4,3,2,2,4,3,1,1,5,4,2,3,3,2,3,4,5,2,2,1,3
CH336,4,1,3,2,3,2,3,4,4,2,3,4,5,2,3,4,1,3,5,1,3,3,3,2,5,1,1,2
CH355,3,3,3,2,5,3,4,3,3,5,1,5,1,3,4,3,3,5,4,2,5,3,5,2,4,4,1,3
CH357,3,4,3,3,1,3,3,3,5,3,2,1,5,2,4,2,3,4,1,3,4,3,5,2,4,1,3,3
CH371,2,3,3,3,5,3,5,4,3,2,5,4,4,3,3,2,3,3,3,4,3,3,3,2,3,2,4,4
CH375,1,3,3,5,2,4,3,3,4,2,3,3,5,3,2,1,3,2,1,3,5,1,3,1,3,2,3,5
CH424,5,3,5,4,3,4,2,4,3,1,3,2,5,3,3,4,3,5,5,1,3,1,3,2,3,4,3,3
CH469,3,3,3,4,1,5,3,1,1,3,3,3,4,4,2,4,2,3,2,2,4,3,3,3,5,3,2,5
CH471,3,3,4,2,2,3,4,2,3,4,3,2,3,3,3,3,2,5,1,4,3,2,3,3,2,3,3,3
CH507,2,1,3,3,4,1,5,3,2,4,3,3,2,2,5,5,2,5,1,3,5,2,3,4,1,2,4,3
CH539,1,1,4,2,5,3,3,3,5,3,3,2,2,2,2,2,3,3,5,4,2,3,2,3,1,3,2,3
CH563,4,4,3,4,1,3,2,1,3,3,3,4,1,3,3,3,3,1,4,3,3,1,3,2,1,1,4,3
CH580,3,3,3,3,4,2,4,3,3,2,3,1,3,3,2,4,4,2,4,4,4,5,5,3,2,4,3,3
CH588,3,3,1,1,3,4,5,2,3,3,3,3,2,4,3,4,3,4,3,2,3,5,4,1,1,3,1,3
CH595,4,3,5,4,3,4,3,5,2,5,4,5,4,5,3,5,3,4,3,3,2,5,5,1,3,3,2,2
CH596,3,3,5,4,3,1,5,1,4,2,1,3,5,4,1,3,4,3,3,4,5,2,4,1,5,2,3,1
CH625,4,3,2,3,5,3,3,4,4,1,5,1,4,3,4,3,3,2,1,5,2,3,3,2,3,2,3,3
CH662,3,3,3,3,3,2,3,1,5,3,1,4,1,1,3,1,2,2,3,1,4,1,3,3,3,3,1,4
CH667,5,4,2,3,4,3,3,1,2,3,3,3,3,1,3,3,4,1,3,2,1,3,4,3,4,1,2,4
CH673,3,5,3,3,5,3,2,5,4,2,3,3,2,2,4,2,5,3,4,3,5,2,2,4,2,3,4,3
CH723,2,5,3,3,3,1,5,3,3,2,3,2,4,3,2,2,3,3,4,5,3,3,4,4,3,3,3,3
CH739,3,4,3,4,3,2,3,1,3,5,5,4,2,1,2,4,5,4,4,3,4,3,2,3,2,5,3,2
CH760,3,3,1,1,3,5,3,2,5,4,2,3,3,5,2,3,2,3,3,4,4,2,1,3,2,4,2,3
CH778,4,2,2,5,2,4,4,3,2,3,4,5,1,3,2,2,4,4,5,3,2,3,2,4,2,2,5,3
CH797,1,2,3,3,2,2,1,5,2,3,3,5,5,3,2,3,3,2,4,1,3,4,1,2,3,2,2,3
CH803,3,1,3,3,3,1,5,2,3,4,4,4,3,3,5,4,2,5,2,5,4,2,3,5,3,3,4,4
CH816,2,3,2,3,5,4,4,3,4,3,1,3,4,3,2,3,3,3,1,3,3,3,2,3,3,3,3,3
CH817,4,4,3,2,3,2,3,3,1,3,3,4,1,3,3,4,4,3,4,1,4,3,2,3,1,2,3,4
CH826,4,2,3,2,5,2,2,3,3,1,4,3,2,3,2,3,3,5,3,3,5,3,2,3,4,3,3,4
CH845,2,1,1,2,5,4,5,5,3,3,2,2,4,4,1,2,3,3,3,4,3,3,4,3,1,3,2,3
CH880,1,3,3,3,4,2,4,3,1,1,4,4,4,3,4,4,3,3,1,3,3,3,2,2,3,3,4,1
CH914,4,2,2,3,5,5,4,3,4,5,4,4,4,2,3,5,5,2,3,4,3,3,3,3,4,2,4,2
CH943,4,2,4,2,3,5,4,1,5,4,4,4,3,2,4,1,3,4,3,3,3,4,4,2,3,3,2,5
CH950,5,3,5,4,2,3,2,2,3,1,2,2,2,1,1,3,5,1,4,5,3,2,3,4,3,3,2,5
CH968,3,1,2,3,4,4,2,1,2,2,3,4,3,5,4,5,2,3,3,3,3,1,4,4,3,3,1,3
CH970,3,1,3,3,3,2,3,4,4,3,1,5,2,2,4,3,3,4,3,3,4,3,2,3,2,1,3,2
CH991,3,3,3,3,1,4,4,3,2,3,3,4,1,3,1,3,1,4,2,3,3,4,3,3,4,2,3,3
CH992,3,4,3,3,3,2,4,3,1,3,1,2,3,3,2,1,3,3,4,3,2,4,4,4,3,3,2,2
EN006,2,5,3,3,3,1,3,3,3,1,1,4,3,2,1,4,3,2,4,3,3,3,4,5,3,3,2,3
EN007,2,4,4,5,2,2,4,3,1,3,2,2,1,3,3,3,5,4,4,3,4,2,3,4,5,2,3,4
EN013,3,2,3,1,4,3,4,2,3,5,5,2,3,3,3,4,3,4,4,2,2,4,5,5,4,5,3,3
EN049,2,2,3,3,2,3,5,3,5,4,2,3,1,3,2,2,4,3,4,3,4,4,2,3,3,4,3,4
EN069,3,4,5,4,2,4,5,3,3,5,2,4,4,1,5,3,3,5,5,3,3,1,4,5,3,2,5,2
EN078,2,3,2,2,3,5,4,3,3,3,1,1,2,2,2,2,5,3,2,4,2,3,2,3,3,2,4,3
EN083,3,4,1,2,3,2,3,4,3,3,3,2,4,4,4,4,3,4,5,3,3,3,4,3,2,3,3,1
EN088,4,4,2,3,3,4,2,3,2,2,2,1,3,3,4,4,2,1,3,3,3,4,3,1,3,3,3,3
EN153,5,3,2,5,3,3,2,5,2,4,2,3,3,3,2,2,3,3,3,3,1,2,2,2,2,4,4,3
EN154,1,3,4,3,2,3,2,4,3,2,2,3,3,2,4,2,3,3,4,1,4,4,3,4,2,3,4,1
EN161,3,3,3,3,3,1,3,4,4,5,3,3,3,4,1,3,3,1,4,5,3,2,3,4,2,3,5,4
EN163,3,3,2,3,4,2,4,3,2,3,3,1,4,3,2,1,4,2,5,4,4,4,2,4,1,3,4,1
EN166,1,2,1,4,2,5,3,3,5,1,3,2,3,3,4,3,4,4,2,5,4,3,5,5,3,2,5,3
EN184,3,3,5,4,4,1,3,3,4,3,5,3,2,5,5,4,5,1,2,4,3,4,3,3,4,1,3,1
EN240,2,3,2,3,3,2,3,3,2,1,5,3,2,5,5,3,5,3,3,4,3,3,3,3,1,3,2,3
EN275,4,5,2,2,5,2,3,3,2,3,2,3,4,3,3,3,3,3,3,4,3,2,4,3,2,3,2,3
EN324,3,2,2,3,3,3,2,5,3,4,3,2,3,5,2,3,2,3,2,3,5,3,2,1,4,3,1,3
EN356,2,3,4,2,1,2,3,3,4,3,4,3,2,4,5,2,3,2,1,3,2,2,4,3,3,2,4,4
EN380,3,3,2,3,3,1,5,4,2,4,1,4,3,4,4,3,3,3,3,4,3,4,3,2,3,3,2,3
EN396,3,3,3,3,4,4,4,4,4,3,3,5,3,3,3,5,1,5,4,4,1,4,4,5,4,1,3,3
EN403,4,2,3,3,2,5,1,3,4,3,4,3,4,2,1,2,3,2,3,1,5,4,4,4,3,1,3,3
EN455,3,3,5,3,3,4,5,3,3,3,2,3,1,5,4,1,4,1,1,1,3,1,2,3,5,5,5,4
EN466,2,3,3,4,3,4,4,4,2,3,1,2,3,3,4,4,2,1,4,5,3,3,3,4,5,2,4,3
EN469,4,2,5,3,3,3,3,2,1,3,4,3,4,5,5,3,3,3,1,4,2,3,3,3,3,3,2,2
EN477,3,5,5,2,3,4,4,4,3,2,3,1,4,3,4,5,3,2,2,3,3,3,5,3,3,2,4,2
EN484,3,3,1,3,3,3,1,3,3,4,3,2,3,3,3,1,4,2,3,2,2,5,3,3,3,4,5,3
EN504,4,4,3,2,3,2,4,1,1,1,4,3,4,3,3,2,4,4,2,3,1,2,3,3,3,2,2,3
EN507,5,3,3,3,4,3,3,2,1,4,4,4,2,4,3,3,4,2,3,4,4,3,3,4,5,4,4,1
EN515,2,4,3,4,1,4,5,4,3,4,3,3,3,4,4,2,3,1,3,5,1,4,3,1,1,5,5,4
EN548,3,3,1,3,5,4,2,3,4,2,3,2,3,2,1,5,3,2,3,4,3,3,4,3,5,3,2,5
EN553,4,4,3,3,1,2,3,3,4,3,4,2,4,3,3,5,3,2,3,4,3,5,3,2,3,5,2,1
EN582,3,2,3,2,1,2,4,1,3,5,2,3,2,5,3,4,3,3,5,4,3,3,5,4,3,3,2,4
EN653,4,3,3,3,3,3,2,4,4,3,3,3,3,5,2,4,3,3,3,5,3,3,3,3,2,4,3,3
EN674,3,3,5,4,3,4,2,4,4,4,3,3,3,2,3,3,3,3,2,3,4,3,2,3,4,2,2,4
EN692,3,1,3,1,2,3,5,3,4,3,5,2,2,3,3,3,5,3,3,1,4,2,3,3,3,3,4,3
EN703,5,3,5,3,4,1,3,3,4,2,4,5,4,3,3,3,2,1,1,5,4,4,2,3,4,3,4,2
EN729,3,4,3,2,4,3,3,2,1,3,2,2,2,3,3,4,2,2,4,3,5,3,4,5,3,4,1,3
EN741,3,3,2,1,4,5,3,3,3,2,3,2,3,3,2,3,4,4,2,2,5,3,3,3,2,3,3,2
EN747,3,2,4,4,3,5,5,3,3,1,4,4,2,2,3,4,3,2,5,4,3,3,5,2,1,4,3,4
EN755,3,3,3,3,2,3,4,5,5,3,3,5,1,3,3,3,4,5,5,3,4,3,2,3,1,1,2,3
EN791,2,3,2,2,2,3,4,3,4,1,4,4,3,5,3,5,4,2,3,1,3,3,4,3,2,3,5,5
EN807,3,2,3,2,3,1,3,1,4,3,4,4,3,3,3,2,5,4,3,2,3,1,1,2,3,3,3,3
EN852,2,3,2,2,3,1,3,3,4,3,1,4,5,1,4,4,4,3,3,3,2,1,4,5,5,2,3,1
EN859,4,3,2,2,3,4,2,4,4,3,3,3,3,1,3,4,3,1,3,3,2,2,4,3,3,2,3,4
EN860,1,3,5,3,4,2,3,5,2,2,3,4,3,4,5,3,3,3,4,3,2,3,2,5,5,5,3,4
EN891,3,4,2,3,3,1,2,3,2,3,4,4,2,2,2,5,4,2,4,3,3,4,4,3,3,3,2,3
EN897,3,1,3,3,3,3,4,3,5,5,1,4,4,3,3,3,2,3,5,2,2,2,4,4,3,4,4,4
EN901,1,4,2,3,5,4,4,4,4,3,5,4,1,3,5,3,4,5,5,4,4,3,3,3,5,4,3,3
EN938,3,3,3,2,4,2,1,1,2,5,3,3,3,3,4,3,2,3,1,3,4,3,1,3,3,1,3,3
EN979,3,4,3,4,4,3,3,5,5,3,3,3,2,2,4,4,3,2,2,3,3,4,1,3,3,1,3,3
EN995,4,4,4,4,3,4,2,2,2,5,3,3,1,3,2,4,3,1,3,1,1,2,3,4,3,5,4,4
EN996,2,4,1,3,4,2,1,4,3,5,4,3,4,3,4,1,3,3,4,2,4,4,3,3,3,3,5,4
GO015,3,2,5,3,5,3,3,3,3,4,3,4,2,3,1,4,3,2,4,1,3,4,1,3,3,3,3,2
GO020,3,3,5,3,3,3,1,2,2,5,3,3,3,3,3,3,3,3,1,2,4,1,2,2,3,5,3,4
GO021,5,3,3,4,3,4,3,4,3,5,5,3,3,4,4,2,4,4,1,3,4,3,4,4,3,3,2,3
GO023,2,5,3,2,3,2,3,2,2,4,2,4,4,5,3,4,3,4,4,3,2,5,3,3,4,3,5,4
GO070,4,1,3,3,2,3,3,2,3,2,3,2,2,3,3,3,1,3,2,3,3,3,4,1,3,5,3,4
GO073,1,3,5,3,5,4,4,2,5,3,4,3,4,3,3,5,2,4,2,1,4,3,4,4,2,2,2,4
GO079,3,4,4,2,3,5,5,4,4,4,1,3,1,2,3,3,1,3,2,3,3,5,4,3,3,1,3,4
GO126,2,3,2,4,3,4,4,1,4,4,2,3,1,5,3,5,4,3,3,4,5,4,3,3,2,3,5,3
GO157,3,2,3,3,3,4,1,1,3,2,3,5,3,3,3,2,1,3,3,2,4,5,3,4,4,4,3,4
GO160,2,3,3,2,5,2,4,3,1,3,1,4,1,3,3,2,3,4,5,4,3,3,4,3,1,3,2,2
GO161,3,2,4,3,3,4,5,4,4,4,2,3,4,3,1,5,2,2,4,4,4,5,1,3,3,2,2,4
GO177,4,2,5,3,5,5,3,2,3,3,2,3,1,3,2,3,2,2,1,3,3,5,3,3,3,4,3,3
GO181,3,2,2,3,3,3,3,4,1,3,3,4,1,4,2,5,4,4,3,3,2,3,3,5,3,3,4,4
GO246,2,5,3,3,4,3,2,3,3,3,3,3,2,3,1,3,3,4,3,3,2,3,3,3,1,3,2,2
GO275,3,3,3,1,4,2,4,5,3,4,2,5,3,2,3,1,3,5,4,5,2,2,2,1,3,3,3,1
GO289,1,3,2,5,3,3,3,2,5,3,1,3,2,2,4,4,3,2,2,4,2,3,2,5,1,3,3,4
GO295,4,2,3,1,2,3,4,2,2,2,3,5,3,5,4,3,3,3,4,4,1,2,3,3,3,5,3,3
GO297,3,2,2,1,4,3,2,3,3,3,2,3,3,4,1,4,4,3,3,5,4,3,2,5,3,2,3,5
GO303,1,3,2,4,5,2,3,3,3,4,1,3,5,1,2,3,5,1,2,3,5,2,5,5,2,3,2,3
GO305,2,2,4,2,3,3,3,5,2,3,3,3,5,4,2,3,3,3,5,4,5,2,5,1,3,2,3,2
GO308,3,4,2,4,2,5,4,3,3,5,5,5,3,3,4,3,5,3,5,2,4,3,2,2,3,3,3,3
GO309,4,3,2,4,2,4,5,3,2,4,5,3,1,3,2,2,3,3,1,3,4,3,3,4,3,3,4,2
GO334,1,2,1,3,4,4,1,5,3,3,3,3,5,1,1,1,2,4,3,1,3,3,5,2,1,5,1,3
GO398,4,4,5,2,5,2,3,4,4,2,4,1,2,2,3,2,2,2,3,3,1,3,3,1,3,3,4,4
GO413,3,4,3,3,3,5,3,3,5,1,3,2,2,3,3,2,3,3,3,2,5,3,1,3,3,3,3,3
GO416,3,5,2,2,2,2,3,3,4,2,3,2,3,4,3,1,4,5,3,3,2,2,5,3,4,4,3,2
GO453,1,2,2,2,3,1,3,2,4,2,2,5,3,3,1,3,3,2,4,2,3,3,4,2,5,4,2,3
GO471,4,2,1,2,4,3,3,1,1,3,2,3,3,5,3,1,4,1,2,1,5,3,3,2,4,3,4,3
GO476,2,4,3,2,2,3,3,2,2,3,2,2,3,5,3,3,1,2,3,4,3,4,4,3,1,4,4,3
GO510,4,4,4,2,4,4,4,5,4,3,4,1,1,5,1,3,4,3,4,5,3,3,1,3,4,2,4,1
GO541,4,3,5,5,1,3,3,3,3,3,3,2,3,5,2,3,3,3,4,1,1,5,2,3,4,1,3,2
GO582,4,2,3,3,3,2,4,3,4,5,3,4,4,3,4,5,3,2,3,3,5,3,2,5,2,1,3,3
GO585,1,5,4,1,2,3,3,1,3,5,3,2,3,2,4,2,3,2,1,3,3,2,3,3,4,5,4,3
GO586,4,3,1,4,3,4,3,4,1,3,4,5,3,1,1,2,3,3,2,3,4,3,3,4,5,2,3,1
GO598,3,1,4,3,3,3,2,3,3,1,3,4,5,3,4,3,5,3,3,3,4,4,3,3,1,2,5,3
GO604,1,5,4,2,2,3,5,2,1,3,3,2,3,1,4,3,2,4,4,3,5,3,1,3,5,3,3,3
GO605,3,4,4,3,2,4,3,3,5,4,2,4,5,4,3,4,2,2,2,1,5,1,3,3,2,3,2,3
GO678,3,3,5,2,5,3,3,3,2,3,3,1,3,5,2,3,2,3,2,4,1,3,2,3,4,3,5,5
GO707,3,3,5,4,4,2,2,3,3,3,4,3,2,3,4,3,2,2,5,5,4,3,3,3,2,3,4,2
GO711,3,1,2,3,2,3,2,3,3,1,1,5,3,4,2,3,4,3,3,3,3,4,1,3,4,5,4,1
GO751,2,4,1,4,3,4,3,3,2,3,4,2,5,1,1,3,3,4,3,4,3,4,1,4,3,3,3,3
GO809,3,5,3,2,4,5,1,4,3,3,3,2,2,2,4,3,4,5,2,1,4,3,4,3,1,3,3,3
GO810,4,4,1,4,4,1,5,2,4,3,4,3,3,3,2,4,3,3,3,4,1,4,1,3,5,4,3,2
GO867,3,4,4,4,2,3,2,3,5,3,2,2,4,1,5,3,3,4,5,3,4,3,3,5,2,5,3,5
GO872,2,3,5,3,4,3,3,3,2,1,1,3,4,3,4,1,1,2,4,1,4,3,2,2,4,4,1,3
GO899,3,2,3,3,2,2,3,2,3,4,2,3,3,1,3,4,5,2,2,2,3,4,1,4,3,3,3,3
GO915,3,3,3,3,3,1,3,2,2,3,5,2,3,5,3,1,4,3,3,2,3,2,4,2,2,1,5,3
GO939,3,5,5,4,4,2,2,2,5,2,2,3,2,3,4,2,3,3,2,3,5,3,3,2,3,3,4,3
GO951,5,3,2,4,2,3,3,3,4,2,3,3,3,3,3,3,3,3,4,4,3,4,4,1,1,3,3,1
GO956,1,3,3,3,3,3,5,3,1,1,3,5,3,1,3,1,3,3,3,4,5,3,4,1,2,5,2,3
GO962,3,4,3,3,1,3,3,3,3,2,2,4,2,4,3,5,3,2,3,1,3,3,4,2,3,3,3,2
GO967,1,4,3,3,2,2,4,4,5,3,3,3,3,3,5,4,3,1,1,1,4,1,5,3,4,3,4,3
GO975,5,3,2,3,1,3,5,3,3,4,4,2,3,1,3,3,1,4,5,3,4,3,3,3,4,3,3,1
GO986,3,1,4,5,2,4,3,4,5,2,2,3,2,3,5,1,3,3,3,4,2,1,3,2,3,3,4,3
HI021,3,1,5,1,3,1,3,2,1,4,3,2,3,3,2,4,4,3,3,3,1,4,4,3,2,2,1,3
HI022,2,2,2,1,3,4,5,2,5,5,3,3,3,1,2,2,1,3,4,2,3,3,3,2,1,1,4,2
HI052,2,2,3,3,1,3,3,3,3,2,3,3,2,3,4,3,3,3,3,4,4,5,3,1,4,5,3,3
HI062,2,3,3,4,3,2,4,5,4,4,1,3,2,3,4,3,4,5,4,3,3,3,1,3,3,2,3,5
HI072,5,4,3,3,1,1,2,5,3,2,3,2,4,2,2,2,4,4,1,4,1,4,3,4,2,4,3,1
HI085,3,5,3,1,1,3,5,3,4,5,4,2,1,2,4,3,4,2,5,3,3,5,2,3,4,3,2,3
HI115,3,1,4,5,5,4,1,4,2,3,3,4,3,1,3,2,2,3,4,2,2,2,3,5,3,5,4,3
HI120,3,1,5,3,3,2,1,3,3,3,2,3,4,3,3,2,3,4,4,1,3,2,3,3,1,5,2,3
HI177,1,2,3,3,3,2,3,3,4,3,3,4,3,4,5,3,4,3,4,5,3,4,3,3,2,1,5,3
HI207,4,3,4,3,3,5,2,3,5,4,3,3,2,3,5,3,4,3,4,1,2,2,5,3,5,4,2,4
HI213,1,4,3,3,4,4,3,4,1,2,4,4,2,3,3,3,5,3,3,3,4,3,5,2,1,2,4,3
HI255,5,3,4,2,5,3,3,3,5,2,3,3,4,2,2,4,2,3,5,2,3,5,1,1,2,3,2,3
HI271,3,3,2,4,3,2,5,3,5,2,2,2,3,4,1,3,3,2,3,3,4,3,5,4,3,1,3,4
HI272,3,3,4,4,4,5,3,4,3,2,2,4,4,4,4,3,3,4,3,5,3,2,2,2,3,3,2,3
HI281,3,5,2,2,2,4,3,1,4,1,5,3,1,4,3,3,1,3,3,1,3,5,2,5,3,3,3,5
HI327,3,3,4,4,3,4,3,5,3,1,5,3,2,4,3,3,5,3,3,3,3,5,5,3,5,5,1,3
HI363,3,4,3,3,2,3,3,2,3,4,1,2,3,3,3,3,3,1,2,2,4,3,5,3,4,3,5,2
HI365,3,2,3,3,2,3,2,3,3,2,2,1,1,3,4,4,3,5,1,3,2,5,4,3,1,2,5,5
HI371,1,3,4,2,4,4,3,2,1,4,5,2,2,2,3,3,4,3,5,5,3,3,3,3,3,3,3,2
HI381,5,4,3,2,3,1,4,4,3,3,2,3,4,1,3,3,3,3,3,3,3,2,1,2,1,2,1,2
HI382,5,5,3,4,2,4,3,1,2,5,4,2,2,3,3,4,1,4,3,3,3,5,2,1,3,3,4,3
HI424,3,3,4,1,4,1,4,3,5,3,4,4,3,2,2,3,5,4,3,2,4,4,3,3,3,5,3,2
HI437,3,2,5,5,3,1,3,5,2,3,3,3,4,4,5,3,3,1,2,3,2,1,3,4,3,5,5,5
HI440,2,3,4,5,3,3,4,2,3,3,3,4,3,3,5,4,2,2,3,1,2,3,2,1,3,2,2,4
HI462,1,2,3,2,2,3,4,4,3,3,2,4,5,4,3,4,3,2,1,3,3,3,3,1,3,3,4,2
HI468,3,2,1,4,4,4,3,3,3,3,3,5,3,4,2,3,4,3,3,2,4,2,3,4,3,3,5,2
HI472,2,2,1,1,4,2,3,5,2,3,2,5,4,5,4,2,2,2,2,3,3,4,5,4,2,1,2,3
HI520,4,4,2,2,2,3,3,3,3,1,5,3,5,4,3,3,3,4,2,3,3,5,4,3,3,4,4,1
HI557,2,2,3,1,3,5,3,5,3,1,4,2,2,3,3,2,3,2,3,4,3,4,3,3,4,3,5,3
HI573,5,1,3,4,5,1,3,3,5,2,3,3,3,1,3,3,3,2,2,2,3,3,4,2,4,1,3,3
HI585,3,4,4,3,3,3,2,5,2,5,3,4,2,3,4,3,2,4,5,4,1,3,4,5,5,2,4,2
HI612,3,5,3,4,5,2,3,3,2,3,3,3,1,4,3,2,4,3,3,3,2,4,5,5,3,3,4,3
HI631,4,2,2,5,5,3,1,1,3,3,5,3,1,3,5,3,4,3,3,3,2,3,1,5,4,2,3,2
HI633,5,3,1,3,3,3,3,4,1,4,3,1,4,3,2,4,5,1,2,3,4,3,2,4,3,4,2,4
HI635,3,3,3,3,3,4,4,3,1,3,1,3,3,3,5,4,5,3,4,5,3,3,5,1,2,3,3,4
HI666,3,4,1,2,3,2,4,2,3,5,3,5,3,3,3,4,3,4,2,3,4,3,3,2,3,2,3,1
HI684,3,4,3,4,3,3,3,3,3,1,4,5,3,2,3,4,3,4,2,3,2,3,3,3,3,4,2,4
HI692,4,3,4,3,4,3,5,3,3,4,3,3,3,1,1,3,3,3,4,1,2,4,5,2,3,2,3,3
HI716,3,3,4,2,1,4,2,1,3,3,3,2,4,4,3,1,3,4,3,4,3,3,4,4,3,4,4,5
HI733,3,2,3,2,4,3,3,3,3,3,2,3,4,3,5,3,1,2,1,2,4,4,1,4,3,3,3,3
HI737,2,1,4,3,2,3,5,4,1,3,4,3,4,3,3,3,2,4,3,1,5,3,2,2,4,1,2,3
HI753,4,2,4,3,4,3,4,5,4,1,3,4,4,5,3,3,3,5,5,3,4,1,3,3,3,4,3,5
HI766,3,2,3,3,1,2,3,3,3,5,1,1,3,5,4,3,4,5,3,2,4,2,4,2,3,2,3,3
HI767,3,5,2,4,3,4,3,5,2,5,2,5,4,4,4,3,1,1,5,4,5,3,1,4,2,2,5,2
HI790,4,1,3,2,2,4,1,4,3,2,3,3,4,3,3,1,4,1,3,5,3,4,1,2,2,3,3,4
HI851,4,1,3,3,3,2,2,3,4,3,4,1,5,4,3,3,5,4,3,3,3,5,3,5,2,3,2,3
HI859,5,3,4,2,4,3,3,3,3,4,4,3,4,4,2,4,3,2,4,2,3,1,2,1,3,3,3,2
HI886,3,3,4,3,3,4,4,4,3,5,4,3,3,1,2,3,1,4,3,3,3,3,3,1,4,2,2,3
HI889,1,3,3,3,3,3,1,2,2,3,4,3,3,2,2,4,3,3,3,1,2,5,1,4,4,4,3,2
HI891,4,2,3,4,2,4,4,3,5,3,4,5,2,2,2,3,1,3,4,3,3,3,2,4,3,3,2,3
HI912,3,4,3,2,2,1,3,3,4,3,3,3,3,5,3,3,2,3,3,2,3,2,1,4,3,2,2,3
HI913,3,4,2,3,5,3,2,4,4,3,2,3,4,4,5,3,3,2,2,5,4,2,2,3,3,4,4,4
HI944,3,4,3,2,1,2,3,3,1,4,2,4,3,3,4,2,1,2,2,2,5,1,3,2,4,2,3,5
HI949,4,2,1,4,3,4,1,3,4,4,5,3,4,2,2,4,4,4,3,2,5,3,1,4,2,2,3,4
MA008,3,3,3,2,3,3,2,4,5,5,2,1,3,4,2,1,3,3,5,3,3,3,1,4,4,2,3,3
MA030,4,4,2,3,2,3,3,4,1,3,4,2,3,2,4,1,3,2,2,5,3,3,3,2,5,3,3,2
MA034,3,3,3,1,5,2,5,2,3,3,3,3,3,1,1,4,3,2,5,2,2,3,3,4,2,5,5,1
MA036,3,3,3,3,3,2,3,3,4,2,2,3,3,2,1,3,3,2,4,5,3,2,1,3,2,2,3,3
MA045,3,3,3,3,3,1,3,5,3,2,2,3,4,3,4,2,1,5,3,1,2,3,3,4,3,3,2,3
MA065,2,5,2,2,3,1,4,4,4,3,2,3,3,3,3,4,5,2,3,5,4,1,4,1,2,3,2,3
MA071,3,5,4,1,3,3,1,3,5,4,3,3,3,4,3,3,4,4,2,5,2,5,1,3,4,4,2,3
MA082,3,2,3,3,3,5,3,2,5,3,3,3,2,1,3,3,3,3,3,3,4,2,2,3,4,3,2,5
MA103,2,3,3,3,4,3,3,3,3,5,1,3,2,2,3,5,2,4,1,3,2,3,3,1,5,2,3,3
MA175,5,2,4,3,3,1,4,2,5,3,3,1,4,3,5,3,5,2,3,3,2,3,3,3,2,3,3,5
MA236,3,3,4,2,2,2,2,4,5,4,2,3,3,3,5,2,3,3,2,4,4,3,3,2,4,3,3,4
MA250,3,3,5,2,2,3,3,2,3,2,5,2,3,3,3,5,4,2,4,4,5,1,4,4,3,4,4,1
MA288,5,4,4,2,3,2,1,1,1,5,2,3,5,4,3,4,3,3,3,2,2,4,4,3,4,3,3,2
MA306,4,2,2,4,3,3,3,5,3,2,5,5,2,3,1,3,5,3,3,5,4,2,5,4,4,1,3,2
MA308,1,1,3,4,4,1,3,3,3,2,1,1,4,3,2,1,3,3,4,3,4,2,2,2,4,4,3,4
MA313,4,3,4,3,4,4,5,2,4,3,3,1,3,4,3,3,2,2,4,3,3,1,3,3,3,2,4,5
MA317,2,4,4,3,3,2,3,2,4,3,3,2,3,3,4,4,3,3,4,4,3,3,2,2,3,2,2,3
MA364,3,1,1,4,3,3,3,5,3,1,2,1,4,3,3,3,4,4,3,4,3,5,3,4,2,4,3,2
MA365,5,5,1,4,4,4,4,2,5,1,5,3,4,3,2,4,3,2,3,3,1,1,2,4,2,3,3,2
MA377,3,2,1,3,3,5,3,4,3,1,1,3,1,3,2,4,3,4,3,3,2,2,2,4,3,2,3,1
MA426,3,1,3,3,3,3,1,1,1,2,3,5,4,4,4,4,4,2,3,3,5,1,3,4,3,4,5,4
MA428,4,3,4,4,3,4,3,3,5,2,2,3,4,2,4,3,1,3,3,3,4,3,1,4,1,1,4,5
MA429,5,3,3,2,2,5,4,4,4,3,3,2,3,3,3,3,2,3,3,5,2,2,5,3,4,3,3,3
MA456,2,2,3,4,4,3,5,1,4,3,4,2,1,2,4,3,2,3,3,4,3,2,3,4,3,3,2,3
MA457,3,3,5,5,5,2,4,3,3,3,4,4,3,4,4,3,4,5,2,4,2,3,5,2,5,1,3,4
MA465,3,5,4,4,2,3,4,2,3,3,1,2,2,5,2,1,3,3,1,5,5,2,3,5,3,3,3,2
MA471,1,2,3,2,4,5,2,3,2,5,5,3,3,5,4,3,3,4,3,3,4,5,2,2,3,4,3,1
MA472,3,5,3,2,1,2,2,4,2,5,2,3,3,2,2,4,4,2,2,2,2,2,5,5,2,5,3,2
MA525,3,3,4,1,2,2,3,4,3,3,2,2,3,3,4,2,3,3,5,3,2,3,5,2,3,5,2,3
MA541,3,3,5,4,3,4,4,3,3,4,3,4,3,2,3,3,5,4,1,5,3,3,4,5,4,2,4,2
MA544,3,4,4,3,2,4,3,2,5,2,1,2,4,4,5,3,2,2,4,1,4,5,5,5,4,3,4,4
MA576,4,4,3,3,3,3,5,3,1,4,5,4,3,3,3,2,2,3,3,3,2,3,3,4,4,5,3,4
MA581,3,2,3,2,3,3,3,1,5,3,2,3,2,3,5,3,5,2,4,2,3,4,5,2,5,3,5,5
MA610,1,2,1,3,4,2,3,3,2,4,4,3,5,3,3,3,2,4,5,4,3,2,4,5,2,4,2,2
MA613,4,2,5,2,2,3,5,5,4,2,1,2,3,2,3,3,3,2,2,4,3,1,2,4,2,2,4,3
MA630,4,2,3,1,3,1,3,4,1,2,4,5,3,3,3,4,3,4,3,2,2,2,2,3,5,3,4,2
MA638,3,1,3,5,2,3,4,1,3,3,3,4,4,3,4,3,4,1,2,3,4,3,3,3,2,4,2,3
MA651,3,1,4,2,2,5,5,3,3,1,1,2,4,4,2,1,1,2,3,4,3,3,2,3,5,3,2,1
MA674,4,4,4,4,4,1,3,3,3,4,2,4,3,1,2,1,4,3,5,5,5,5,5,1,3,3,3,5
MA697,4,3,2,3,2,2,2,1,2,3,1,4,3,3,4,3,3,3,3,5,3,2,3,2,2,2,4,3
MA704,1,3,3,3,4,2,4,2,4,3,4,3,3,1,3,3,1,2,5,3,2,2,3,1,2,4,5,3
MA705,3,2,4,5,5,1,3,1,3,3,3,4,3,2,1,3,3,3,3,3,2,3,3,3,3,2,3,3
MA712,5,4,1,3,2,3,3,3,4,3,3,3,4,4,4,3,4,3,3,1,3,1,4,4,1,3,5,4
MA717,4,3,5,2,1,3,3,3,3,3,4,2,4,4,3,1,1,3,4,2,4,4,3,3,3,3,3,3
MA728,5,3,3,3,3,4,3,4,2,2,2,4,3,5,4,3,3,3,3,3,4,5,5,2,3,2,4,2
MA752,3,4,3,2,4,2,1,4,3,3,5,1,4,1,3,4,3,2,4,3,3,5,3,4,3,2,2,5
MA791,2,3,1,2,4,5,4,5,5,4,1,4,1,5,3,4,5,2,3,1,5,2,3,3,1,1,3,2
MA816,5,5,3,3,2,4,3,3,3,2,5,4,2,5,1,5,4,3,1,4,5,3,2,3,3,2,3,4
MA853,4,3,4,5,1,2,3,4,3,2,3,2,3,2,2,3,3,2,3,4,2,3,3,2,2,4,4,1
MA854,2,4,3,3,3,1,2,3,3,1,5,4,4,2,1,3,1,1,2,3,3,3,3,3,3,3,2,2
MA867,2,3,3,2,3,2,3,3,2,3,4,3,4,3,2,1,1,3,5,1,3,2,4,1,3,5,3,3
MA888,1,3,3,4,3,3,1,4,1,2,4,3,5,2,3,3,1,4,2,4,2,3,4,3,2,5,2,2
MA911,1,3,5,3,3,2,2,3,3,2,5,3,4,3,1,2,3,2,3,3,2,2,3,4,4,1,3,3
MA966,2,3,3,3,3,3,3,3,2,5,3,2,3,4,3,1,2,2,3,3,4,3,1,3,5,3,3,2
MA971,3,3,3,4,1,3,3,2,3,3,4,3,3,3,2,3,5,3,3,4,1,3,3,2,5,4,5,4
MA979,5,3,4,2,1,2,3,5,3,5,3,3,3,3,1,2,2,2,3,2,2,2,4,3,3,3,3,4
PY006,1,3,3,3,5,4,3,3,2,1,2,2,3,3,3,3,3,2,2,4,3,3,3,4,3,4,4,5
PY013,4,1,3,3,5,1,3,3,3,2,3,4,4,2,3,1,4,3,5,3,4,3,3,1,3,4,4,4
PY078,4,4,3,4,1,3,3,4,3,4,3,3,4,3,3,3,3,4,5,3,3,3,3,4,4,5,3,4
PY124,3,3,3,2,3,4,3,2,3,2,2,2,3,3,5,1,3,5,5,5,3,1,3,4,3,3,3,5
PY126,4,5,4,2,4,3,2,2,2,3,2,4,3,3,4,3,3,1,1,4,4,3,3,3,3,3,1,3
PY139,2,3,2,5,3,3,4,3,4,2,4,3,4,3,2,3,2,4,4,2,3,4,3,4,1,3,3,3
PY158,1,1,2,5,4,3,2,3,2,4,4,2,3,2,4,3,2,3,3,3,3,3,3,4,4,2,3,5
PY167,4,2,1,5,4,4,2,3,5,2,4,4,2,3,3,3,1,3,2,3,4,4,5,3,3,3,3,4
PY199,4,3,4,3,2,3,2,3,3,3,4,1,2,4,3,2,4,3,4,4,5,5,3,3,2,2,4,4
PY242,3,4,2,4,3,3,5,4,4,3,4,5,3,3,3,3,4,5,2,2,5,3,2,3,2,3,4,3
PY259,2,1,2,3,1,4,2,3,3,3,2,3,4,1,3,4,3,3,4,3,1,4,3,3,5,3,2,4
PY270,2,5,2,3,3,1,3,3,3,3,3,3,1,2,3,5,2,3,3,1,3,2,2,4,5,3,2,5
PY280,3,3,5,3,4,2,3,2,3,2,3,2,3,3,4,2,5,3,3,1,1,4,3,1,5,4,3,2
PY307,5,2,5,5,4,4,1,3,2,2,1,3,1,3,3,3,1,3,4,3,2,1,2,3,2,3,3,3
PY342,3,3,3,3,3,3,2,5,4,4,5,2,2,4,4,3,3,3,3,3,4,3,5,4,1,4,3,4
PY363,4,2,5,3,5,3,3,1,5,2,3,3,3,1,1,1,2,3,3,3,3,1,3,4,2,2,3,3
PY385,3,3,2,3,4,3,5,3,2,5,3,5,2,3,3,1,2,1,1,4,4,4,2,1,2,3,3,3
PY408,2,4,4,5,4,5,3,5,5,3,3,2,3,2,5,1,3,3,1,3,3,3,3,4,5,4,3,3
PY415,2,3,2,3,4,2,1,3,3,3,2,3,3,3,4,3,2,3,2,3,3,4,1,3,4,3,3,4
PY423,2,5,1,3,3,2,1,4,4,3,4,3,4,4,1,4,2,3,2,3,1,3,2,5,2,1,1,3
PY428,4,3,3,1,3,3,3,4,2,5,3,2,4,3,2,4,3,4,3,4,2,4,1,3,3,2,3,5
PY433,3,2,3,4,3,3,3,4,3,2,4,1,3,1,3,3,4,3,2,3,4,2,3,3,3,4,3,2
PY437,3,3,2,2,2,2,3,3,3,4,4,4,2,3,2,4,4,3,4,5,3,3,5,2,2,4,3,2
PY447,3,2,2,3,3,3,3,3,2,4,2,3,3,3,5,5,4,3,3,4,3,2,2,3,3,3,1,2
PY486,3,1,2,2,4,4,5,5,3,3,4,4,5,3,5,3,1,3,3,3,4,2,5,2,3,2,1,1
PY498,2,4,4,3,4,2,2,3,4,4,2,5,2,4,3,5,5,3,3,4,4,3,2,3,3,2,2,2
PY521,2,2,2,3,2,3,5,5,2,3,1,4,3,1,2,1,5,5,3,5,3,2,5,1,1,2,4,4
PY533,5,4,1,3,3,3,4,2,2,2,2,5,3,2,5,4,3,3,3,5,4,3,5,3,4,2,5,2
PY548,5,3,1,3,3,3,3,2,3,3,2,4,3,4,5,3,3,4,3,1,1,3,3,3,3,4,2,3
PY557,3,3,3,5,3,4,3,3,4,4,2,5,3,3,3,1,4,5,4,3,3,3,1,2,3,3,1,3
PY578,3,4,2,1,1,3,5,2,3,3,2,4,2,3,3,1,3,5,5,4,1,5,5,3,3,1,3,3
PY584,1,3,4,4,2,1,1,1,5,3,2,3,2,1,3,4,3,3,2,4,3,5,2,5,3,5,3,3
PY593,3,2,3,1,3,4,3,3,5,3,4,4,3,4,1,1,2,3,2,4,3,3,4,4,4,3,2,4
PY611,3,5,1,2,5,3,3,3,2,3,3,2,3,1,3,3,2,3,3,1,1,3,3,3,3,4,3,4
PY659,5,4,5,3,3,4,3,3,4,2,2,2,5,2,1,3,5,2,2,3,2,2,3,3,2,5,2,2
PY690,4,2,4,3,3,3,5,3,4,2,5,3,3,3,3,1,4,2,3,2,3,4,4,5,1,4,2,3
PY727,5,3,5,3,3,2,4,4,2,2,1,4,4,1,3,5,3,5,2,2,2,3,2,4,3,3,3,3
PY730,2,3,3,4,1,2,2,3,3,3,1,4,5,5,5,5,4,3,4,1,1,3,5,2,3,3,2,3
PY770,3,3,4,2,2,2,4,2,3,3,5,3,3,3,2,5,2,3,3,3,2,3,3,3,3,4,1,3
PY781,1,3,5,1,4,4,2,5,3,3,3,3,3,3,4,1,3,3,2,3,2,3,2,3,3,2,1,4
PY787,3,3,3,3,3,3,3,4,5,3,4,4,3,4,2,3,4,1,3,2,2,3,3,4,2,2,1,2
PY791,2,5,4,3,2,3,3,4,1,3,3,3,3,2,5,4,4,3,4,2,3,4,4,3,2,2,3,5
PY801,4,2,2,3,3,3,1,4,4,3,3,2,4,1,5,4,4,1,2,4,4,2,3,4,5,3,3,3
PY802,4,3,2,5,1,4,4,2,3,1,2,3,1,2,2,3,3,4,4,3,2,3,1,5,4,3,4,3
PY824,4,1,1,1,2,3,2,4,4,3,3,3,5,1,3,3,4,2,1,4,3,2,3,1,3,4,3,3
PY831,1,3,4,2,3,3,3,3,3,2,4,2,3,2,4,1,3,3,3,3,4,1,4,3,3,3,3,2
PY849,3,2,4,1,3,2,3,5,3,1,4,3,3,3,2,3,4,1,3,1,1,5,3,3,3,4,1,2
PY873,3,3,3,5,2,2,4,4,3,3,3,3,2,2,4,5,2,4,3,3,2,5,1,3,3,2,5,2
PY895,3,2,4,2,3,3,3,4,4,3,1,4,3,3,5,3,5,5,5,2,4,1,5,3,3,4,3,2
PY899,2,4,2,4,4,3,4,5,3,2,5,4,2,2,4,2,3,3,1,4,3,4,5,4,2,1,1,5
PY926,3,4,2,4,4,3,4,3,4,5,3,4,5,1,3,3,3,4,4,3,3,3,3,1,3,2,2,5
PY934,3,1,2,4,1,1,3,3,3,1,4,2,1,3,4,3,2,3,2,4,4,3,4,1,5,3,2,5
PY950,3,3,4,5,4,2,3,2,2,5,3,3,3,1,3,4,3,5,3,3,1,3,2,3,3,3,3,3
PY986,1,5,3,1,5,5,4,2,3,1,4,3,4,5,2,2,3,3,1,3,4,5,3,4,3,4,1,2
PY995,2,2,3,4,5,3,3,4,3,2,4,3,2,3,4,3,2,3,2,2,3,2,3,1,4,5,4,4
ST033,3,4,3,3,5,3,3,3,1,4,3,2,3,4,3,2,2,3,4,3,4,1,5,3,4,5,3,2
ST035,3,2,3,3,4,1,3,1,3,1,4,4,1,5,3,2,3,2,3,3,2,3,3,1,3,5,4,4
ST062,1,5,3,4,1,4,2,3,4,5,2,3,4,4,3,3,4,1,3,5,3,2,4,3,3,2,1,3
ST068,3,2,3,2,3,4,1,3,3,2,1,3,3,4,3,3,3,3,2,4,3,2,3,3,3,1,1,1
ST095,3,2,4,3,1,1,3,3,2,3,3,2,3,2,4,4,5,5,4,3,2,1,2,1,2,2,3,2
ST107,3,1,1,4,3,5,4,3,3,3,2,1,1,3,3,5,4,2,4,3,3,3,4,3,2,3,3,3
ST112,3,3,3,3,2,3,3,3,2,3,4,5,3,3,4,3,2,3,3,2,3,3,3,4,3,2,5,3
ST132,4,2,3,4,2,3,3,3,1,4,4,3,4,3,2,2,3,3,3,3,3,1,3,2,4,3,4,3
ST139,3,2,1,3,1,3,3,3,3,2,4,2,2,4,1,1,3,3,3,2,1,2,3,3,3,4,5,3
ST149,2,3,1,3,5,5,2,3,4,5,3,3,1,2,2,3,4,2,3,3,4,4,2,5,4,5,1,2
ST150,5,3,3,4,2,1,5,5,4,2,2,3,2,3,3,3,4,3,2,1,2,2,2,4,5,1,3,3
ST185,1,4,3,4,1,3,3,5,3,2,4,3,5,4,3,4,4,2,2,5,4,3,3,3,2,3,2,1
ST196,4,3,4,2,3,1,3,3,4,2,3,5,3,3,4,3,3,3,1,3,2,2,3,3,5,5,3,1
ST258,1,3,3,4,4,3,3,1,5,4,3,1,5,5,2,5,3,4,3,3,3,3,3,2,3,2,2,3
ST274,2,3,3,4,5,1,3,5,2,4,4,3,3,1,4,5,4,3,3,2,3,3,2,3,3,4,4,3
ST296,3,4,4,3,3,3,3,4,3,2,4,2,4,3,3,3,3,4,3,1,3,4,3,4,3,5,3,2
ST305,2,2,3,2,4,1,2,1,3,1,3,3,3,3,4,2,4,5,3,5,1,3,1,1,5,2,2,2
ST307,3,3,1,3,3,4,1,2,3,3,3,5,4,3,3,1,4,1,4,4,2,2,4,3,3,2,2,3
ST347,1,3,4,3,5,2,4,4,3,3,3,3,3,2,4,3,3,3,5,4,2,3,2,3,2,3,3,3
ST359,4,4,3,2,3,3,5,5,5,2,4,2,4,3,2,4,3,3,2,2,3,4,3,2,4,3,1,2
ST368,3,4,3,1,3,2,3,1,5,3,3,3,4,3,3,3,3,5,5,2,1,3,3,5,2,3,3,3
ST377,1,3,3,3,2,3,3,2,1,4,3,3,3,2,3,3,1,5,4,2,2,2,4,1,3,4,3,5
ST409,5,2,4,4,1,2,2,5,3,2,2,3,5,3,5,4,3,2,2,3,2,2,2,5,2,4,3,1
ST428,4,5,4,1,4,3,4,4,3,2,3,3,1,4,3,2,3,1,4,3,3,3,2,4,3,3,2,3
ST429,1,3,4,2,2,3,4,1,3,1,3,3,3,1,1,4,5,2,3,1,3,3,3,4,2,3,5,4
ST454,4,2,4,2,3,2,3,5,4,1,4,4,3,2,3,3,1,2,3,4,3,3,3,3,2,1,2,3
ST458,1,3,4,3,1,2,2,1,1,3,1,4,1,2,1,3,5,3,5,2,2,3,3,4,5,1,2,3
ST486,3,2,3,5,5,3,4,2,5,1,3,3,2,2,2,2,3,4,4,4,4,4,5,4,3,2,2,3
ST489,3,4,3,3,4,2,1,4,3,3,2,4,3,3,3,4,5,4,4,1,3,4,2,2,2,3,2,3
ST493,5,4,3,1,2,3,3,4,2,3,1,3,3,3,3,3,4,3,2,2,4,5,3,4,2,3,5,3
ST502,3,3,4,3,5,3,4,3,5,1,3,3,2,3,4,4,2,5,4,3,3,3,3,3,3,3,5,2
ST583,3,3,4,4,4,3,5,3,1,2,3,4,3,3,4,4,4,3,2,4,3,3,3,4,5,5,2,4
ST587,2,2,2,5,3,2,4,4,4,3,1,1,3,3,2,4,3,1,4,3,3,3,2,3,3,2,2,5
ST608,2,4,4,2,3,2,2,2,3,5,3,4,3,3,5,1,3,2,3,3,3,3,5,4,5,3,4,3
ST632,4,4,5,4,5,1,3,3,1,5,2,3,2,3,1,4,3,3,3,2,5,4,4,3,2,4,2,4
ST647,2,2,4,1,3,3,3,3,4,5,1,2,1,4,2,4,4,1,2,3,3,4,3,4,2,4,3,2
ST664,2,4,5,3,3,3,1,5,3,3,3,5,1,3,4,2,3,5,2,4,1,3,3,1,4,3,2,4
ST671,1,4,4,1,2,4,2,1,2,4,3,4,4,4,2,2,3,5,2,3,3,2,3,3,5,3,1,3
ST676,4,2,1,4,2,4,3,1,2,2,2,3,5,1,1,5,4,3,3,5,2,4,3,3,4,1,5,3
ST707,3,3,3,3,3,3,5,5,1,2,1,2,3,1,4,3,1,5,5,4,4,1,3,4,4,5,2,4
ST708,5,1,4,4,3,4,3,2,3,3,4,2,2,2,3,5,1,5,2,3,3,5,4,3,3,4,4,4
ST716,4,3,3,3,3,3,2,3,3,3,3,3,1,4,3,3,2,3,2,1,4,4,3,2,3,3,5,3
ST720,4,2,3,4,5,4,2,3,3,2,3,3,2,3,3,3,4,4,3,2,3,4,3,5,3,4,2,3
ST819,4,3,4,2,1,3,3,3,4,4,2,3,1,3,2,4,3,3,1,3,4,3,5,2,2,3,4,3
ST852,5,3,2,3,4,5,1,2,3,3,3,3,4,3,3,3,1,4,5,4,3,5,3,3,1,4,3,2
ST858,4,3,2,4,2,3,2,4,3,4,1,2,3,2,4,5,3,3,3,4,2,4,2,5,2,4,3,3
ST877,1,4,3,5,3,1,1,3,3,4,4,2,4,2,3,3,3,3,2,3,3,1,1,4,2,3,3,3
ST886,2,3,4,3,3,2,2,5,3,4,3,5,4,3,2,4,3,4,3,3,2,2,2,1,3,3,2,2
ST924,3,3,1,4,1,2,1,1,2,3,3,5,3,4,3,4,3,3,3,4,2,3,5,2,3,2,3,3
ST926,1,3,4,3,2,3,3,5,5,2,2,5,3,1,2,4,4,2,3,3,3,4,1,5,1,3,1,3
ST945,3,4,4,3,3,3,3,4,4,3,4,2,5,4,3,4,5,1,3,1,4,3,4,5,4,2,4,2
ST955,2,5,4,4,5,3,3,5,5,3,1,3,5,4,4,1,3,2,4,1,1,1,1,1,2,2,3,3
ST971,4,2,1,4,2,1,1,3,4,4,2,3,3,2,3,3,3,4,5,3,4,5,4,2,3,4,3,3
