courseId,2025-03-03 10:00:00,2025-03-03 14:00:00,2025-03-04 10:00:00,2025-03-04 14:00:00,2025-03-05 10:00:00,2025-03-05 14:00:00,2025-03-06 10:00:00,2025-03-06 14:00:00,2025-03-07 10:00:00,2025-03-07 14:00:00,2025-03-10 10:00:00,2025-03-10 14:00:00,2025-03-11 10:00:00,2025-03-11 14:00:00,2025-03-12 10:00:00,2025-03-12 14:00:00,2025-03-13 10:00:00,2025-03-13 14:00:00,2025-03-14 10:00:00,2025-03-14 14:00:00,2025-03-17 10:00:00,2025-03-17 14:00:00,2025-03-18 10:00:00,2025-03-18 14:00:00,2025-03-19 10:00:00,2025-03-19 14:00:00,2025-03-20 10:00:00,2025-03-20 14:00:00,2025-03-21 10:00:00,2025-03-21 14:00:00,2025-03-24 10:00:00,2025-03-24 14:00:00
BI023,1,4,1,5,4,3,4,1,2,3,3,4,3,3,3,4,4,5,1,2,5,4,2,5,4,1,4,4,2,3,5,3
BI025,4,1,4,2,1,3,4,3,5,3,2,5,2,4,2,5,3,3,3,2,3,2,4,5,4,3,1,1,3,3,4,3
BI033,5,3,3,2,3,3,3,3,2,3,1,3,3,3,3,3,3,3,3,4,3,3,5,2,4,3,4,3,3,2,4,4
BI037,1,4,1,2,3,3,4,3,5,4,3,4,4,5,1,4,1,3,3,5,3,3,3,1,3,3,3,1,1,2,4,3
BI039,3,3,4,2,1,3,4,5,1,4,1,3,1,5,4,3,3,3,1,2,4,2,4,2,1,5,5,3,3,3,3,4
BI041,4,4,3,4,2,1,3,2,3,4,3,1,4,1,5,1,4,5,5,4,4,3,3,3,4,4,4,3,3,5,2,2
BI059,5,3,3,4,4,2,2,4,4,2,4,3,3,5,3,2,2,3,5,2,3,4,2,4,2,2,5,3,4,4,3,3
BI070,4,3,3,4,4,2,1,2,3,5,4,2,4,4,4,3,4,4,4,2,4,4,2,2,4,3,3,3,2,5,4,2
BI101,2,3,3,1,4,4,4,4,4,3,5,4,3,4,2,5,1,3,1,4,5,3,4,3,2,2,3,3,4,2,1,2
BI105,2,2,2,3,4,2,4,3,3,4,3,5,1,3,2,3,3,5,3,3,5,3,3,5,4,5,3,3,2,4,5,2
BI128,2,2,3,2,3,3,5,3,3,3,1,3,4,5,1,4,2,4,3,2,3,4,2,1,4,3,4,1,4,3,4,1
BI138,4,3,3,1,3,3,4,4,3,2,5,5,2,3,2,4,1,5,3,1,4,3,3,2,3,5,3,1,3,3,2,1
BI154,1,3,3,3,1,4,4,4,3,4,3,3,2,1,2,3,5,2,3,3,3,1,2,2,4,1,3,5,3,3,3,3
BI155,3,4,3,3,5,4,3,3,4,4,2,3,2,3,5,3,2,2,3,2,3,4,4,2,4,2,3,5,1,1,3,5
BI228,1,2,3,2,1,1,3,3,4,2,3,3,2,3,4,5,3,4,4,5,4,2,2,4,3,2,3,5,3,3,3,2
BI232,1,4,5,5,3,2,5,4,4,3,3,4,3,3,4,4,2,3,4,2,5,4,4,2,2,2,3,3,2,2,3,3
BI257,3,2,5,3,2,1,2,2,3,5,2,4,5,3,2,3,4,1,3,4,3,3,3,3,3,3,3,2,5,2,2,2
BI285,5,3,3,5,5,3,3,5,3,3,4,3,1,2,4,1,5,2,3,3,3,1,2,3,3,3,1,3,3,1,1,3
BI289,3,2,3,4,4,3,3,4,5,3,4,3,2,3,3,2,2,4,4,1,3,2,3,5,2,3,4,4,3,4,5,3
BI291,1,3,4,2,1,2,1,4,2,4,2,5,3,1,4,3,3,5,3,4,3,4,1,4,2,3,5,2,2,3,5,3
BI296,2,4,3,5,3,3,3,3,4,1,2,3,3,3,2,5,1,5,5,3,1,2,5,5,5,5,1,3,4,3,3,2
BI324,1,1,1,3,3,3,4,4,2,1,3,4,3,3,2,3,5,3,3,1,1,3,3,3,2,4,2,3,5,3,2,4
BI336,3,5,4,3,3,2,3,3,3,3,4,2,1,2,4,1,2,2,3,3,2,3,3,4,2,4,1,4,3,3,2,4
BI374,1,4,4,4,4,1,5,4,3,4,4,4,2,3,4,4,3,3,5,3,4,3,3,3,4,5,2,4,3,2,4,3
BI390,4,2,4,3,2,1,3,3,1,2,3,4,5,3,3,5,5,2,3,4,4,3,3,3,4,2,3,3,4,3,3,2
BI409,4,4,4,1,3,2,3,3,4,1,3,2,3,3,3,2,1,3,4,4,4,5,3,3,3,5,3,4,1,3,4,2
BI417,1,4,3,3,3,2,2,5,3,2,1,2,3,3,3,4,3,3,4,4,3,2,3,3,1,1,5,4,2,3,2,1
BI433,3,3,5,4,2,3,3,2,4,2,2,3,2,3,5,3,4,3,3,3,3,3,3,2,3,4,2,4,4,2,3,4
BI463,3,4,2,1,1,5,2,4,3,1,2,3,2,5,4,2,4,3,5,1,3,2,4,2,3,5,3,3,3,3,3,3
BI507,5,2,2,2,3,1,5,3,4,3,2,2,3,1,4,4,4,4,3,3,3,2,3,3,4,3,1,3,4,5,1,4
BI529,3,1,4,1,4,4,3,2,5,4,5,3,3,2,1,1,3,3,3,3,5,4,4,4,1,1,3,3,4,3,5,4
BI534,2,3,5,3,3,2,3,4,1,4,5,4,5,1,3,1,4,5,2,3,2,3,3,4,2,2,2,1,3,2,3,3
BI544,3,5,4,2,2,4,3,3,4,1,3,4,4,4,3,4,1,3,1,2,4,1,3,3,2,3,3,4,4,3,5,1
BI551,3,5,2,2,3,4,3,4,2,4,2,3,3,3,3,3,4,4,3,2,4,4,3,3,3,2,3,3,4,4,1,3
BI586,2,3,2,3,4,4,2,1,2,3,1,2,5,3,3,1,3,3,3,3,5,2,3,3,3,1,3,2,3,3,3,3
BI593,2,3,1,2,4,4,4,3,4,2,3,2,4,3,4,4,3,3,1,3,3,2,5,5,2,4,1,3,3,4,3,4
BI597,4,3,3,3,4,5,2,3,4,3,3,2,4,3,3,4,4,4,2,4,3,3,4,3,3,4,3,4,2,4,2,2
BI624,2,2,4,3,2,2,1,3,3,2,4,4,2,2,4,4,1,5,1,3,1,5,3,3,2,3,4,5,5,4,4,5
BI636,1,2,1,3,5,3,3,4,5,3,4,2,3,3,3,2,4,3,3,2,5,3,1,2,5,5,3,3,5,4,5,3
BI641,5,3,3,1,3,4,3,3,3,5,3,2,1,4,3,1,3,5,5,1,2,1,4,1,2,2,5,3,3,4,3,4
BI654,1,3,4,3,1,2,5,4,3,3,2,1,3,3,4,2,2,1,3,2,2,2,2,3,3,3,1,3,4,2,5,3
BI666,1,2,1,3,3,4,4,3,3,3,2,2,3,1,3,3,3,2,1,1,1,3,3,2,2,3,1,2,3,1,4,3
BI679,3,2,2,2,2,3,2,4,5,3,4,2,3,1,5,3,3,4,1,3,4,2,3,3,3,4,5,2,2,3,3,3
BI682,4,4,3,1,2,3,5,3,3,4,2,2,3,5,4,3,3,3,3,3,3,2,2,3,3,1,4,4,4,3,2,5
BI727,2,2,3,3,5,3,2,5,3,3,3,4,2,1,3,5,2,2,4,4,3,4,2,3,3,3,2,3,1,4,3,3
BI728,3,3,5,3,4,2,1,1,3,4,4,4,5,1,4,3,2,3,3,3,2,3,2,1,4,3,3,3,4,3,3,4
BI734,2,3,3,3,4,5,4,2,2,3,4,3,5,1,2,2,4,3,1,4,3,2,2,5,5,1,2,3,3,3,3,4
BI747,5,4,2,4,1,3,3,4,1,4,3,1,2,1,4,2,1,2,3,3,2,5,4,3,3,3,4,3,3,3,4,3
BI761,4,1,5,4,4,2,2,5,5,2,3,2,2,2,1,3,2,5,3,3,5,3,2,3,3,4,3,3,3,3,3,2
BI768,5,3,3,3,2,3,4,3,3,3,4,4,4,2,3,4,3,4,4,2,3,3,2,5,2,3,5,2,3,3,4,3
BI781,2,5,3,4,2,2,4,1,3,4,3,3,1,4,2,4,3,4,2,3,4,5,2,4,2,3,5,5,2,2,2,3
BI790,1,3,1,2,5,3,1,3,5,3,3,5,3,3,3,5,3,4,3,3,3,5,3,1,1,3,2,4,3,3,2,2
BI806,3,3,2,2,2,4,3,3,5,4,5,3,2,3,2,3,3,2,1,3,4,1,2,4,3,5,3,4,2,1,4,5
BI810,4,4,1,4,3,3,3,2,3,2,3,2,3,2,2,1,2,2,2,3,1,5,2,4,3,3,2,2,4,3,3,3
BI839,3,4,4,3,4,3,3,4,3,4,3,3,4,2,3,1,2,3,3,2,5,3,3,3,1,3,3,3,1,2,4,2
BI848,2,2,4,3,4,5,5,3,3,4,3,1,3,4,2,4,4,2,1,2,3,3,3,4,2,3,3,4,3,3,1,2
BI861,3,3,1,4,5,3,1,4,2,4,3,1,2,3,4,2,2,1,3,3,5,4,4,2,2,3,1,4,4,1,4,1
BI907,2,1,3,4,2,4,2,5,4,4,3,2,2,3,3,3,2,3,3,2,4,3,2,2,2,2,3,5,4,3,4,5
BI943,2,5,5,4,3,3,3,5,1,4,1,1,5,4,3,5,4,5,3,5,4,5,2,3,4,3,4,5,4,3,2,2
BI966,3,1,2,3,4,1,1,3,2,2,2,3,1,5,2,5,4,4,2,3,4,3,3,2,3,2,5,3,1,3,3,1
BI985,3,2,3,3,3,3,4,3,3,4,2,1,4,3,4,2,4,1,4,4,3,3,3,2,3,3,5,4,3,4,2,3
CA018,3,5,3,1,1,3,2,4,3,3,4,3,4,4,4,4,4,3,5,1,5,2,2,4,3,3,2,2,2,2,3,4
CA021,4,3,5,3,2,5,3,5,3,4,2,4,2,1,1,3,2,5,4,4,4,4,4,5,5,2,2,3,2,2,4,3
CA027,3,5,3,3,2,3,2,1,2,4,4,3,5,2,3,1,4,3,2,2,4,2,5,3,2,3,3,3,3,3,3,2
CA035,3,3,3,2,4,3,2,3,5,1,4,3,3,3,3,2,5,4,3,3,3,4,1,4,1,3,3,3,1,3,4,3
CA042,1,1,3,1,1,3,2,2,3,2,2,3,2,1,3,3,2,3,5,5,3,1,3,1,3,5,3,3,2,1,5,3
CA047,2,3,4,2,3,3,3,2,3,1,4,3,5,3,2,3,3,3,3,2,4,5,3,4,1,2,3,3,3,3,1,2
CA072,1,5,3,4,3,2,3,3,3,3,3,3,2,4,3,3,4,2,5,2,2,4,3,4,3,3,2,4,2,4,3,3
CA084,1,5,4,3,5,5,3,2,3,3,3,5,2,4,5,4,3,3,4,1,4,3,3,4,2,4,3,3,3,2,3,4
CA099,1,3,4,3,3,2,3,4,3,2,1,3,3,2,3,3,2,2,3,4,3,4,3,4,4,4,3,5,1,2,4,4
CA141,4,4,3,5,2,5,3,2,4,2,2,2,1,4,3,5,3,4,5,1,2,3,4,4,3,2,4,3,1,4,5,1
CA164,2,4,3,5,5,2,3,3,2,1,3,3,3,2,3,3,4,3,4,3,3,2,4,4,4,3,3,3,5,3,5,3
CA182,4,4,4,4,3,3,5,3,5,1,1,3,4,2,3,3,2,2,1,3,3,2,5,4,3,3,2,3,5,4,1,1
CA208,5,2,3,1,4,2,3,1,2,3,1,2,2,1,5,3,4,3,1,3,1,3,2,3,4,5,3,3,1,4,5,3
CA252,4,4,4,4,2,4,2,4,1,5,4,3,1,4,4,3,5,1,4,3,2,3,4,2,4,1,3,4,2,3,3,3
CA339,3,2,2,4,2,2,1,1,1,2,2,2,2,1,3,4,3,3,3,3,5,3,1,3,3,3,3,3,1,3,4,3
CA370,1,4,5,4,3,3,3,4,3,2,4,4,3,2,3,3,4,3,2,4,3,1,3,4,2,5,3,5,2,3,3,5
CA403,3,2,4,1,4,2,3,4,3,4,3,3,3,2,3,3,3,5,2,4,5,4,1,4,2,3,5,3,3,3,3,3
CA405,5,2,2,1,2,2,1,3,2,3,2,5,3,1,4,3,4,3,3,3,3,3,3,3,3,3,4,4,3,1,4,5
CA424,3,3,3,3,5,1,1,5,3,3,4,4,3,3,3,4,4,2,2,3,3,3,2,1,4,3,3,3,2,3,4,4
CA436,4,3,3,4,2,4,4,2,2,3,2,4,2,3,4,2,4,2,5,3,2,3,3,2,3,4,4,4,4,1,3,2
CA448,1,4,4,4,4,3,5,3,4,2,2,3,2,1,2,4,5,3,5,4,2,3,5,4,3,3,4,3,2,3,3,2
CA465,3,4,2,3,5,4,4,3,2,3,4,1,2,3,3,5,1,3,4,3,3,4,1,5,2,1,3,4,2,1,1,2
CA477,2,3,2,3,3,4,2,3,4,5,3,3,3,3,2,3,5,3,2,5,3,3,3,3,2,3,3,4,2,4,2,3
CA496,3,5,3,4,3,5,2,3,4,3,4,3,4,2,2,3,4,3,3,3,4,2,3,3,3,4,1,4,3,4,3,2
CA500,3,4,4,3,5,3,3,2,1,3,1,3,4,3,3,2,2,2,3,3,2,3,3,4,3,2,4,3,4,2,4,2
CA537,3,2,2,3,3,3,3,3,3,2,4,3,3,2,2,2,2,5,5,3,2,5,4,1,3,3,1,1,3,1,1,2
CA552,5,4,3,3,3,3,1,4,1,3,4,2,4,1,5,3,5,3,2,5,3,3,3,2,3,3,4,1,3,4,1,2
CA574,1,3,3,5,3,3,5,2,3,3,1,5,4,4,5,3,4,3,5,2,1,2,2,3,1,2,1,3,2,3,1,3
CA612,2,1,3,4,4,5,3,3,5,3,1,4,2,4,1,2,3,1,4,4,3,3,4,4,3,4,5,2,5,4,4,3
CA616,3,2,4,3,3,3,3,4,4,4,3,5,3,3,1,5,3,2,3,3,5,3,3,4,3,2,4,5,1,4,3,2
CA635,1,2,3,1,2,4,3,4,2,1,3,3,4,3,5,1,3,3,2,3,1,4,1,4,1,3,2,2,4,4,4,3
CA641,5,3,2,5,5,3,2,2,3,4,1,3,2,4,3,5,4,3,2,3,2,5,2,4,3,2,3,4,3,2,2,3
CA652,3,4,3,2,1,2,4,4,4,4,2,5,1,4,1,2,3,1,3,3,3,4,1,1,4,3,3,5,3,2,3,4
CA692,3,3,3,3,1,2,3,3,4,2,1,1,3,3,3,2,3,4,3,3,2,4,3,4,3,2,3,3,3,4,2,2
CA715,2,5,2,3,3,3,4,2,2,3,3,3,3,4,4,4,4,1,2,4,3,3,4,5,3,2,1,3,4,2,2,5
CA719,3,2,2,4,4,3,3,5,2,3,1,3,3,5,3,4,4,2,5,3,3,1,3,1,2,1,3,4,4,2,4,3
CA726,1,2,4,4,2,1,2,4,5,3,1,3,5,5,5,3,3,4,4,2,4,5,4,4,3,4,3,3,2,3,3,3
CA741,2,3,3,4,3,4,2,2,2,4,3,3,4,2,1,3,2,3,5,3,3,3,3,5,5,4,2,4,2,3,3,1
CA747,5,5,5,2,3,5,2,3,3,2,4,2,3,3,3,2,3,5,4,3,4,4,3,3,4,3,2,4,1,4,4,4
CA768,1,5,3,4,3,3,2,1,3,2,3,3,3,2,3,4,3,3,3,3,1,2,3,3,3,3,2,3,4,3,4,5
CA770,5,2,3,3,4,3,2,3,1,4,3,3,2,3,3,3,4,4,3,4,3,3,3,3,3,2,3,2,2,2,3,2
CA772,5,4,3,3,1,4,2,1,4,3,3,4,4,3,4,3,3,3,1,3,3,4,3,2,3,3,3,2,3,1,4,4
CA784,1,3,3,3,3,4,3,5,3,1,5,2,4,3,4,3,1,3,3,3,5,3,2,1,4,4,3,3,4,2,3,3
CA800,1,3,2,3,3,3,1,3,2,1,3,2,2,4,1,5,3,2,3,5,3,3,3,3,2,2,3,4,3,3,5,2
CA811,3,3,1,3,2,2,4,4,4,5,4,2,2,2,3,2,3,4,2,3,1,3,2,5,5,2,5,3,3,3,4,3
CA812,1,3,3,3,4,1,5,5,1,3,3,3,3,3,4,3,3,3,5,3,1,3,3,4,3,3,4,2,4,4,4,5
CA815,3,3,2,3,3,4,1,2,3,4,3,1,3,2,5,5,1,3,4,3,3,2,2,5,3,4,3,2,3,4,1,2
CA817,2,2,1,4,2,4,3,3,3,4,4,3,4,1,3,3,2,3,3,3,2,3,4,3,3,5,4,5,1,3,2,3
CA836,3,3,3,4,3,4,5,4,3,2,2,3,4,1,4,4,3,3,2,2,2,4,3,2,1,3,4,4,2,5,3,3
CA849,3,2,3,4,3,4,3,5,4,1,1,4,3,2,4,5,4,4,1,2,3,3,1,4,3,3,3,1,3,4,2,4
CA852,2,3,3,3,3,4,4,5,4,5,3,3,2,2,2,4,3,2,4,3,1,1,2,2,4,4,2,2,3,4,3,3
CA853,4,4,4,2,3,2,3,3,4,2,3,4,4,3,3,4,2,3,4,3,5,3,1,3,1,3,2,3,4,1,3,1
CA858,4,5,3,4,3,3,2,4,3,5,5,2,3,3,4,3,3,3,3,5,1,1,3,2,3,1,3,2,2,3,4,3
CA896,2,3,5,3,3,5,2,4,2,4,1,5,4,2,4,5,2,5,3,1,2,4,5,4,3,5,3,2,3,5,3,3
CA900,3,3,1,2,1,2,4,2,3,4,3,1,3,3,3,3,3,2,4,2,3,4,3,3,4,4,3,4,2,3,3,4
CA947,3,3,1,3,3,4,1,1,3,3,2,2,5,3,1,1,1,3,4,4,3,4,4,3,3,2,2,3,4,3,2,1
CA967,3,3,4,4,4,3,4,3,2,3,3,3,3,3,2,3,3,1,3,2,4,3,2,3,3,2,4,3,2,4,2,5
CA976,3,4,3,2,4,2,3,2,2,3,4,3,1,4,3,3,3,3,3,1,4,3,3,2,3,2,3,3,2,5,2,4
CA988,2,3,2,3,2,4,3,1,3,3,4,3,3,3,4,3,3,4,5,4,5,3,2,2,4,4,3,1,3,4,2,3
CH005,3,2,5,2,4,3,1,4,4,4,3,4,5,2,1,2,4,3,2,2,3,4,4,4,4,1,4,3,4,3,3,2
CH008,5,3,3,2,3,4,2,2,2,3,3,2,3,5,2,3,3,3,3,2,4,1,3,3,4,3,4,5,3,4,4,2
CH023,2,4,3,3,4,5,2,3,4,4,4,2,3,3,2,4,3,3,3,1,3,3,1,2,3,2,1,5,2,3,2,5
CH030,3,2,4,4,5,4,1,3,3,4,3,4,2,3,3,5,1,4,1,1,3,4,3,3,4,2,3,3,3,3,2,5
CH067,5,3,3,3,2,3,5,3,3,5,4,3,2,2,4,5,3,1,3,3,2,5,2,4,3,4,4,2,3,2,4,3
CH120,3,3,2,2,4,3,3,4,3,4,4,4,4,3,4,4,2,3,2,2,4,5,3,4,3,4,3,4,4,5,4,3
CH130,2,4,3,4,3,1,1,3,2,4,3,3,4,2,3,4,5,2,3,5,3,4,5,5,4,3,1,2,2,1,2,2
CH218,1,2,1,3,4,4,5,4,2,4,4,3,4,1,3,3,4,2,2,3,5,1,4,2,2,3,3,4,3,3,2,2
CH221,4,2,2,4,5,2,3,2,1,4,3,1,4,3,4,3,2,3,2,2,3,1,3,3,4,3,4,5,5,4,3,1
CH254,3,3,3,3,3,5,2,3,3,2,4,3,3,4,2,4,1,3,2,4,4,4,3,4,3,3,1,4,3,4,4,2
CH255,2,4,2,2,1,2,1,4,3,2,3,1,4,3,1,3,4,2,5,4,4,1,3,2,2,5,2,3,4,2,3,5
CH257,2,4,1,3,3,3,3,2,3,2,4,4,3,3,5,3,2,4,3,2,2,5,2,3,1,3,2,2,4,4,4,1
CH265,2,3,3,4,3,4,3,3,1,3,3,3,3,2,2,2,4,3,3,3,3,4,5,3,3,2,3,3,5,3,2,3
CH271,5,4,2,3,2,4,3,4,2,5,1,3,1,2,5,1,2,5,4,3,1,4,3,3,3,3,3,4,4,4,4,4
CH285,3,4,3,3,4,2,4,5,2,3,1,4,3,3,2,4,2,3,3,3,1,4,4,3,3,3,5,4,3,5,3,3
CH295,3,5,3,3,1,1,3,2,1,5,5,3,4,4,3,2,2,2,4,3,3,3,3,2,3,4,4,1,2,4,3,3
CH313,3,3,1,5,1,1,2,5,1,4,2,2,4,4,4,2,4,1,3,3,1,3,3,5,3,3,4,3,3,1,3,3
CH315,4,1,4,5,2,4,2,3,4,3,1,3,4,2,1,4,2,3,1,1,3,3,2,3,3,3,4,4,1,1,3,4
CH324,2,4,2,1,5,2,3,3,2,3,5,3,3,4,2,3,3,3,4,2,3,4,2,2,3,4,2,3,4,2,3,2
CH383,3,3,3,1,3,2,2,1,1,5,4,5,2,3,1,1,3,3,1,3,1,3,3,3,3,3,3,3,3,3,4,2
CH405,4,3,4,4,4,3,2,3,2,4,4,4,3,3,2,3,3,3,4,4,3,3,3,3,2,3,3,5,3,5,2,3
CH416,5,3,3,3,4,5,3,4,5,2,3,5,3,3,3,2,4,3,3,3,3,3,3,3,3,2,4,3,1,4,1,3
CH428,4,2,2,2,5,4,3,3,3,3,2,1,4,4,2,1,2,3,2,1,3,2,1,3,3,4,3,2,3,4,2,2
CH439,2,5,5,3,2,4,3,4,4,3,5,4,3,3,3,3,3,3,3,3,5,2,3,4,2,5,3,5,4,4,1,3
CH452,2,4,3,2,3,1,4,3,2,3,1,2,2,5,3,3,3,3,2,2,1,2,3,2,3,1,3,4,1,2,3,2
CH454,1,2,5,4,5,3,4,4,4,1,3,3,3,3,4,5,4,4,3,3,3,3,4,5,3,4,3,3,4,3,1,3
CH485,3,2,3,5,4,3,4,2,4,3,4,3,2,4,3,4,1,3,2,4,5,1,4,2,4,2,2,2,4,2,3,3
CH516,3,3,2,4,2,4,3,3,2,2,3,2,3,3,2,2,5,3,4,1,1,3,4,3,3,2,5,3,2,3,1,3
CH525,4,3,3,3,3,3,3,1,3,5,4,2,3,3,2,4,2,4,3,4,2,3,2,1,4,4,4,1,4,4,3,3
CH579,3,3,4,3,3,2,3,1,1,3,3,2,5,4,3,4,3,3,4,1,4,3,3,3,3,3,2,3,3,4,3,3
CH607,3,3,5,3,1,3,3,5,2,3,2,3,4,4,4,3,3,3,3,4,2,3,3,4,4,2,2,5,3,1,2,5
CH612,3,3,4,3,3,3,4,3,1,2,2,3,3,3,4,3,3,3,3,4,2,3,3,2,1,2,4,3,4,3,1,4
CH623,5,1,2,4,5,4,1,3,3,3,3,2,3,4,3,3,2,3,2,1,4,3,3,5,3,3,3,3,3,4,2,3
CH648,3,2,4,1,3,2,1,3,3,4,3,5,4,2,2,2,3,3,2,3,3,3,3,4,3,5,4,3,2,1,1,2
CH649,2,4,3,3,1,3,3,4,3,1,1,2,2,4,2,2,3,2,5,4,4,3,1,3,3,2,2,3,2,3,3,5
CH657,4,2,3,3,4,3,2,2,3,5,4,3,4,3,3,3,3,3,3,4,3,3,3,2,2,3,4,3,3,3,3,3
CH665,1,4,2,3,3,3,4,2,4,1,5,2,4,1,3,3,3,3,3,3,3,3,3,2,4,4,2,3,3,3,1,4
CH675,4,2,4,4,3,2,2,3,3,3,4,5,4,5,3,1,1,2,3,3,2,4,5,1,1,3,3,4,3,1,3,3
CH711,5,3,5,1,2,3,4,3,4,2,2,2,3,4,3,2,3,2,3,2,4,4,3,1,2,2,3,2,4,4,2,3
CH720,3,3,2,2,4,2,3,4,3,5,3,3,4,3,5,3,5,2,1,2,1,4,2,3,3,3,4,2,1,1,2,3
CH727,5,3,3,4,5,5,4,3,2,3,2,1,5,3,3,3,3,3,5,4,2,2,3,3,4,4,4,4,4,2,4,3
CH732,5,4,1,4,3,5,3,1,2,3,3,2,3,3,4,3,3,3,3,4,3,3,3,3,2,3,3,3,4,5,3,1
CH739,1,1,5,5,1,3,3,2,3,4,4,4,1,3,5,2,3,3,2,3,2,4,2,3,5,5,3,2,2,4,5,1
CH740,4,2,2,3,2,3,3,2,3,1,4,3,5,2,4,3,3,3,3,3,1,4,4,1,4,1,4,3,3,3,3,3
CH758,3,4,1,3,3,3,2,1,1,3,3,3,3,3,4,3,3,3,4,2,3,1,2,1,3,3,3,1,4,2,4,1
CH770,3,3,4,4,3,4,3,4,4,5,2,3,2,3,3,2,3,3,3,2,5,1,5,3,3,3,3,2,2,5,4,2
CH802,3,2,3,3,3,3,2,3,5,4,3,2,3,4,4,3,3,4,2,4,1,3,3,3,1,4,1,2,3,5,1,3
CH811,3,3,5,2,5,4,3,4,4,4,3,4,3,4,2,3,3,3,4,5,2,1,3,3,3,4,4,3,3,3,3,5
CH817,3,3,3,1,1,2,4,3,3,5,2,4,3,3,3,4,3,4,1,3,3,3,5,5,3,3,4,4,3,3,4,3
CH828,3,2,3,3,3,3,4,2,2,4,3,3,5,3,2,3,3,4,2,3,1,4,4,3,3,4,2,3,5,3,1,2
CH830,3,1,3,3,4,3,3,2,1,2,1,3,3,3,2,2,4,3,1,4,3,2,2,3,3,4,3,3,3,3,1,3
CH858,3,5,3,3,3,5,3,3,5,5,2,3,5,3,3,2,3,3,1,1,1,2,2,4,2,3,2,3,3,3,4,2
CH860,3,4,4,5,1,4,3,1,3,4,2,3,2,4,3,1,1,4,1,2,3,2,2,4,2,1,4,5,4,3,3,5
CH874,4,3,4,3,5,4,3,5,3,4,2,4,2,5,1,3,2,4,3,5,4,4,2,1,4,2,4,2,3,5,4,1
CH888,3,5,1,2,3,2,3,3,4,5,3,3,4,2,5,1,1,3,3,3,2,3,4,3,1,1,3,4,3,4,2,3
CH918,4,5,2,2,3,3,3,4,5,1,3,2,4,2,5,3,3,3,3,2,3,4,5,3,4,4,4,1,3,1,3,4
CH984,4,4,3,1,2,3,2,2,3,1,3,5,1,4,5,3,5,2,5,4,4,2,4,5,4,1,1,3,4,1,5,3
CH987,3,3,4,2,2,3,3,4,3,3,3,3,3,3,3,2,3,3,3,2,1,1,4,3,3,5,2,3,3,4,5,4
CH995,3,5,4,4,1,3,4,2,4,1,3,4,3,4,3,3,3,3,4,1,3,2,3,5,1,3,4,3,3,2,2,3
EN009,4,3,4,3,4,5,1,3,2,3,3,3,3,3,1,1,2,3,3,2,4,3,3,4,5,2,3,5,2,1,3,3
EN033,1,2,3,4,4,5,3,3,3,1,2,2,1,3,5,1,3,4,2,5,4,2,5,4,2,4,3,4,3,3,3,3
EN042,4,4,3,5,4,5,3,3,3,3,5,1,3,2,4,1,3,3,1,3,4,2,5,1,2,4,3,3,2,4,2,4
EN053,3,3,5,4,4,4,1,4,2,2,1,4,4,2,3,3,3,3,3,3,4,3,4,2,2,2,2,5,3,3,3,3
EN056,2,3,3,5,3,5,3,2,3,4,3,1,1,2,3,4,3,4,3,3,2,4,2,2,2,1,3,3,3,3,3,2
EN060,4,3,2,5,2,4,3,1,5,3,4,2,3,5,3,2,3,3,3,5,4,2,4,5,3,2,1,2,5,3,3,2
EN067,2,3,4,3,1,4,5,3,3,2,3,3,4,3,3,3,2,5,4,3,2,4,3,4,1,2,3,3,2,2,3,4
EN091,2,3,3,4,2,2,3,2,3,3,5,3,1,3,4,4,5,4,2,1,3,4,2,2,5,5,2,2,4,3,4,3
EN103,4,3,4,3,3,3,3,3,3,2,4,2,4,3,3,3,5,2,4,2,5,4,5,4,3,2,2,2,2,3,4,1
EN162,2,3,4,2,3,3,2,3,3,4,5,5,3,2,2,3,5,3,5,2,1,4,4,3,2,1,1,3,2,3,3,3
EN174,3,3,3,3,3,1,3,2,2,4,5,5,4,4,5,4,3,3,3,1,3,3,4,4,5,3,5,4,1,3,3,1
EN179,3,3,2,5,3,2,4,3,3,4,2,3,4,3,1,4,5,4,4,3,3,3,4,5,4,2,3,5,2,3,5,4
EN185,3,1,3,5,3,3,4,3,3,3,3,2,1,4,2,1,3,3,3,3,2,1,1,5,3,3,3,3,3,4,2,3
EN194,5,2,3,3,3,1,2,2,4,5,1,1,3,3,3,4,4,2,1,4,3,5,3,3,3,2,2,5,2,2,3,3
EN206,1,3,3,4,4,5,4,4,4,2,3,3,5,3,2,5,4,4,4,3,1,2,5,2,4,3,5,3,3,2,1,4
EN220,1,4,3,4,2,3,3,1,4,3,2,3,1,4,3,2,2,4,4,1,1,5,3,2,2,3,4,3,1,3,3,3
EN234,3,5,3,3,3,3,3,3,4,2,3,3,3,3,4,3,4,1,2,1,3,2,2,3,3,3,3,5,4,2,4,3
EN264,1,1,4,3,3,3,5,4,5,1,3,3,2,3,2,5,3,3,3,3,3,5,4,3,3,4,2,4,4,4,2,2
EN285,2,1,5,4,1,3,2,1,2,3,1,3,4,2,3,4,1,4,3,3,2,3,4,2,3,3,3,2,3,2,3,3
EN332,3,3,4,5,2,3,3,4,4,4,3,2,2,3,2,2,5,5,1,4,5,3,3,5,1,4,2,3,3,3,4,2
EN335,3,4,5,4,3,4,3,3,2,2,1,3,3,2,2,3,4,3,3,1,3,3,2,5,5,5,3,4,3,4,5,2
EN336,2,2,4,3,3,4,4,5,2,3,5,3,3,5,4,3,3,5,1,3,5,3,3,3,3,3,4,3,3,1,3,4
EN344,3,4,2,3,1,4,3,3,2,5,4,3,3,3,5,4,3,5,3,3,4,2,5,2,3,2,4,2,1,1,3,3
EN360,1,1,1,3,2,3,1,4,3,4,4,5,4,3,2,1,4,3,4,3,4,4,1,4,2,4,5,5,2,1,4,4
EN375,2,3,1,3,4,3,1,5,3,3,1,2,2,4,3,3,4,5,3,3,4,3,1,3,4,5,3,3,4,1,4,3
EN377,2,3,2,3,2,2,2,3,3,2,3,4,5,3,3,3,2,5,4,2,2,3,3,3,4,2,4,5,2,2,5,2
EN394,1,4,2,2,2,5,4,3,3,2,5,4,2,5,5,3,5,2,4,2,3,5,3,4,2,3,1,1,3,3,3,3
EN419,3,3,1,3,3,3,4,3,5,5,4,3,2,4,2,2,5,3,2,5,4,3,3,3,4,4,2,3,3,4,3,2
EN421,3,4,4,2,3,1,3,1,4,3,5,4,3,3,4,2,2,3,1,3,1,1,3,4,3,1,3,2,3,4,2,1
EN425,3,3,2,2,3,5,4,3,4,1,2,2,3,4,2,2,4,3,3,3,2,4,3,2,5,1,3,3,1,1,2,3
EN432,2,4,2,4,2,1,2,4,1,3,1,3,5,3,3,3,5,4,1,2,3,3,2,3,3,3,3,5,2,4,1,1
EN507,5,3,3,3,2,3,3,3,2,3,3,5,3,3,4,3,3,3,4,3,2,3,3,3,3,3,3,3,3,4,4,3
EN546,5,1,3,1,4,4,3,2,4,3,4,2,2,5,3,3,3,4,3,3,2,3,5,5,5,3,4,3,3,4,4,1
EN568,5,4,4,4,3,4,3,3,2,4,4,5,2,2,3,4,4,3,4,1,3,1,1,4,3,1,3,1,3,2,2,2
EN574,3,2,3,3,4,4,4,3,2,3,3,3,3,3,5,5,4,1,5,4,3,1,3,3,2,1,3,3,1,3,2,3
EN579,2,5,1,3,2,3,2,5,1,3,3,4,3,2,3,5,4,3,3,2,3,2,2,3,1,2,2,5,4,3,2,3
EN581,3,1,5,3,5,3,3,3,1,4,3,3,3,3,4,4,4,5,3,3,3,2,4,3,2,4,3,1,2,4,3,5
EN584,3,2,3,2,4,3,5,3,1,3,3,5,3,3,2,2,3,3,3,3,2,3,1,3,1,3,1,5,3,3,4,2
EN586,3,4,3,3,3,3,3,1,3,3,4,3,5,3,3,1,2,4,3,5,4,3,4,3,3,1,4,3,3,2,4,4
EN607,3,3,3,3,4,5,3,3,3,4,4,1,1,3,2,1,3,4,3,3,5,2,3,5,2,5,3,2,4,3,3,3
EN618,3,1,3,3,3,4,5,1,4,2,5,5,3,3,4,5,2,3,3,4,2,3,3,4,3,5,1,2,3,2,4,4
EN645,3,5,3,5,2,4,1,3,3,4,4,3,4,4,1,4,3,4,2,2,4,2,3,3,3,3,3,3,1,4,4,1
EN672,4,2,3,3,3,1,4,5,5,1,5,3,4,5,3,3,3,3,5,4,3,2,3,3,2,4,4,3,4,4,3,3
EN673,4,3,3,2,1,5,2,3,5,4,2,4,4,3,3,4,2,4,1,3,2,4,2,3,2,4,2,4,4,2,3,3
EN674,3,5,1,4,4,2,3,4,3,3,3,3,2,3,4,1,3,3,3,3,1,3,3,3,2,2,3,1,3,4,2,3
EN689,3,2,3,3,3,2,2,2,5,2,3,3,3,3,4,4,2,2,5,4,3,4,3,3,4,3,4,3,4,3,4,3
EN713,3,4,2,5,3,3,3,3,4,4,4,3,3,4,4,4,4,4,4,4,4,3,4,5,2,1,1,2,5,2,4,4
EN724,4,3,3,3,2,2,2,3,2,3,4,3,3,4,1,4,2,3,3,2,2,5,3,3,4,4,2,4,5,3,3,4
EN753,3,5,2,4,3,3,4,5,1,5,2,2,1,5,4,1,3,2,4,3,1,4,3,4,3,3,3,1,3,4,4,4
EN755,3,5,3,3,2,4,3,3,1,2,2,3,2,4,4,4,3,3,4,3,1,3,3,3,2,4,4,2,3,4,1,2
EN775,3,4,4,2,3,3,3,3,3,2,2,2,4,1,2,5,1,1,3,2,3,3,2,5,3,3,4,5,3,5,4,3
EN799,3,3,3,3,3,4,2,4,2,2,4,2,4,4,2,1,2,4,4,3,2,1,2,5,2,1,4,3,3,3,4,3
EN806,3,2,4,2,3,3,3,3,3,4,3,3,3,3,5,3,3,4,3,3,3,3,4,1,4,4,3,2,3,4,1,3
EN813,2,4,3,3,3,3,3,3,5,2,3,2,3,3,3,3,4,1,4,3,3,2,4,3,4,3,3,5,5,4,4,3
EN821,3,3,5,4,3,2,5,3,5,4,1,3,4,1,4,3,1,3,1,1,4,4,2,2,1,5,3,2,3,5,4,3
EN832,4,4,1,5,4,3,3,2,4,3,3,2,2,5,3,4,4,5,5,3,5,3,3,4,5,3,3,4,3,3,4,4
EN889,2,3,1,4,2,4,3,2,4,2,3,3,3,2,3,2,4,2,3,3,5,1,5,2,4,1,5,4,1,2,3,3
EN898,3,3,4,3,2,1,3,3,3,4,2,3,2,5,3,3,3,2,2,3,5,2,3,3,3,3,2,3,2,3,2,1
EN907,2,4,2,3,2,1,3,4,5,5,1,2,3,4,3,3,3,2,3,1,3,3,3,2,4,4,4,3,2,1,3,3
EN943,2,3,3,2,5,4,1,3,1,2,2,4,4,1,3,5,3,5,3,3,3,5,3,5,3,2,2,2,1,3,3,4
EN950,4,5,2,2,3,2,1,3,4,4,5,3,5,1,4,3,5,2,4,3,3,1,4,2,3,2,3,2,3,5,5,2
GO013,1,1,4,2,2,2,4,5,4,4,3,3,4,1,1,3,3,3,4,3,4,3,2,2,2,1,1,2,2,3,3,4
GO034,2,4,2,5,2,4,2,5,4,3,3,1,2,2,3,2,3,3,3,2,3,1,3,3,3,3,4,5,4,1,2,4
GO041,5,2,4,4,5,1,3,3,3,3,5,4,1,3,3,5,3,3,2,3,2,3,4,1,3,5,2,2,3,4,3,3
GO053,1,5,3,2,3,3,3,3,4,1,3,3,1,4,2,2,1,2,2,3,3,1,4,3,3,1,3,1,2,3,3,2
GO086,4,2,2,3,3,5,3,3,1,4,2,4,5,4,3,3,3,2,4,3,3,3,2,4,3,4,5,4,2,4,3,2
GO092,1,2,2,1,5,4,4,2,1,3,4,5,4,4,2,2,2,2,4,5,3,4,1,3,3,2,4,2,3,4,3,4
GO155,4,2,3,3,3,3,1,4,2,1,3,3,5,4,3,5,3,4,3,1,4,3,3,4,3,2,3,4,2,3,2,1
GO161,3,3,2,3,3,4,4,1,3,3,4,1,3,4,2,2,3,5,3,3,1,3,3,2,3,3,1,4,4,3,4,2
GO186,2,3,1,4,3,3,3,3,2,3,3,3,3,4,1,4,2,2,3,5,1,3,3,3,1,3,2,1,3,4,4,1
GO188,3,1,3,3,3,3,4,3,3,4,2,3,3,4,3,1,5,4,4,3,3,5,3,2,5,3,1,3,1,3,4,3
GO197,3,4,5,3,3,5,2,2,3,2,2,3,2,3,3,1,4,3,4,3,1,1,4,3,5,4,1,4,2,3,3,1
GO203,2,3,3,2,3,3,3,3,4,5,5,2,3,3,4,3,3,3,2,3,2,2,2,1,1,3,5,3,3,3,3,4
GO223,2,3,3,5,3,4,1,3,3,3,4,3,2,3,4,4,5,2,3,2,3,2,4,5,1,4,2,3,4,3,2,5
GO225,3,5,4,4,3,5,4,3,4,4,4,1,1,3,2,1,2,4,3,3,4,3,1,3,5,3,3,4,2,4,2,3
GO234,2,2,3,1,4,3,3,2,2,4,3,2,3,1,2,4,3,2,3,3,3,1,4,1,3,4,3,5,4,3,2,1
GO253,4,2,2,1,1,2,4,4,4,4,2,5,2,2,2,3,2,4,3,3,4,5,4,3,5,3,3,2,2,2,3,3
GO273,3,2,3,3,3,3,3,2,2,3,1,2,3,2,3,2,3,3,3,3,3,2,1,3,3,3,4,3,3,4,5,4
GO285,5,2,2,2,4,3,3,2,4,4,2,2,3,2,3,4,4,2,2,3,2,1,2,3,3,4,2,4,1,3,3,2
GO297,3,4,1,3,1,2,2,3,2,2,2,2,2,3,5,3,3,4,3,3,5,5,2,4,3,3,4,3,3,4,2,3
GO299,4,4,5,3,3,3,3,4,2,3,3,1,3,4,5,3,4,4,2,1,4,2,3,3,4,3,4,4,5,4,2,5
GO313,3,3,5,2,4,5,4,4,2,3,4,2,4,2,3,2,2,3,3,2,2,3,4,2,3,3,5,1,1,2,4,5
GO336,4,4,1,2,5,3,3,3,2,4,3,3,3,4,3,2,2,1,3,3,5,4,3,4,4,4,1,2,3,5,3,4
GO351,4,3,1,1,4,4,3,2,1,2,3,3,5,5,3,4,4,4,3,3,2,5,4,2,2,3,3,2,4,1,3,5
GO393,4,3,5,5,1,2,3,5,4,1,3,4,2,4,3,2,3,5,5,5,5,2,4,2,4,3,2,3,3,4,3,4
GO396,3,4,4,1,3,4,4,3,2,1,2,2,3,2,2,4,2,3,2,3,2,1,5,3,3,2,3,3,3,3,2,3
GO420,4,1,3,3,1,5,2,3,3,2,3,3,4,3,3,4,3,5,3,3,3,3,2,2,3,4,2,3,4,1,4,4
GO426,3,2,1,2,4,5,4,3,5,4,3,1,2,3,3,3,5,4,3,3,3,2,3,2,3,2,3,1,1,4,3,3
GO427,3,4,4,5,2,4,5,1,3,3,4,1,3,4,2,2,5,4,3,3,4,5,4,3,3,1,2,4,1,1,3,2
GO437,2,3,3,2,3,3,1,4,2,3,3,2,1,4,3,3,4,1,4,3,3,4,3,1,4,4,3,3,2,3,4,3
GO467,4,4,2,3,3,3,1,3,1,4,5,2,3,4,3,2,4,3,3,5,5,4,2,2,4,3,3,3,4,2,5,3
GO497,4,3,3,4,3,3,3,1,4,4,2,4,4,3,3,3,3,3,3,2,4,3,5,2,2,3,2,3,2,3,3,3
GO504,3,4,4,2,4,3,3,2,3,2,3,5,4,4,3,2,2,1,3,3,3,3,3,1,3,3,5,3,3,4,3,5
GO531,3,5,1,3,4,2,2,1,1,3,4,1,2,1,2,5,2,3,2,2,2,2,2,4,3,3,3,2,1,1,2,4
GO535,2,3,3,3,3,2,3,4,3,5,3,3,3,4,3,5,3,4,3,4,1,2,4,3,4,5,2,3,2,2,3,2
GO550,3,5,3,4,3,2,3,2,3,3,3,3,3,2,3,1,3,3,4,4,3,4,3,3,4,4,3,5,2,5,2,3
GO570,4,4,2,5,1,1,4,4,4,4,2,1,5,3,5,5,3,3,3,2,3,4,3,1,2,2,3,3,3,3,2,4
GO596,3,3,3,1,2,5,2,2,2,4,3,3,3,5,5,3,4,2,3,3,2,2,5,2,1,4,2,3,2,1,3,3
GO614,3,5,3,3,1,4,4,3,2,3,2,5,3,3,2,2,4,3,3,2,2,1,5,4,5,3,4,2,3,2,4,3
GO626,3,4,4,5,3,3,3,3,3,3,4,3,3,2,2,3,3,1,4,5,3,3,3,4,2,3,5,3,3,5,3,4
GO646,4,5,4,4,3,2,3,2,3,4,3,3,2,3,2,2,3,4,3,3,5,4,3,3,4,2,3,1,1,5,3,3
GO678,4,5,1,1,4,3,4,3,3,2,3,4,2,4,2,3,1,3,3,3,3,3,2,4,4,3,3,3,3,3,3,4
GO702,3,3,2,4,3,2,4,4,3,5,3,1,4,4,1,4,4,5,2,3,2,3,2,3,2,3,1,3,2,3,3,2
GO718,2,4,3,1,5,3,2,4,4,3,4,1,5,1,3,3,1,5,2,4,3,4,2,3,4,3,3,2,2,4,3,3
GO720,2,3,3,1,3,2,3,3,2,1,2,2,3,2,3,3,4,2,2,2,3,3,3,2,2,3,2,4,1,4,1,4
GO721,3,3,3,3,2,4,3,4,3,3,3,3,4,4,4,2,4,2,1,2,2,4,4,1,3,2,3,3,3,5,3,3
GO752,5,3,3,3,4,4,4,4,5,4,4,3,3,5,4,4,3,3,3,1,3,2,4,4,2,2,4,3,3,3,2,2
GO765,5,4,1,2,3,2,2,2,2,3,5,3,2,2,5,3,3,4,3,3,5,3,3,3,5,5,4,3,4,3,3,2
GO796,3,2,4,3,3,4,3,4,4,2,3,5,4,5,4,3,2,2,2,1,5,3,2,4,3,1,2,3,4,2,3,1
GO801,2,2,1,3,3,1,2,5,2,4,4,3,2,2,3,3,3,4,3,5,3,2,3,4,2,4,1,5,3,2,4,1
GO813,3,4,5,3,4,2,1,1,3,2,1,5,2,3,3,2,3,3,3,4,3,4,3,3,2,3,3,4,4,3,3,4
GO822,3,2,4,5,3,5,3,1,3,4,3,1,1,4,4,2,3,5,3,2,5,3,3,1,3,4,4,3,4,3,4,1
GO825,2,4,2,2,1,3,1,3,5,4,1,2,2,1,2,5,3,3,3,4,4,5,2,3,3,3,4,2,4,2,4,4
GO850,4,3,3,4,3,2,4,3,3,5,2,3,3,4,3,3,3,2,3,3,2,4,3,3,2,1,5,5,4,3,4,4
GO857,2,3,5,2,3,3,3,3,3,3,2,4,3,5,2,2,3,3,2,3,3,1,4,5,2,4,3,3,4,2,4,2
GO909,5,3,2,2,4,3,5,3,3,4,2,2,1,2,2,2,3,3,2,3,2,5,1,5,3,4,2,2,5,3,3,5
GO918,3,2,3,3,4,5,3,4,3,4,2,3,1,3,2,5,3,3,5,3,3,1,4,2,4,4,3,4,3,3,3,3
GO919,5,5,3,3,2,3,3,2,3,3,3,3,4,3,3,2,3,3,2,3,2,5,3,3,5,2,5,3,4,2,2,2
GO944,3,2,4,2,2,2,4,5,5,2,2,3,3,3,4,2,3,2,3,3,5,3,5,2,4,4,4,3,3,3,5,2
GO955,1,3,2,3,3,1,4,1,2,3,2,5,3,4,3,5,3,1,2,3,3,2,2,3,3,5,1,3,3,2,3,3
GO967,3,3,2,3,2,3,3,2,2,1,2,2,3,2,4,3,3,2,3,3,3,3,4,4,3,4,4,1,3,3,3,4
GO981,3,1,3,4,4,1,3,1,4,4,3,3,4,1,4,2,3,3,4,2,2,3,3,2,3,1,4,3,2,3,2,3
GO997,3,3,3,4,3,3,2,4,3,3,5,1,2,3,3,3,3,4,4,4,3,3,4,2,4,3,4,4,3,2,5,3
HI004,3,5,5,2,1,1,3,3,2,2,3,2,4,3,4,4,3,3,5,4,4,3,3,4,4,3,2,2,3,2,2,2
HI025,1,4,2,4,2,4,4,4,4,3,5,2,5,3,1,4,4,2,4,2,2,4,2,1,5,3,3,3,3,4,3,4
HI032,2,3,3,3,2,5,2,2,2,4,1,5,5,2,3,2,3,3,4,1,5,5,3,3,3,1,4,3,2,3,2,3
HI039,3,3,3,4,3,4,3,1,1,3,5,3,4,1,4,2,3,2,4,3,3,2,2,2,3,2,2,3,2,3,1,5
HI046,4,3,5,4,3,2,2,2,4,3,4,3,4,3,3,3,4,4,2,3,2,4,2,3,4,3,2,3,5,1,4,2
HI083,3,3,4,5,2,4,3,5,2,3,2,5,1,2,3,4,5,2,3,4,1,4,3,3,3,3,3,3,3,3,4,4
HI121,4,4,3,4,5,3,4,2,2,3,4,3,2,2,2,3,2,5,3,3,3,5,3,3,4,2,1,3,3,2,3,3
HI129,5,3,3,1,3,3,3,4,4,4,2,3,2,4,3,1,3,2,5,3,3,3,3,5,2,2,3,2,4,3,3,3
HI147,1,3,3,1,2,3,3,3,3,2,3,4,1,3,2,3,3,2,2,4,3,3,3,2,3,3,4,3,4,3,3,3
HI156,3,4,3,3,1,3,3,3,1,3,3,4,5,3,3,1,1,1,4,2,4,3,4,4,4,3,4,3,2,3,5,4
HI174,2,2,2,3,5,3,3,2,4,5,3,3,5,3,3,3,1,3,3,5,3,2,3,3,2,3,3,2,3,2,3,3
HI194,3,1,2,2,1,2,2,4,3,2,2,2,3,2,1,3,4,3,1,3,3,5,3,4,1,4,1,3,5,4,5,3
HI235,3,3,3,3,1,2,2,3,3,4,2,3,2,3,3,3,2,4,3,5,3,4,4,2,3,3,4,3,3,2,3,1
HI249,4,2,2,1,3,3,2,2,4,3,4,2,4,3,4,3,4,3,3,3,5,2,2,3,5,1,2,2,3,1,4,1
HI262,3,1,4,4,4,4,5,3,4,2,3,1,2,3,5,3,3,4,3,2,3,2,3,2,2,3,5,2,4,3,4,3
HI268,5,1,5,4,4,4,4,4,4,3,5,3,4,4,4,4,1,4,1,3,4,4,4,3,2,3,3,3,3,4,3,4
HI280,3,3,1,5,3,4,3,4,1,5,4,4,3,4,3,3,4,3,1,3,3,5,5,4,2,3,3,3,1,2,2,3
HI292,3,3,3,3,4,2,1,3,2,3,1,2,2,2,3,3,3,3,3,3,5,2,2,4,3,4,3,1,3,3,3,3
HI301,5,3,3,4,1,3,5,4,3,3,3,3,1,2,3,3,3,4,2,2,4,4,4,2,1,3,4,2,5,2,2,2
HI343,2,4,3,2,2,3,1,2,1,1,5,3,4,4,4,2,3,3,3,3,2,3,1,4,2,3,4,1,5,3,5,1
HI368,4,2,3,3,3,3,4,4,3,3,3,3,2,4,4,3,4,5,5,3,3,3,3,3,4,5,1,2,2,4,3,3
HI370,3,4,3,3,1,3,2,4,4,2,2,2,2,4,5,3,2,3,4,5,1,3,3,3,3,3,3,2,3,4,2,4
HI408,2,3,5,3,4,3,3,3,3,4,3,4,4,4,3,3,4,2,2,2,1,3,5,2,4,3,3,4,4,2,2,5
HI423,1,2,3,4,3,3,3,4,2,1,2,2,1,4,4,4,2,3,3,4,5,4,3,3,4,2,2,3,4,1,3,3
HI426,3,3,4,3,5,2,3,3,2,2,3,4,2,2,3,3,2,5,2,1,3,1,1,3,4,3,3,5,1,3,2,3
HI433,3,3,3,5,1,4,1,3,2,5,4,3,5,4,5,4,1,3,5,2,4,2,3,1,3,4,1,3,3,5,2,2
HI455,2,2,3,5,3,2,4,2,1,3,2,3,2,5,3,3,2,1,3,4,3,4,1,2,2,3,4,3,3,4,3,3
HI466,1,3,4,4,4,1,2,4,5,3,2,2,4,1,2,3,2,2,2,5,2,5,3,4,5,3,4,2,3,3,4,3
HI510,1,3,4,2,3,3,2,3,4,4,3,3,3,1,3,5,2,5,5,2,5,3,3,3,3,4,1,3,3,1,4,5
HI511,3,2,5,4,1,3,2,2,2,3,4,1,3,5,3,4,5,4,3,1,3,3,3,3,5,4,2,3,5,3,4,3
HI523,3,3,1,5,3,3,4,3,3,4,4,5,3,3,3,1,2,3,2,5,4,2,2,4,4,4,3,2,4,4,4,2
HI525,3,5,2,4,2,3,3,4,1,5,4,3,3,3,4,1,3,1,2,3,2,1,2,2,4,3,4,3,2,4,2,3
HI600,2,2,3,2,3,3,4,3,3,3,3,3,2,3,4,2,4,2,3,5,5,3,1,5,2,5,4,5,3,5,3,3
HI615,3,3,3,4,3,4,2,5,2,2,4,4,3,3,3,2,4,4,3,3,2,3,5,4,3,1,5,3,2,3,3,5
HI620,2,3,2,2,4,4,3,4,5,5,3,3,4,3,3,2,3,3,2,3,3,3,4,1,3,5,2,2,3,2,2,5
HI639,3,1,4,3,4,3,5,2,3,4,2,4,4,5,5,3,3,5,1,3,2,4,4,4,5,3,3,3,5,5,5,5
HI658,4,5,2,2,4,4,4,4,2,5,4,3,3,3,3,4,5,2,1,2,4,4,3,2,4,2,2,1,5,3,2,5
HI664,3,4,2,4,2,3,3,4,4,5,3,4,5,3,2,4,3,3,3,5,1,3,2,4,2,1,5,3,4,3,3,5
HI668,5,3,5,4,3,5,2,4,3,1,4,5,2,3,4,3,2,3,3,4,2,4,3,5,3,3,2,2,3,3,3,4
HI673,3,3,4,4,3,2,2,2,5,3,4,4,2,3,5,2,1,3,3,1,3,2,2,2,2,1,3,5,4,4,4,5
HI681,5,4,4,3,1,1,4,1,4,3,2,3,4,2,2,4,4,3,3,4,4,1,2,5,5,3,3,1,3,2,2,3
HI700,3,3,3,4,4,4,3,4,4,5,3,3,5,2,4,5,4,3,1,2,3,4,1,1,3,3,3,1,2,4,2,2
HI714,1,4,3,3,1,3,3,2,5,4,4,3,3,3,2,2,3,3,2,3,3,4,4,2,4,5,4,4,2,5,2,4
HI730,3,3,2,3,4,5,3,3,4,1,5,2,5,5,2,4,3,4,2,4,3,3,3,4,2,5,3,4,1,5,4,2
HI732,4,3,3,1,2,5,3,1,3,5,3,2,3,5,4,3,2,4,4,4,3,3,2,4,4,1,1,5,1,3,3,4
HI737,1,3,3,4,3,4,3,5,3,4,1,3,1,2,3,3,3,3,2,3,4,4,3,4,4,1,3,4,3,3,3,3
HI741,4,3,2,3,3,3,2,2,2,2,3,3,5,4,4,4,3,2,3,2,3,1,2,4,2,3,4,1,1,2,3,2
HI771,4,3,2,2,3,4,3,2,3,5,3,3,3,3,4,3,5,3,5,4,3,4,1,2,2,2,5,2,2,3,3,4
HI776,3,4,3,5,2,3,4,2,4,3,2,3,4,2,3,4,4,3,3,4,2,5,3,2,1,2,4,3,2,5,4,2
HI783,3,2,3,4,3,4,5,3,3,3,1,5,4,3,1,4,3,3,3,5,1,2,4,1,5,1,4,4,3,3,1,2
HI816,4,4,1,4,3,3,2,3,3,3,3,3,1,2,2,4,5,4,2,4,2,3,4,1,3,2,3,3,3,3,3,5
HI822,5,4,3,4,3,2,1,4,4,5,4,3,2,3,3,2,4,2,3,3,3,3,2,1,1,2,4,3,2,5,3,1
HI832,4,3,3,3,1,5,2,3,4,3,3,5,4,4,3,3,3,3,2,4,1,2,3,2,3,3,2,3,3,3,4,3
HI875,2,3,1,2,4,3,1,3,3,2,3,2,3,3,3,5,2,3,3,3,3,2,3,2,2,4,3,3,5,4,3,2
HI877,2,3,3,3,1,3,4,5,3,2,5,4,1,3,1,2,1,2,3,2,1,3,4,1,4,3,3,3,3,3,2,1
HI892,3,3,2,4,3,3,3,3,2,3,2,3,3,4,3,3,2,1,3,3,3,3,1,4,5,3,3,3,3,4,4,4
HI936,1,2,3,3,4,1,3,3,4,2,3,2,3,4,3,4,1,3,4,4,5,3,1,4,5,5,4,2,2,4,2,5
HI957,3,1,2,2,4,4,2,3,1,2,3,4,5,3,2,5,3,3,4,3,3,3,3,4,2,3,5,1,2,3,3,4
HI967,2,2,4,2,2,4,2,4,3,3,2,3,4,3,3,3,3,4,3,2,2,2,3,2,1,3,3,3,3,4,5,2
HI972,5,2,4,3,1,4,5,5,3,4,1,2,2,3,3,3,3,4,4,4,4,4,4,1,3,1,4,1,5,3,2,3
MA018,4,2,3,1,4,2,3,3,2,5,3,2,4,4,5,3,3,5,1,4,2,3,5,3,3,1,2,1,4,3,2,3
MA039,4,2,2,3,2,3,5,3,4,3,2,4,2,5,2,5,4,2,2,1,2,3,3,3,1,1,3,4,3,2,3,3
MA073,3,3,4,3,2,2,3,4,4,2,1,4,2,4,3,3,2,3,4,3,3,4,3,4,1,4,2,2,1,4,1,5
MA090,3,3,4,2,4,5,3,4,4,3,3,3,3,3,5,3,3,3,3,1,4,3,3,3,4,1,5,3,4,4,1,4
MA106,4,1,5,3,2,2,3,1,2,5,4,3,2,2,3,4,1,1,4,4,3,3,2,2,5,3,3,3,4,2,3,3
MA116,2,3,3,3,3,2,3,3,4,1,2,5,3,2,4,1,3,4,5,2,2,3,2,2,3,1,4,3,3,4,3,4
MA119,2,3,4,3,1,4,3,3,5,4,1,3,3,1,1,3,3,4,3,4,4,3,3,5,3,3,3,3,2,3,2,4
MA122,3,2,3,4,5,1,4,5,3,5,5,3,4,2,5,3,3,4,4,4,1,3,4,3,5,4,3,3,1,3,2,3
MA145,4,3,1,4,3,3,3,3,2,3,2,4,5,2,5,5,3,1,3,3,2,2,2,2,4,4,3,3,5,5,4,3
MA146,3,4,5,4,4,3,3,2,2,4,4,3,1,5,3,5,3,2,3,3,3,2,2,2,4,2,4,4,3,1,2,3
MA166,2,2,3,1,1,4,3,5,1,1,4,3,5,4,3,3,4,4,2,3,3,4,4,2,4,5,2,3,3,3,4,2
MA167,4,1,3,2,3,3,5,4,3,3,3,4,3,2,3,1,2,5,1,3,4,5,3,2,5,4,3,2,1,2,4,2
MA176,2,2,3,2,5,2,5,5,4,1,2,2,3,2,1,2,3,1,2,2,4,2,4,3,4,3,5,2,4,2,4,1
MA223,3,3,3,3,3,4,2,2,4,2,5,3,1,1,4,4,2,2,5,3,2,3,5,3,3,2,4,2,3,3,3,2
MA228,4,3,3,1,3,3,4,3,5,4,3,2,2,2,3,4,4,1,3,3,3,3,3,3,3,3,5,3,4,4,3,3
MA237,4,3,3,4,5,2,5,5,2,3,1,2,3,3,3,4,4,2,3,3,2,2,3,4,2,2,4,5,3,3,2,1
MA242,2,1,3,5,4,3,3,3,3,2,3,3,5,3,4,1,4,5,3,4,5,3,4,3,3,3,2,5,3,2,3,4
MA267,3,3,5,2,2,1,3,2,3,4,4,3,4,2,3,2,3,3,2,4,2,3,3,3,1,3,1,4,2,2,3,3
MA272,3,2,1,4,4,2,2,1,4,3,5,3,4,5,3,3,3,1,3,4,5,4,5,3,2,3,3,2,4,3,4,2
MA287,5,2,3,1,3,1,3,4,4,4,3,3,2,3,3,2,3,2,3,2,3,3,3,2,3,2,4,1,3,3,2,3
MA288,3,2,3,1,2,3,3,2,3,3,3,3,5,4,2,2,4,3,1,1,3,3,4,3,4,3,3,4,1,4,4,4
MA294,2,3,2,3,5,3,4,4,3,5,4,3,3,1,3,3,4,1,4,3,3,2,5,3,4,2,1,3,5,3,3,3
MA295,2,3,2,2,3,2,4,1,3,3,5,3,2,3,3,2,2,3,2,1,2,3,2,2,3,3,2,3,4,3,1,3
MA311,4,2,2,3,2,3,3,4,3,4,2,4,3,4,3,3,4,4,3,4,3,3,5,1,3,3,5,1,3,4,2,2
MA334,1,2,4,5,5,3,4,4,4,1,2,5,4,4,3,3,3,3,3,3,2,3,3,3,2,5,4,2,1,3,3,3
MA335,4,3,3,3,2,3,5,3,4,4,1,3,4,3,3,2,3,4,3,2,5,5,2,4,2,3,4,3,3,3,4,3
MA336,3,4,3,3,3,2,1,5,2,2,3,4,4,4,5,1,3,5,3,4,1,3,5,2,5,1,1,3,2,2,2,3
MA364,3,5,4,4,3,2,3,2,3,3,3,4,3,1,1,4,3,2,1,3,2,3,3,2,2,1,3,2,4,3,3,3
MA384,2,5,5,3,4,2,4,2,2,3,3,2,3,2,3,2,4,3,4,3,2,3,3,3,3,3,2,5,3,4,2,3
MA393,4,3,2,3,3,3,2,2,3,3,3,4,4,2,2,2,2,5,2,4,2,3,2,2,1,3,3,2,5,3,4,2
MA398,2,4,3,5,2,1,5,3,4,2,1,3,5,5,1,2,3,4,4,2,3,3,3,3,2,3,3,1,5,2,3,3
MA438,1,3,4,5,3,3,4,2,3,3,3,1,3,2,3,3,3,5,3,5,3,4,4,4,3,3,3,2,3,3,4,5
MA441,2,3,5,5,4,1,2,2,5,4,3,5,2,3,3,3,3,2,3,3,1,5,3,4,2,2,5,3,3,3,2,5
MA459,2,2,5,2,4,4,3,2,4,3,2,4,4,5,3,2,5,3,3,3,3,2,3,4,5,1,2,4,4,2,2,3
MA476,1,4,3,4,3,3,5,5,1,1,5,3,4,5,3,3,2,5,3,2,3,3,2,2,3,3,4,2,5,3,2,3
MA491,5,3,4,2,5,3,5,4,3,3,2,3,3,3,3,5,1,3,3,5,5,3,3,5,1,3,1,5,3,3,3,4
MA493,5,1,4,3,2,3,5,3,2,4,4,3,2,3,2,3,2,3,2,3,2,4,5,1,3,3,3,2,3,2,2,4
MA501,3,2,2,3,3,2,3,5,3,3,3,3,5,2,5,2,2,3,2,3,4,3,1,3,1,5,4,5,4,3,4,3
MA505,3,3,3,3,3,3,4,1,4,4,3,2,3,2,2,3,3,2,2,3,3,1,1,2,5,3,5,3,5,3,3,3
MA512,1,1,2,3,3,3,4,4,5,3,3,3,3,3,3,1,3,3,3,1,1,3,1,4,5,3,4,3,3,3,4,4
MA534,4,3,3,3,3,2,1,3,5,5,3,1,4,4,2,4,3,4,2,4,4,1,3,4,2,3,3,3,3,3,1,2
MA549,3,2,3,3,4,2,4,3,3,2,3,4,2,4,3,4,5,2,3,2,2,3,2,3,3,3,3,4,4,3,2,3
MA555,3,2,3,1,3,4,5,5,1,2,2,3,1,5,1,3,4,5,3,3,3,3,3,4,3,3,2,1,3,3,3,4
MA583,4,2,4,3,4,4,3,2,3,2,3,1,5,3,4,5,5,3,3,3,4,3,2,2,3,4,2,3,1,4,4,3
MA616,3,2,3,5,2,4,1,3,4,3,4,2,3,4,4,3,5,3,4,2,2,4,3,3,2,3,2,1,2,5,2,2
MA623,3,3,4,3,2,3,2,2,5,4,4,1,3,3,2,4,2,3,3,4,3,2,4,2,4,2,4,4,4,3,1,2
MA657,3,1,1,2,2,4,1,5,2,3,2,3,1,1,1,3,3,3,5,2,1,3,2,2,3,3,2,4,3,5,3,4
MA665,4,3,4,3,3,4,2,4,1,3,5,3,3,3,4,3,1,3,3,3,4,2,3,2,3,3,3,3,3,1,4,3
MA678,3,2,3,3,2,5,4,3,2,4,1,2,3,2,3,3,3,1,4,2,4,4,3,4,1,1,2,3,2,3,2,4
MA729,3,3,4,4,4,4,3,3,3,3,2,4,5,1,1,2,4,2,3,1,3,3,3,3,5,3,4,5,2,2,3,2
MA739,3,3,1,3,2,2,4,2,3,3,2,2,3,3,3,4,2,1,3,4,3,3,3,3,3,4,2,3,4,5,5,3
MA844,3,3,4,1,2,5,2,2,5,2,2,5,3,3,3,4,1,2,3,3,2,3,5,1,2,1,3,1,3,4,1,3
MA887,3,3,4,1,4,4,3,4,3,3,3,1,1,3,5,2,4,5,3,3,3,4,2,3,2,4,1,4,3,4,4,3
MA890,2,3,5,4,4,3,3,3,2,3,3,5,5,1,3,4,3,1,2,3,3,1,3,2,3,3,3,4,1,2,3,5
MA906,3,4,5,4,5,4,4,3,3,5,1,5,3,1,4,3,4,1,5,3,1,1,3,5,3,3,5,5,4,4,1,3
MA920,5,3,3,3,3,4,1,3,3,4,3,2,3,4,2,2,2,2,4,3,3,1,5,4,3,1,3,3,3,3,2,3
MA948,1,5,4,5,1,3,4,2,4,3,5,2,3,5,4,3,2,5,1,5,3,4,3,5,3,4,2,3,4,2,4,3
MA953,3,3,2,1,1,3,2,3,4,3,3,3,1,4,1,3,2,3,3,1,1,2,3,4,2,2,3,5,3,4,3,2
MA981,5,1,4,5,3,2,3,4,5,3,3,3,4,4,1,3,5,4,1,2,3,4,3,1,4,4,2,1,4,3,4,3
MA982,3,5,4,3,5,5,3,4,1,2,2,3,3,4,5,2,3,3,3,3,3,3,5,4,3,2,5,3,4,1,4,3
MA984,3,2,4,1,1,3,1,2,4,4,2,4,3,5,2,1,4,3,3,3,4,1,3,3,3,3,5,2,3,3,4,3
PY012,3,3,4,3,2,4,4,3,3,2,4,1,3,4,3,3,4,5,2,1,3,2,3,3,3,3,2,2,3,3,3,3
PY027,3,5,1,2,2,5,3,3,2,1,3,3,3,4,4,2,1,4,3,5,5,2,3,1,3,4,3,1,2,1,3,3
PY034,3,4,3,2,1,5,2,2,1,3,4,3,3,5,4,2,3,4,5,4,2,2,3,2,2,3,3,2,2,1,2,4
PY044,4,3,4,3,4,2,2,1,2,2,4,2,3,4,3,2,1,5,3,4,3,2,3,1,4,3,4,3,3,3,4,2
PY058,3,3,3,3,2,1,4,5,3,4,3,5,3,2,4,4,3,4,1,4,3,3,4,2,2,3,4,2,3,4,4,3
PY064,5,3,4,3,4,3,2,2,3,3,3,4,4,3,3,4,3,5,4,4,2,3,4,1,4,3,4,3,3,4,4,3
PY072,3,3,4,3,4,5,3,2,4,2,2,1,1,4,2,2,3,4,3,3,3,1,3,5,4,1,3,3,4,1,2,4
PY085,4,3,1,4,3,1,4,3,2,4,3,3,4,3,2,5,2,5,1,3,4,5,4,2,2,3,2,3,5,3,3,3
PY101,3,4,4,3,4,5,4,4,1,3,3,3,3,4,4,5,3,4,4,2,1,1,3,3,3,4,2,4,1,4,4,3
PY124,3,1,4,2,3,3,3,3,3,4,4,2,4,3,3,3,3,4,3,4,4,2,1,4,2,1,3,2,2,2,4,4
PY145,1,3,2,3,3,2,5,5,3,2,3,5,3,2,3,3,1,4,3,2,1,5,4,3,3,3,4,2,2,1,5,4
PY163,3,3,2,3,3,3,1,4,4,2,4,4,2,4,1,3,3,4,3,3,5,5,1,3,2,2,3,2,1,4,3,5
PY166,3,5,3,3,3,4,3,3,3,3,3,5,1,3,5,2,2,3,1,3,3,4,1,3,4,4,1,1,4,2,3,1
PY192,2,2,4,3,2,1,3,2,1,2,2,3,4,2,2,3,2,5,2,1,3,3,3,5,3,3,3,3,3,3,3,3
PY219,4,3,4,2,5,1,3,4,4,3,3,1,4,2,3,5,5,3,2,2,3,4,2,2,3,3,5,1,3,4,4,2
PY250,3,5,2,5,2,2,4,4,1,2,5,2,1,2,4,5,2,2,3,4,3,3,1,2,2,1,5,2,4,3,5,2
PY264,2,1,4,3,4,3,3,3,2,1,3,1,5,4,3,3,3,3,4,2,3,4,3,1,2,3,5,4,4,5,2,1
PY268,3,3,3,1,3,2,4,1,5,4,4,4,3,1,3,4,2,3,3,3,2,4,5,4,3,5,3,2,5,4,4,1
PY274,2,1,4,2,2,2,3,3,5,3,4,3,4,2,4,1,3,3,2,3,4,2,2,3,3,3,2,1,1,1,5,2
PY303,2,5,5,1,3,3,1,4,5,3,3,3,4,4,1,4,4,1,1,3,3,5,2,3,3,3,3,3,1,4,2,2
PY344,3,3,3,3,3,3,2,5,3,2,4,4,2,3,3,2,4,3,1,5,3,4,3,3,3,3,2,5,2,3,1,5
PY345,3,4,3,4,3,3,3,1,3,5,3,5,2,3,1,3,4,4,1,2,3,4,2,3,3,1,3,3,2,3,2,4
PY357,3,4,3,2,4,4,1,1,2,4,3,3,3,4,4,3,3,2,3,3,2,3,4,3,3,2,3,3,3,2,2,3
PY381,5,4,4,4,3,3,2,4,3,2,1,3,3,1,4,3,1,3,4,1,4,3,4,4,4,1,3,3,3,5,2,4
PY391,5,5,4,3,2,3,3,3,3,2,3,4,3,4,3,1,2,4,1,5,4,3,3,3,3,1,2,3,4,2,4,4
PY407,2,3,4,3,2,4,3,4,2,3,3,5,3,3,2,5,1,1,1,4,4,5,1,3,3,3,3,3,5,3,4,4
PY444,4,3,3,1,4,2,1,3,3,3,3,3,4,4,4,3,1,3,2,4,4,4,2,3,3,2,4,3,2,3,2,3
PY450,2,3,3,5,2,2,1,2,3,3,2,2,3,3,3,4,3,3,2,3,4,5,3,2,5,2,2,2,3,3,2,4
PY461,3,5,3,4,3,1,2,3,4,1,4,4,1,2,1,3,3,3,1,3,3,1,4,1,3,2,1,3,3,2,3,3
PY465,3,5,3,5,3,4,3,1,1,3,5,1,3,3,3,2,1,1,2,2,2,2,3,5,5,2,1,5,3,5,3,4
PY477,3,3,3,2,4,1,3,4,3,1,2,2,2,2,4,3,2,3,2,3,3,4,4,3,3,3,3,1,3,3,3,3
PY489,5,3,4,5,4,5,4,2,2,2,3,3,4,3,4,5,2,1,4,2,2,2,2,4,3,2,3,2,2,3,3,3
PY494,4,4,5,3,2,4,2,2,4,5,1,3,3,5,3,4,5,3,4,3,3,3,3,3,3,3,2,3,3,2,4,2
PY505,3,4,3,2,2,2,1,2,3,2,5,3,3,3,3,3,4,4,3,5,3,3,1,3,5,1,2,4,3,2,4,3
PY513,3,2,3,4,4,3,3,4,3,4,2,3,5,3,5,3,3,4,2,4,2,3,4,1,1,5,4,4,3,4,5,3
PY531,4,1,3,3,3,2,3,1,3,3,3,5,1,4,3,2,2,5,4,1,2,3,3,5,4,4,2,2,5,3,3,3
PY533,3,4,5,3,2,1,2,2,1,1,3,4,5,2,3,3,3,4,2,3,3,2,3,2,3,2,1,3,3,2,5,2
PY580,1,1,3,3,5,1,3,4,4,2,4,3,2,1,3,4,2,2,1,4,1,3,4,4,3,3,3,3,2,3,1,3
PY594,4,3,3,4,3,2,3,3,2,3,3,4,3,2,3,2,2,4,3,3,4,3,2,4,3,3,5,3,3,4,2,5
PY609,5,3,2,3,3,2,2,2,3,3,5,2,2,2,5,3,5,4,1,2,3,2,3,3,4,2,2,3,2,3,2,2
PY630,4,4,2,3,2,1,3,3,2,2,3,2,5,2,2,4,3,2,3,3,4,1,5,3,4,4,2,4,2,2,3,5
PY635,3,5,3,4,3,2,4,1,3,4,4,3,2,3,3,4,2,3,3,3,2,2,4,3,3,4,2,3,3,3,3,3
PY641,3,3,4,3,4,2,1,3,3,3,3,2,1,3,4,3,3,2,3,3,2,2,3,1,2,4,3,3,3,4,4,3
PY669,2,2,2,3,2,3,4,4,4,2,5,3,3,2,5,1,1,2,3,3,5,3,3,3,2,3,1,3,4,2,3,2
PY671,3,3,4,5,5,2,3,4,3,4,3,3,1,1,3,3,3,2,4,5,3,2,2,3,5,3,4,3,3,3,3,4
PY675,3,5,4,4,4,3,4,5,4,2,4,3,3,5,3,3,2,2,2,3,5,4,2,3,4,3,5,5,3,4,3,3
PY705,4,4,3,4,5,4,1,4,4,5,4,4,1,5,2,4,5,1,5,4,5,2,4,3,2,4,3,4,4,2,2,2
PY742,3,3,4,3,4,3,3,3,4,3,3,2,2,5,3,4,1,1,3,3,4,4,4,4,4,4,3,2,4,3,2,2
PY769,3,2,3,4,4,3,4,1,5,3,3,5,2,3,3,3,4,4,3,5,4,3,2,3,2,3,3,2,1,3,1,3
PY775,5,2,3,5,4,2,3,4,3,2,1,3,3,1,5,2,3,2,4,5,2,2,4,3,2,5,3,3,3,3,3,3
PY786,3,3,2,3,4,4,1,3,5,1,4,2,4,3,4,5,5,3,3,3,2,3,5,3,5,1,1,3,4,2,3,4
PY843,4,2,3,3,4,5,2,3,5,2,3,3,5,2,3,2,1,5,3,4,3,2,2,3,4,3,3,4,2,4,3,3
PY855,2,2,1,4,2,3,4,3,2,2,3,3,3,5,1,3,4,4,3,3,3,2,3,2,4,4,3,1,4,3,1,3
PY882,2,4,3,3,3,4,4,3,2,3,2,5,5,3,1,3,4,2,3,2,4,4,3,3,3,4,3,4,5,4,3,5
PY890,3,1,4,4,2,3,5,2,3,2,4,3,3,1,5,3,4,3,4,2,2,3,1,3,3,2,3,2,4,3,5,3
PY892,3,3,2,4,2,2,1,5,4,2,3,3,1,3,2,3,1,3,1,3,4,3,3,1,1,3,4,3,2,3,3,2
PY934,4,4,2,3,3,1,4,4,3,3,3,2,2,4,4,4,1,5,5,4,3,3,4,2,2,4,2,5,3,3,4,1
PY940,4,3,3,2,4,2,3,2,5,2,4,2,2,3,4,3,4,1,5,1,4,2,4,4,3,3,4,4,4,5,3,3
PY976,3,3,3,3,4,5,3,3,1,3,2,4,4,4,3,3,3,3,4,4,3,2,2,3,3,2,3,2,2,4,5,2
ST036,3,3,2,2,2,5,3,2,2,3,3,2,3,2,1,3,3,3,3,5,3,4,5,4,2,3,1,3,2,2,4,3
ST037,5,3,3,2,3,3,5,2,1,2,4,3,4,3,3,4,3,4,3,2,1,2,3,3,3,2,3,2,3,4,3,2
ST047,4,3,3,1,4,3,3,5,3,1,5,1,3,3,4,3,4,4,2,4,3,2,2,4,5,4,4,2,2,3,1,3
ST052,2,3,3,2,3,3,1,3,3,2,3,3,2,4,3,3,4,5,3,1,3,4,3,3,3,5,4,2,3,3,3,5
ST062,3,3,4,1,4,4,2,3,3,2,3,5,2,2,2,5,3,2,4,5,3,2,3,2,2,2,4,1,3,1,2,4
ST080,2,5,1,2,4,5,5,4,5,4,1,4,3,3,1,3,3,4,3,2,3,3,4,2,2,3,3,2,2,3,5,5
ST094,4,4,2,3,3,4,2,3,2,3,4,4,4,2,4,3,4,2,3,3,1,5,3,2,2,3,1,3,3,2,2,3
ST126,3,2,2,3,2,5,4,3,2,4,3,4,4,1,4,3,3,2,1,3,2,3,1,4,2,4,5,2,3,4,4,1
ST128,1,2,3,1,3,3,3,4,4,1,5,3,4,3,3,4,2,2,1,4,5,4,5,5,3,2,3,3,3,4,1,1
ST159,3,2,3,3,3,2,4,5,4,5,5,3,4,3,2,4,2,2,4,2,3,4,2,4,3,4,3,3,3,4,1,4
ST172,2,4,3,3,4,4,3,3,3,1,5,3,3,4,3,5,3,3,2,3,2,4,2,3,3,4,3,4,2,2,3,1
ST177,4,3,1,4,5,3,3,3,2,4,3,1,1,3,2,2,3,2,1,2,4,4,4,3,5,2,3,4,1,2,5,4
ST181,1,3,3,5,4,3,5,3,5,3,4,3,3,3,5,2,2,4,3,2,4,2,1,1,5,3,2,3,3,5,4,2
ST183,3,3,3,3,3,3,4,2,3,4,1,3,4,3,4,4,3,2,3,4,4,3,4,5,1,3,4,3,2,4,5,3
ST192,3,3,3,4,3,2,2,1,3,3,1,3,4,2,3,3,3,3,3,1,3,3,2,4,4,2,3,5,2,5,3,3
ST193,5,3,2,3,4,3,2,3,2,1,2,4,5,3,3,3,2,4,3,1,3,3,4,5,2,4,1,2,1,1,1,2
ST237,4,2,3,3,5,3,2,5,3,2,2,1,3,4,3,4,3,3,2,2,3,5,3,3,2,2,3,3,1,4,3,3
ST249,4,2,3,3,4,3,4,3,4,5,4,3,3,4,3,3,2,4,4,4,4,4,2,4,5,4,3,5,1,1,5,3
ST255,2,3,4,4,2,3,4,5,3,3,3,3,1,3,3,2,3,5,1,3,3,2,3,2,3,4,3,1,4,2,3,3
ST304,4,3,3,3,3,4,2,4,3,4,3,4,4,3,3,4,3,4,4,2,2,5,4,3,1,4,4,5,1,1,3,4
ST322,5,3,1,2,4,3,4,3,1,3,3,3,5,3,4,1,3,3,2,3,4,2,2,2,4,4,4,3,1,1,3,4
ST328,3,3,2,3,4,4,1,5,2,5,3,3,3,5,2,3,3,5,2,3,3,3,2,3,2,5,2,5,3,1,1,3
ST342,3,3,1,3,3,4,3,3,2,4,1,5,3,2,4,4,4,2,5,1,3,2,3,1,3,1,3,2,2,3,3,3
ST362,3,5,2,3,2,3,2,3,4,3,4,3,4,5,3,4,3,4,1,5,4,4,2,2,3,4,4,2,3,3,3,2
ST369,1,1,3,5,3,4,5,3,3,3,2,4,5,4,1,2,3,3,2,3,3,4,5,3,3,5,3,3,3,3,3,5
ST372,4,1,3,1,3,2,1,4,1,2,4,3,4,3,4,3,1,3,3,3,5,2,3,4,4,3,2,4,5,2,2,4
ST374,3,2,3,3,5,2,3,2,1,2,4,2,3,3,3,4,3,2,2,3,4,2,2,3,2,5,1,3,2,3,3,4
ST406,3,2,1,4,3,2,2,2,2,4,3,5,3,3,2,3,3,2,1,3,2,3,3,3,3,3,2,4,3,3,3,3
ST416,3,1,4,3,3,3,3,1,3,3,5,4,5,4,3,3,2,2,2,3,3,3,3,2,1,5,5,2,3,2,2,3
ST422,4,3,1,3,3,4,3,4,2,4,3,4,2,3,2,2,4,3,4,1,4,3,3,3,4,2,4,5,2,5,5,3
ST430,2,3,2,2,4,3,3,2,2,5,3,4,3,4,4,3,4,5,2,3,5,4,3,1,3,3,3,5,4,2,3,3
ST449,3,3,2,4,2,3,3,5,3,3,4,2,3,3,1,3,1,2,3,3,2,1,1,1,1,1,1,3,5,4,2,2
ST478,1,2,3,5,4,3,3,2,3,3,3,3,4,3,3,3,2,1,3,3,3,3,4,2,3,3,3,2,3,5,1,5
ST518,3,4,4,2,1,2,3,5,1,5,3,2,2,3,3,2,5,2,3,3,4,1,2,2,1,3,2,3,4,3,4,4
ST534,2,1,2,4,3,4,3,2,4,3,3,1,2,2,3,4,3,3,3,4,3,4,2,1,2,3,5,2,4,3,2,3
ST535,3,3,2,2,3,3,3,5,4,4,3,1,3,4,3,3,5,3,4,3,3,2,4,4,3,4,3,2,5,3,4,2
ST598,5,3,1,1,1,2,2,1,4,4,4,3,3,3,2,3,1,3,3,4,5,4,4,3,2,3,2,1,3,3,4,3
ST657,3,4,3,5,2,4,5,1,3,4,5,2,3,4,2,4,3,3,1,2,3,2,5,4,4,3,3,4,3,3,3,3
ST661,3,3,3,2,5,4,1,3,2,3,3,1,4,2,2,1,4,3,3,3,3,3,2,1,3,2,4,3,2,3,2,4
ST683,3,4,2,3,2,1,5,4,3,2,2,1,2,2,3,3,3,4,2,3,2,3,5,4,3,3,5,3,4,3,1,5
ST688,2,4,2,5,2,2,3,3,4,4,3,3,3,3,4,3,4,2,4,3,4,3,4,2,4,4,4,3,3,2,2,2
ST711,4,2,2,5,4,4,3,4,3,1,3,3,2,3,4,4,5,4,3,2,2,2,3,3,4,4,3,3,2,5,3,3
ST734,2,4,3,5,2,1,3,1,1,4,2,3,3,2,3,1,3,2,1,3,1,4,2,3,4,5,3,4,3,3,3,3
ST742,3,4,3,4,4,5,4,4,4,3,2,1,3,4,1,2,2,1,4,2,4,2,3,2,1,3,3,3,1,3,4,1
ST745,3,3,4,2,5,4,2,3,3,3,3,3,5,2,1,5,3,3,4,3,3,5,3,1,3,4,1,4,2,4,3,3
ST765,2,2,1,4,4,2,4,4,2,4,2,3,3,3,3,1,3,5,3,3,2,3,3,3,4,4,4,3,2,2,4,3
ST802,3,2,4,3,2,2,5,2,3,3,3,3,4,5,3,3,3,3,3,3,3,5,2,3,3,4,3,2,4,3,3,4
ST805,5,3,3,4,3,1,3,4,4,4,2,2,2,5,2,3,3,3,3,3,1,4,2,1,2,2,3,4,3,3,2,5
ST820,5,4,3,3,3,3,1,2,5,3,1,4,1,4,3,1,3,1,1,1,2,4,3,3,2,5,3,1,3,2,2,3
ST822,2,2,3,2,2,3,1,5,3,1,2,5,3,3,3,3,2,4,3,4,2,1,5,3,1,2,3,3,3,4,3,1
ST853,1,4,5,2,1,5,2,2,4,5,3,2,4,3,2,3,4,2,3,3,4,3,4,3,3,2,4,3,4,4,3,3
ST869,3,3,2,4,4,4,3,3,3,3,4,3,4,3,3,4,3,2,4,4,4,3,3,4,3,5,2,5,3,3,2,5
ST878,1,3,3,2,4,4,2,3,3,3,5,3,5,2,1,3,4,3,2,4,2,4,2,3,4,2,4,2,3,2,2,3
ST889,3,3,1,3,2,3,3,5,3,2,5,1,3,2,4,3,3,4,4,2,2,1,4,5,2,3,3,3,3,3,2,1
ST915,4,4,4,3,5,1,3,3,3,4,3,3,3,4,3,3,3,3,3,3,1,3,3,2,2,5,2,3,3,3,1,4
ST932,4,5,2,3,4,2,4,2,2,5,3,3,3,1,5,2,2,3,3,2,3,3,3,3,3,4,4,5,1,3,3,2
ST934,5,1,3,2,3,4,4,3,4,3,4,1,3,2,4,2,1,5,3,5,3,3,4,2,2,3,3,4,1,3,2,3
ST954,4,2,3,3,4,3,2,5,5,3,4,1,2,4,2,1,3,1,2,1,3,3,2,3,1,2,2,2,2,4,5,4
ST958,1,3,4,2,2,3,3,3,2,3,4,3,2,4,3,3,3,2,3,2,4,3,4,5,3,2,3,2,3,3,3,3
ST967,3,1,2,2,4,4,4,5,1,3,4,3,4,3,5,3,3,2,2,4,3,3,4,3,5,5,3,5,1,1,1,5
ST971,3,5,2,1,3,2,4,3,4,3,3,3,3,5,3,3,4,3,5,4,2,2,2,3,3,3,4,5,3,3,3,3
