courseId,2025-03-03 10:00:00,2025-03-03 14:00:00,2025-03-04 10:00:00,2025-03-04 14:00:00,2025-03-05 10:00:00,2025-03-05 14:00:00,2025-03-06 10:00:00,2025-03-06 14:00:00,2025-03-07 10:00:00,2025-03-07 14:00:00,2025-03-10 10:00:00,2025-03-10 14:00:00,2025-03-11 10:00:00,2025-03-11 14:00:00,2025-03-12 10:00:00,2025-03-12 14:00:00,2025-03-13 10:00:00,2025-03-13 14:00:00,2025-03-14 10:00:00,2025-03-14 14:00:00,2025-03-17 10:00:00,2025-03-17 14:00:00,2025-03-18 10:00:00,2025-03-18 14:00:00,2025-03-19 10:00:00,2025-03-19 14:00:00,2025-03-20 10:00:00,2025-03-20 14:00:00,2025-03-21 10:00:00,2025-03-21 14:00:00,2025-03-24 10:00:00,2025-03-24 14:00:00,2025-03-25 10:00:00,2025-03-25 14:00:00,2025-03-26 10:00:00,2025-03-26 14:00:00
BI066,4,3,3,3,3,2,3,1,3,2,4,5,3,3,2,2,4,4,4,2,5,2,2,5,1,3,3,4,3,3,4,3,2,3,3,3
BI078,3,1,3,5,3,2,4,2,3,5,3,3,2,3,5,3,1,1,2,4,3,4,3,3,4,4,2,3,3,2,5,5,3,3,1,5
BI130,3,3,3,3,3,3,4,3,3,3,3,3,2,3,1,3,3,3,3,5,4,4,5,2,1,1,4,3,2,2,5,2,1,4,1,4
BI131,2,3,5,4,1,5,4,3,2,1,3,2,1,3,4,3,2,3,1,3,2,3,4,1,5,2,3,3,3,3,5,2,2,3,3,2
BI165,5,3,2,4,3,2,3,4,3,4,2,1,4,1,3,5,4,3,2,2,2,2,2,5,3,4,3,3,2,3,5,4,2,5,1,1
BI184,3,2,2,2,4,3,2,2,1,2,4,3,3,3,2,4,5,2,4,3,3,3,3,2,4,3,3,3,1,4,4,3,3,1,4,3
BI190,2,5,4,3,3,3,5,3,3,1,2,2,5,2,2,3,1,5,4,3,4,3,4,2,1,3,3,3,3,2,3,5,5,4,3,4
BI191,3,3,3,2,2,3,3,3,2,3,3,1,3,3,4,5,2,1,3,2,4,3,4,1,2,4,2,2,3,4,2,2,5,3,4,2
BI210,3,4,2,2,4,1,2,2,4,4,1,4,3,4,3,3,3,2,3,3,3,2,5,3,3,1,3,5,3,3,3,3,4,3,3,3
BI241,1,3,3,4,2,5,3,3,3,2,5,1,5,2,3,3,3,3,1,3,3,1,3,4,4,5,3,4,3,3,5,5,3,3,3,3
BI254,3,3,5,1,3,3,3,3,2,2,3,4,3,5,3,1,3,5,1,3,3,3,4,3,4,2,3,3,4,2,3,2,2,3,3,2
BI258,5,2,4,2,3,3,3,4,2,3,1,2,4,3,4,2,3,3,4,4,2,3,4,3,4,5,4,2,3,4,3,3,4,2,3,1
BI263,5,5,3,3,3,3,3,3,1,4,2,1,5,4,3,4,2,4,3,3,3,1,2,4,5,3,3,3,1,2,4,5,3,3,3,4
BI269,3,2,5,3,4,3,3,4,4,4,3,4,2,3,3,3,3,3,3,3,3,3,2,4,3,3,2,3,3,5,2,4,2,3,2,1
BI272,3,3,2,3,3,3,4,3,2,1,2,3,2,3,2,3,2,3,2,4,2,1,5,2,4,2,5,1,3,4,3,2,4,3,4,1
BI288,3,3,2,3,3,1,3,1,1,3,5,3,3,2,3,4,3,4,3,3,3,4,3,3,3,5,2,4,3,2,4,3,3,2,5,3
BI297,1,3,2,4,4,5,3,4,3,3,3,4,2,4,3,2,2,4,4,3,2,1,5,4,2,3,3,4,2,4,4,4,2,5,2,5
BI311,3,5,3,1,3,2,3,3,4,5,2,5,2,1,4,3,3,3,4,4,3,4,3,2,3,3,4,3,4,2,3,2,4,3,3,3
BI312,4,2,4,3,1,4,4,5,2,3,4,3,3,5,3,3,4,2,5,1,5,3,3,2,3,5,2,3,3,1,2,2,3,2,2,4
BI328,4,1,1,5,3,4,3,3,1,2,4,3,3,3,4,4,4,1,1,4,5,1,2,2,4,5,4,3,3,4,3,3,3,3,1,4
BI336,1,4,5,4,2,3,2,1,4,3,3,4,4,3,2,1,3,3,4,2,5,3,3,1,4,4,3,1,3,3,3,2,2,4,1,4
BI341,5,3,5,3,4,2,2,3,2,4,3,3,3,4,2,5,2,3,5,5,4,3,3,1,4,5,3,3,3,2,3,3,3,1,2,3
BI352,2,3,2,1,4,4,5,5,4,3,4,2,2,5,4,1,3,3,2,3,3,5,2,3,3,1,2,1,4,1,1,5,4,1,2,3
BI358,2,4,3,2,1,1,4,5,5,5,4,2,3,1,2,3,2,3,2,2,1,2,3,3,3,3,4,5,5,3,3,3,4,2,4,3
BI360,4,2,3,5,3,5,2,4,3,3,5,2,4,5,5,5,3,2,5,3,3,5,3,2,3,1,2,3,2,3,1,5,5,4,3,4
BI378,3,3,3,1,3,4,4,2,3,3,2,2,3,3,1,4,3,2,2,2,3,3,4,3,3,5,3,2,2,2,4,3,4,2,4,1
BI379,3,4,3,2,4,1,3,1,4,2,5,3,2,1,1,4,2,3,2,4,3,5,2,2,3,3,2,2,2,5,3,4,4,3,4,3
BI449,3,3,5,4,3,3,3,5,2,3,3,3,4,3,5,3,3,2,3,3,2,5,3,3,4,3,3,4,3,5,1,3,2,4,4,3
BI453,3,3,3,2,1,2,2,1,1,3,3,1,3,3,4,1,3,4,3,4,1,2,2,2,2,3,2,5,3,3,2,4,3,4,3,4
BI465,1,2,2,4,3,3,1,5,3,2,5,1,3,3,2,3,4,3,2,1,4,3,4,3,3,3,2,5,5,2,3,4,1,2,2,4
BI488,3,3,2,3,3,4,1,3,2,3,5,2,3,1,4,2,3,3,3,3,3,3,3,4,3,2,2,3,4,1,1,3,4,2,4,3
BI492,3,1,2,3,3,3,2,3,3,2,5,3,4,2,1,3,2,4,3,2,3,4,2,2,3,3,3,3,3,4,3,4,5,3,4,3
BI511,3,4,1,2,3,3,2,3,1,3,3,1,3,2,5,4,4,3,4,4,4,4,3,3,4,4,1,2,2,4,2,4,3,2,2,5
BI534,5,4,3,4,4,3,3,5,5,3,3,2,3,3,3,1,2,4,4,5,1,4,3,2,4,5,3,3,4,4,3,5,3,3,4,3
BI542,3,3,3,2,2,2,2,3,3,3,3,2,2,4,2,3,4,3,1,1,2,3,3,2,5,5,4,4,3,3,1,3,3,1,3,3
BI564,3,5,2,4,5,1,3,3,2,2,3,3,2,5,2,3,4,1,4,2,2,3,1,4,4,1,3,4,3,2,1,3,3,1,3,2
BI573,3,4,5,4,4,4,5,1,3,3,3,3,3,2,4,2,3,2,3,4,3,1,4,2,5,3,5,3,4,2,3,3,4,3,3,2
BI588,4,3,2,3,5,4,4,4,4,3,2,3,3,2,3,5,3,3,2,3,2,3,5,3,5,3,3,4,4,2,3,4,3,5,1,4
BI589,2,4,4,4,3,4,3,3,4,4,3,2,3,4,3,3,4,3,5,3,3,5,2,3,4,3,2,3,3,4,3,5,3,4,1,3
BI609,3,4,1,3,3,2,3,2,4,3,3,2,3,3,3,2,2,2,5,1,3,3,3,4,3,3,3,1,3,5,2,3,4,3,1,2
BI627,4,2,3,3,4,4,3,2,4,3,2,3,5,1,4,1,1,4,4,3,3,3,3,3,3,1,1,3,3,3,3,3,3,4,1,1
BI639,2,4,2,3,3,3,4,3,4,3,3,2,3,5,3,3,3,2,3,3,4,3,1,1,2,3,2,4,1,5,3,4,1,4,3,4
BI657,4,4,2,3,5,3,4,3,4,3,2,3,5,2,2,5,1,5,3,1,4,4,4,3,1,3,1,3,3,3,2,4,1,3,4,1
BI668,3,4,3,4,5,3,2,5,2,2,2,3,2,3,1,4,3,5,3,2,2,3,3,3,4,4,3,5,2,5,1,2,1,2,3,2
BI711,3,4,1,3,2,5,4,3,3,5,5,2,2,3,3,1,2,3,4,4,3,3,3,3,4,4,4,3,3,3,2,3,2,3,2,2
BI718,3,2,2,4,2,5,3,3,3,1,4,1,1,2,4,2,2,2,3,4,1,3,4,3,1,3,3,2,1,5,3,3,4,4,1,4
BI734,2,2,3,2,4,5,1,2,3,3,3,2,2,5,2,4,4,1,3,2,3,4,2,1,4,3,3,3,5,2,1,2,4,5,4,1
BI738,3,5,1,2,3,3,3,4,4,2,2,4,1,3,3,3,3,1,4,2,4,1,3,3,1,4,3,3,1,4,4,1,4,3,3,4
BI749,3,3,1,2,2,3,4,3,2,3,2,4,2,3,1,4,4,2,4,4,4,3,3,5,3,1,4,3,3,3,2,4,3,5,3,5
BI757,1,3,3,1,4,3,4,3,3,4,3,2,2,4,5,1,3,3,1,3,1,2,3,3,4,4,1,3,4,3,2,4,2,1,4,3
BI761,2,2,3,3,1,3,3,3,3,3,2,4,3,2,4,2,4,4,2,2,3,3,3,1,2,4,2,3,1,1,4,2,3,2,3,5
BI765,5,3,3,4,2,3,4,4,3,4,1,4,3,3,3,3,3,4,4,3,1,5,5,3,3,4,4,3,2,3,3,3,3,4,1,3
BI772,2,1,2,3,2,3,5,2,4,2,5,2,1,2,3,4,4,2,4,3,1,2,2,3,3,1,3,3,3,3,4,3,4,2,4,4
BI782,5,2,3,5,3,2,1,3,4,3,3,2,1,4,1,3,5,5,3,4,3,3,3,4,3,4,3,4,3,3,3,3,3,2,5,3
BI785,4,3,3,4,5,3,3,3,2,1,3,5,2,5,3,4,3,4,1,4,1,1,4,3,2,1,4,4,3,3,3,1,3,5,2,2
BI800,3,1,3,4,1,2,3,3,3,5,2,2,4,2,1,3,4,3,3,5,3,4,4,3,2,3,1,1,3,3,2,5,4,3,3,3
BI809,4,3,4,4,3,3,3,3,4,2,5,3,2,3,1,4,3,3,2,3,3,3,3,3,2,4,3,2,1,4,2,3,2,2,2,2
BI820,3,3,2,1,2,3,3,1,2,2,3,3,2,3,4,3,1,2,2,5,4,5,3,1,3,2,2,3,2,2,3,4,3,3,5,3
BI857,2,4,3,1,2,1,3,1,3,3,2,2,2,1,2,1,1,4,2,4,5,4,2,3,3,3,2,1,2,5,2,3,4,3,1,3
BI864,3,2,2,5,5,2,4,3,4,3,2,3,3,1,3,3,3,2,5,4,3,4,3,4,3,3,1,3,2,4,3,4,4,1,3,5
BI867,3,1,3,3,2,3,2,3,3,3,5,4,4,3,1,3,4,3,1,4,2,3,4,2,4,4,2,3,3,2,1,3,3,4,1,3
BI888,3,4,1,3,1,3,3,4,3,3,2,2,3,1,3,4,3,1,4,4,3,5,4,2,4,3,3,4,4,4,3,4,4,3,3,1
BI935,2,3,3,3,1,3,4,2,3,3,4,2,3,2,5,1,3,3,3,4,3,3,5,2,2,3,4,5,4,2,1,3,2,2,2,2
BI980,1,2,4,3,5,5,3,2,5,3,2,5,3,3,2,4,4,1,3,3,3,2,4,3,2,3,5,4,3,3,2,3,1,4,3,2
BI983,3,3,4,3,2,3,5,2,4,3,3,3,3,3,4,3,4,3,3,3,2,2,3,3,2,3,4,2,3,3,4,3,3,1,4,5
BI984,5,1,4,4,3,2,3,3,2,5,4,3,5,4,3,2,3,4,3,2,5,3,3,2,5,2,2,3,4,3,5,5,4,3,4,3
BI989,1,3,4,1,2,3,3,3,1,4,3,3,3,3,4,4,5,4,2,4,1,4,4,5,3,3,4,2,2,3,4,3,3,3,2,2
BI991,2,3,4,4,2,3,2,3,3,3,3,2,3,4,3,5,5,3,4,1,5,1,2,1,2,3,3,5,4,3,3,4,5,3,3,4
BI996,3,3,1,2,3,3,3,2,3,3,3,3,4,3,2,3,1,1,3,1,4,3,3,3,3,3,2,3,3,3,5,4,3,3,4,4
CA024,3,2,1,1,4,1,5,5,3,1,1,1,2,3,3,3,3,4,5,3,3,4,2,2,3,2,3,5,3,3,5,1,3,3,2,2
CA034,2,2,1,4,4,5,3,3,4,5,4,2,3,3,4,1,4,4,3,3,2,3,3,1,3,4,3,4,3,2,3,3,5,3,3,4
CA071,3,3,4,2,5,2,4,1,2,3,5,4,4,2,2,3,5,2,3,5,2,3,3,1,2,3,4,3,4,1,4,4,1,3,3,3
CA096,2,2,3,4,4,3,3,1,4,3,3,5,4,4,3,2,1,2,3,4,3,3,2,5,5,3,3,3,4,2,1,3,4,1,3,2
CA111,4,2,2,3,3,4,2,4,4,3,3,2,2,2,3,3,1,3,2,5,2,5,4,5,1,2,5,5,2,2,3,3,3,4,3,4
CA183,5,3,4,3,4,5,2,5,4,2,4,2,3,2,3,5,5,3,3,4,5,1,3,1,2,1,3,4,2,4,3,1,3,1,3,3
CA184,1,4,3,4,2,3,2,1,3,3,4,3,2,4,3,3,2,4,3,3,4,3,2,5,2,3,3,5,2,1,3,3,3,5,3,3
CA203,5,1,3,5,3,3,2,3,3,4,3,4,2,4,1,3,3,4,4,2,2,3,4,2,4,4,2,3,2,2,2,3,2,2,3,2
CA229,1,2,3,3,5,1,3,3,4,3,2,1,2,2,3,5,3,3,3,2,2,3,3,2,3,1,4,4,3,4,4,2,2,2,5,1
CA235,1,1,2,1,3,2,3,3,4,3,2,1,2,3,2,1,3,3,4,3,2,3,2,2,1,3,3,3,1,3,3,2,2,1,2,2
CA238,3,2,3,2,3,3,2,3,2,1,3,3,3,2,5,5,5,5,3,5,4,3,2,2,2,3,3,4,3,3,3,1,4,3,3,4
CA247,4,5,3,5,3,3,4,5,3,1,3,4,4,5,3,4,3,1,2,4,3,4,1,3,3,4,3,3,1,1,4,3,1,4,2,5
CA255,3,2,3,3,4,3,3,1,1,3,4,3,3,3,2,4,3,3,4,4,3,2,4,3,3,2,3,3,3,3,5,4,3,4,4,3
CA256,2,3,4,3,1,3,4,5,5,3,3,2,3,5,1,1,1,4,3,3,5,3,3,2,2,3,3,5,3,5,1,2,1,4,1,5
CA309,2,2,3,4,1,1,4,4,3,5,2,3,3,3,3,2,1,2,2,3,2,1,1,3,3,1,3,2,2,4,4,5,2,2,2,3
CA320,1,2,5,2,3,4,2,3,3,1,2,3,3,1,3,3,1,3,2,4,3,4,3,1,5,4,4,2,2,5,4,3,5,2,3,4
CA333,4,3,3,1,1,3,3,5,1,3,1,3,3,3,3,2,2,3,1,4,4,3,3,3,3,1,3,1,3,1,4,3,3,3,4,3
CA338,3,4,1,3,5,3,3,3,2,2,3,4,4,4,5,1,3,2,3,3,1,2,3,4,1,3,5,2,1,3,3,4,5,4,5,1
CA364,3,3,5,3,3,4,5,1,5,3,2,4,2,3,3,4,3,2,2,1,3,5,5,1,4,4,5,3,3,2,2,4,2,1,5,3
CA374,1,4,3,2,3,4,3,3,3,4,3,4,4,1,3,4,3,4,3,3,5,2,2,2,3,5,1,2,3,4,5,3,1,3,3,1
CA383,3,4,1,5,4,3,4,2,4,3,1,3,3,3,3,3,1,4,4,3,3,3,3,5,5,4,4,4,2,2,3,1,3,3,5,3
CA390,4,1,2,2,3,4,4,3,4,5,1,4,3,4,2,3,3,4,3,3,3,4,3,2,3,2,3,1,4,3,3,2,3,2,1,2
CA397,4,5,2,2,5,1,3,4,4,3,2,3,3,1,1,3,1,5,3,2,5,3,5,1,4,2,1,4,3,4,4,3,3,3,3,3
CA398,3,3,4,4,4,1,5,3,5,3,2,4,5,2,5,2,2,4,4,3,2,3,2,2,4,3,3,2,3,5,5,5,3,3,1,3
CA415,3,3,4,3,3,1,2,2,4,3,3,4,5,4,5,3,3,4,2,2,5,2,3,3,3,4,3,4,3,4,1,3,2,1,5,4
CA416,2,1,5,5,2,4,5,3,3,4,3,1,3,4,5,4,3,1,2,3,5,2,1,2,3,3,2,3,3,4,5,4,3,1,3,5
CA417,1,3,5,1,4,2,3,3,3,3,1,3,3,4,5,2,2,2,5,4,3,3,3,2,1,2,3,2,3,5,2,4,2,2,3,3
CA436,3,1,3,3,5,1,3,3,5,2,3,5,1,4,3,3,3,3,4,1,1,2,2,2,2,3,2,3,3,3,4,5,3,1,3,3
CA462,5,4,2,4,2,4,3,2,4,2,1,3,3,3,4,3,4,2,3,3,3,3,3,2,3,3,3,3,2,4,5,2,5,4,3,3
CA471,4,3,2,1,2,5,4,3,1,3,2,4,4,3,5,2,4,2,3,1,5,3,1,3,1,3,1,5,3,3,5,2,4,2,2,4
CA472,1,2,5,2,2,3,3,3,4,3,4,3,5,5,3,4,2,3,3,2,2,2,3,5,3,3,3,1,3,4,2,3,1,3,1,2
CA474,4,3,2,2,3,3,4,3,4,4,4,3,4,5,3,2,4,3,2,3,3,3,5,3,4,5,4,3,3,1,3,1,2,3,2,3
CA475,2,3,2,3,3,3,1,5,1,4,1,1,3,2,2,4,3,3,3,4,4,2,2,3,3,4,4,3,3,2,4,3,1,4,4,3
CA482,3,2,5,2,2,3,3,4,3,3,2,3,3,2,3,5,3,3,2,4,3,2,3,2,4,2,2,3,2,3,2,2,1,3,3,3
CA492,3,3,3,4,3,3,2,3,3,3,4,5,2,1,3,4,5,2,4,3,3,3,2,3,5,4,3,2,4,1,3,3,3,3,3,3
CA507,2,5,3,3,4,3,3,2,2,1,4,3,2,3,2,1,3,2,5,1,3,5,4,4,3,1,3,1,3,3,2,2,3,2,2,3
CA517,2,1,1,3,4,3,3,4,4,3,2,3,5,1,3,5,4,1,2,3,4,3,4,3,3,3,3,3,4,4,3,3,3,4,4,2
CA521,2,3,3,4,4,2,3,3,5,2,3,3,3,3,3,4,3,4,4,3,3,5,3,3,2,5,1,2,1,5,3,3,4,2,3,3
CA533,4,3,3,5,3,3,3,3,2,1,1,1,4,3,2,4,2,4,2,4,3,3,5,4,1,3,1,2,4,2,3,4,3,5,2,3
CA553,3,3,4,4,3,4,5,4,3,5,4,2,3,3,3,3,5,1,3,3,5,4,2,3,4,3,1,3,3,3,3,3,5,2,3,2
CA569,1,4,3,3,1,3,4,5,4,3,3,1,3,2,3,3,2,3,3,2,3,4,2,3,3,1,2,3,4,1,4,4,3,1,2,2
CA573,2,3,3,1,5,4,3,3,3,3,3,2,2,2,5,5,4,3,4,3,3,4,4,3,5,3,3,1,3,3,4,5,1,1,4,3
CA574,4,4,1,3,3,3,3,3,3,3,4,4,2,5,3,3,4,4,2,3,1,3,3,3,2,4,4,3,3,2,4,3,3,4,4,3
CA595,3,4,3,3,4,4,5,4,1,1,4,1,2,2,5,5,4,4,1,2,4,4,3,4,5,1,2,2,2,1,1,4,3,3,3,4
CA604,3,3,5,4,2,4,4,5,4,1,4,2,2,2,2,3,4,3,4,3,3,2,4,3,2,2,3,3,5,3,2,4,2,1,4,3
CA630,3,3,3,3,4,1,2,3,2,1,1,3,4,3,5,4,2,2,2,4,1,4,4,2,3,2,5,4,5,1,3,2,4,4,3,4
CA641,4,3,3,5,3,3,3,1,3,2,3,2,4,4,2,4,3,2,4,4,4,3,3,3,3,3,3,1,3,4,3,1,3,3,3,2
CA658,2,3,4,1,3,1,4,4,2,4,4,3,2,4,4,3,2,2,2,4,3,5,3,3,3,3,4,4,4,2,3,3,3,5,2,3
CA708,4,3,4,4,3,4,5,5,3,4,1,3,5,2,2,3,3,4,5,3,3,2,1,5,4,2,3,3,4,3,4,3,3,3,3,2
CA713,2,2,3,3,3,3,1,1,4,4,2,3,2,3,4,3,3,3,4,5,2,3,1,3,5,4,1,3,3,1,3,2,1,1,3,4
CA724,3,4,3,3,2,4,3,4,4,3,5,2,2,3,2,1,2,5,4,4,3,1,3,2,2,2,5,4,5,3,5,1,1,3,2,3
CA730,1,3,2,3,3,1,3,1,4,3,4,1,3,4,4,2,3,4,3,4,2,3,1,4,3,2,5,3,4,1,3,3,4,2,3,5
CA786,3,3,3,2,1,3,3,3,1,4,3,4,3,4,3,4,2,1,2,4,3,2,1,3,3,3,1,3,2,1,4,3,2,2,1,3
CA790,2,3,4,3,2,1,5,3,3,3,3,2,3,4,3,1,3,5,3,3,5,3,4,5,1,3,2,5,4,2,5,4,3,4,2,2
CA795,3,3,5,1,3,2,3,4,3,1,3,3,1,2,3,2,4,3,1,5,2,4,1,4,3,2,4,3,3,4,2,4,2,2,3,1
CA796,3,1,5,4,4,2,2,2,1,4,3,4,2,4,4,2,3,3,3,3,4,3,4,5,2,3,2,5,4,3,3,3,5,3,3,2
CA808,2,2,3,2,3,3,4,2,5,2,4,3,3,2,4,5,3,3,4,3,4,3,3,2,3,3,3,5,3,3,3,3,3,4,2,3
CA812,3,1,5,1,3,3,1,4,1,3,3,5,2,3,4,3,2,4,5,5,3,2,4,3,2,3,3,3,2,3,3,3,2,3,4,3
CA837,3,4,1,2,2,4,2,3,3,1,5,2,4,3,3,2,4,3,2,4,3,3,3,3,3,2,4,4,3,1,4,5,4,3,4,1
CA843,2,3,4,4,3,3,3,1,3,5,3,3,4,4,3,1,3,3,4,4,5,4,3,3,3,3,2,2,3,4,4,1,4,4,4,2
CA894,3,2,2,5,3,3,3,3,3,3,5,5,3,5,5,1,5,3,3,1,3,2,4,2,4,3,5,3,3,3,3,3,3,3,1,3
CA895,3,3,1,1,3,3,4,2,3,5,3,3,1,3,1,3,3,3,4,3,3,1,2,2,3,2,3,3,4,3,4,1,5,2,3,5
CA896,4,5,4,3,5,4,5,5,3,5,3,3,1,2,2,1,4,4,3,5,5,3,3,5,4,3,1,2,3,2,3,3,3,3,3,4
CA900,2,1,3,5,3,2,1,1,3,2,4,4,5,3,5,2,4,5,4,3,3,2,3,3,3,4,5,4,3,5,3,3,4,2,3,2
CA913,1,4,2,2,5,4,3,2,3,2,4,2,5,3,3,2,4,3,1,3,4,3,2,3,2,1,3,4,4,3,3,3,3,3,3,3
CA930,5,3,3,3,3,2,3,3,1,4,3,1,2,3,5,4,2,2,5,4,4,5,3,5,3,3,5,2,1,4,1,2,3,2,1,2
CA931,2,5,2,3,3,3,3,3,3,5,5,4,4,2,5,3,1,2,1,2,2,4,3,5,1,2,5,3,3,5,2,3,1,2,2,3
CA941,5,5,4,3,5,2,4,3,3,4,4,2,4,3,4,3,2,3,2,5,4,4,5,4,1,2,3,4,4,2,3,3,3,4,3,3
CA973,2,3,3,2,4,3,2,1,1,3,3,3,3,4,3,1,3,2,5,4,3,4,3,3,3,3,2,3,5,5,3,2,2,2,1,4
CA986,4,3,5,3,1,3,2,4,3,3,3,2,2,1,1,3,4,1,3,4,1,5,3,3,3,5,3,3,2,2,3,3,2,2,4,3
CH009,2,3,5,3,4,3,1,3,2,3,3,4,1,3,4,2,4,2,3,5,3,4,2,3,3,5,3,4,4,2,3,3,3,3,2,3
CH065,4,3,2,3,3,2,3,2,3,2,2,5,5,1,3,3,3,2,1,3,3,3,2,3,5,4,3,4,3,5,4,4,4,4,4,2
CH088,2,1,4,3,2,3,2,1,4,2,4,3,3,3,5,3,4,2,4,1,3,3,2,1,2,5,3,2,3,3,5,5,3,1,1,2
CH091,4,4,3,4,4,3,1,4,3,1,4,2,2,2,3,2,1,2,1,3,3,3,5,1,2,3,4,4,3,3,5,3,5,3,2,3
CH093,2,3,3,3,4,2,4,3,2,3,4,2,3,2,1,5,5,3,2,2,1,4,4,3,3,2,4,5,3,4,3,3,5,2,3,1
CH101,3,3,1,4,3,1,3,4,2,3,3,3,1,3,1,2,3,4,2,1,4,3,1,3,3,3,3,3,2,1,5,1,2,2,3,1
CH116,3,3,2,3,3,3,3,2,2,1,3,5,2,4,1,4,4,3,2,2,2,3,3,3,4,3,4,5,4,5,2,3,1,3,2,5
CH120,4,3,3,2,3,4,3,5,2,5,3,4,4,2,2,1,2,2,3,3,3,2,2,3,3,3,3,3,2,4,2,3,3,3,3,3
CH132,3,5,2,3,4,3,1,3,3,1,3,3,1,4,3,5,3,2,3,1,3,3,3,2,3,1,2,5,3,5,3,2,2,2,4,1
CH133,1,2,1,3,3,3,2,3,2,2,4,3,3,3,3,3,1,1,2,4,2,4,3,3,3,3,3,1,4,3,2,4,1,3,5,5
CH142,2,5,4,5,1,4,2,3,2,1,2,3,3,2,3,3,3,2,5,2,4,3,3,5,4,3,5,3,4,3,5,3,3,5,3,3
CH151,1,3,1,1,3,2,2,2,3,4,2,3,4,5,2,3,5,3,3,3,3,3,3,3,3,5,3,3,3,3,2,5,1,4,3,3
CH152,2,3,3,1,3,3,2,3,2,3,3,2,3,3,3,3,3,3,3,3,4,3,5,2,2,3,3,3,3,3,3,3,3,1,2,3
CH175,4,3,3,1,3,4,3,2,4,4,5,1,4,3,2,3,1,3,1,3,1,4,2,4,3,5,1,1,3,2,3,2,2,4,2,2
CH182,3,4,3,4,3,4,2,5,3,1,4,1,4,5,3,1,2,4,3,3,5,2,4,2,3,5,3,3,3,4,3,3,4,3,2,4
CH189,3,5,3,1,4,2,2,2,2,3,3,4,4,3,2,5,5,3,4,5,1,4,1,3,2,4,4,3,3,2,3,4,4,4,3,3
CH190,1,3,3,3,4,5,2,4,3,4,4,3,1,1,3,2,2,4,4,2,3,3,2,4,2,2,3,3,5,5,4,3,3,1,5,5
CH191,4,3,3,1,2,2,2,1,2,3,5,4,5,3,4,5,3,2,2,4,3,2,3,2,3,4,4,4,4,4,3,2,2,3,3,4
CH199,3,2,3,3,1,2,1,5,3,3,5,3,1,4,3,3,1,2,3,2,3,3,3,2,4,4,3,2,2,3,4,4,4,3,5,2
CH221,3,4,4,2,3,4,1,5,4,4,3,5,3,2,3,2,3,3,3,1,3,1,4,4,5,2,4,1,4,3,3,2,2,3,1,3
CH235,5,3,4,3,3,1,3,4,3,3,3,2,3,1,3,4,4,4,3,4,3,4,3,4,3,2,2,3,5,2,3,5,3,2,4,5
CH240,2,1,3,2,5,3,1,4,2,3,1,3,4,2,3,2,4,2,2,4,3,3,1,3,4,3,2,1,4,2,4,3,1,3,4,4
CH270,4,4,2,2,3,3,3,2,3,3,2,2,3,4,4,3,4,3,4,4,4,5,5,5,3,1,2,2,2,5,2,2,4,3,4,2
CH313,4,3,2,3,3,3,2,2,2,5,3,3,3,3,5,3,2,1,2,3,4,2,2,3,3,4,5,3,3,3,4,3,3,1,3,1
CH365,1,1,3,2,4,4,1,2,2,3,3,5,3,4,4,2,4,3,2,3,2,2,5,4,2,4,2,1,4,3,3,4,3,5,3,3
CH411,3,5,3,2,5,3,3,2,1,3,3,4,3,4,2,3,3,1,2,3,3,3,3,5,4,3,2,3,3,3,3,3,3,2,2,4
CH416,3,3,3,2,3,3,2,5,4,5,4,4,2,3,3,4,3,1,4,3,2,5,2,3,2,1,4,3,4,5,3,3,4,4,3,3
CH433,3,3,2,3,2,3,3,3,2,3,3,3,5,2,5,2,2,4,4,2,3,1,3,3,4,1,3,1,1,3,5,3,4,5,1,2
CH444,2,3,2,3,5,3,2,2,2,4,3,3,2,3,1,2,4,2,2,3,3,3,1,2,1,3,2,4,2,4,1,3,5,3,5,3
CH461,2,1,3,3,1,3,5,4,2,4,2,3,2,3,2,4,2,5,3,2,4,5,3,3,2,5,2,2,3,3,2,3,3,2,2,5
CH462,2,3,1,3,4,4,3,4,5,4,2,3,3,3,3,3,3,3,2,4,3,4,4,4,4,3,3,1,3,3,3,3,3,3,3,3
CH475,1,5,3,4,4,3,5,5,3,5,3,4,2,2,4,3,3,3,3,3,2,3,2,3,4,3,1,3,3,1,3,4,3,5,2,3
CH515,4,2,3,3,4,5,4,4,1,2,4,2,3,2,3,2,1,2,1,1,1,5,3,3,3,5,3,3,4,4,5,3,4,2,3,2
CH572,4,3,3,3,1,3,3,3,1,4,1,3,4,3,5,2,3,4,2,3,4,2,2,4,1,5,1,4,2,3,5,3,2,4,4,4
CH590,5,2,5,4,4,3,3,4,4,3,3,3,4,2,3,4,5,3,4,4,3,3,3,2,3,1,5,1,3,3,4,3,4,3,2,2
CH594,3,3,2,2,2,1,5,2,3,2,3,3,1,4,2,4,3,3,3,2,5,3,2,3,2,2,5,3,4,4,2,3,3,4,4,2
CH598,3,4,3,4,3,1,5,3,2,3,4,3,5,5,3,4,5,2,5,2,3,4,3,2,3,3,3,4,3,4,3,1,5,2,1,4
CH606,4,5,3,5,4,3,1,3,3,2,3,3,4,3,4,3,5,3,2,4,4,3,1,3,2,3,1,2,2,2,2,2,3,5,3,3
CH635,3,4,5,4,3,3,3,3,3,2,3,5,5,1,3,5,3,3,3,4,4,1,3,3,5,2,5,3,1,4,3,3,3,4,1,5
CH637,5,3,1,4,4,4,1,1,4,4,4,3,2,3,5,2,1,1,3,2,1,2,2,2,1,3,2,4,3,5,3,1,3,5,4,5
CH638,2,3,3,5,1,3,3,3,2,3,3,3,3,3,3,3,2,4,3,3,2,4,3,4,2,3,2,3,4,4,4,4,1,4,4,4
CH639,5,3,1,3,3,3,3,3,5,4,2,2,3,2,3,2,5,4,5,3,4,3,4,3,4,2,1,2,3,4,2,3,3,1,3,3
CH658,3,2,3,3,1,4,3,3,1,2,5,3,2,4,3,3,2,4,3,1,3,3,4,3,3,5,2,2,3,3,3,3,2,3,2,2
CH668,2,4,1,5,4,3,1,2,5,4,4,3,3,2,3,3,3,1,3,5,4,3,4,4,3,1,5,3,4,3,2,3,5,2,2,1
CH677,5,3,1,3,1,3,3,3,4,3,4,3,3,3,2,3,4,1,3,5,2,3,1,3,2,3,2,3,4,1,5,3,5,4,3,1
CH699,4,2,1,2,5,4,4,5,2,4,3,3,3,3,3,4,3,2,2,5,1,4,2,2,2,3,4,2,4,4,2,4,3,3,2,4
CH704,2,2,3,4,4,1,5,3,3,3,2,3,3,5,2,4,2,4,4,1,3,4,5,4,5,3,2,3,3,2,3,4,3,3,4,3
CH721,3,3,3,2,3,4,4,4,4,4,4,4,4,3,4,2,5,3,4,4,2,1,3,3,2,4,5,2,4,4,3,5,3,3,3,2
CH740,3,1,3,2,2,3,1,5,3,4,4,3,3,3,3,3,1,4,3,3,1,3,4,3,2,3,1,4,2,2,3,4,3,4,2,3
CH764,3,4,3,3,5,3,2,3,4,3,1,1,1,2,3,2,2,2,3,5,3,4,4,3,3,5,4,3,3,4,3,1,3,3,4,5
CH780,3,3,4,4,4,1,3,4,2,2,2,5,4,5,5,2,3,2,3,5,2,3,2,4,2,3,2,4,2,4,4,3,4,3,5,3
CH785,2,2,2,2,3,3,1,3,5,5,4,5,3,5,3,2,5,1,3,2,3,2,1,3,1,1,4,2,1,2,3,2,3,1,5,4
CH853,3,4,2,2,3,5,1,2,4,3,2,4,4,3,5,3,3,1,4,3,1,1,4,3,2,1,4,2,4,2,3,5,2,4,4,3
CH868,1,3,2,3,3,4,4,3,2,5,3,3,3,2,2,4,3,1,3,4,3,3,4,2,3,4,4,5,3,3,2,4,4,1,2,5
CH869,5,3,2,4,4,2,2,3,4,5,3,5,2,5,3,4,2,3,3,3,3,3,4,4,2,3,3,1,3,3,3,3,5,5,3,4
CH870,2,1,3,3,3,3,3,4,2,3,1,2,3,4,1,4,5,3,2,3,2,3,3,3,3,1,4,3,4,1,3,3,3,2,4,3
CH889,3,4,5,3,4,4,2,2,4,1,2,3,3,2,2,4,3,3,2,3,3,1,2,1,5,3,4,3,2,4,2,4,2,4,3,5
CH894,2,1,3,4,3,3,5,2,3,4,3,3,4,5,2,1,4,2,1,3,2,2,3,2,3,1,3,3,3,2,4,2,3,1,3,2
CH908,2,5,4,5,5,3,3,2,1,3,3,3,4,1,4,3,4,4,3,3,2,4,2,4,2,3,4,4,5,5,3,3,1,4,2,2
CH930,2,3,3,3,2,3,3,2,1,2,1,4,1,3,3,3,3,4,3,3,2,3,4,2,4,2,2,5,3,3,2,1,3,2,1,3
CH943,3,4,3,3,3,4,1,1,3,2,4,2,2,3,2,1,4,4,5,4,3,3,2,3,3,4,2,2,1,3,4,4,1,3,2,4
CH967,4,4,3,2,4,2,3,4,3,5,2,3,3,4,2,2,3,4,1,2,1,3,3,3,3,1,3,4,2,4,1,4,5,2,4,3
CH973,3,3,4,3,4,4,5,4,2,4,3,4,3,1,5,2,2,3,3,5,3,2,1,2,4,3,3,3,2,4,1,3,1,5,2,5
CH984,4,4,4,3,3,1,3,3,1,4,3,2,2,3,2,3,3,3,5,3,3,3,2,4,1,4,1,3,3,3,3,4,5,4,1,3
CH986,4,5,3,3,2,3,4,2,4,3,5,4,1,2,1,3,4,5,3,1,3,2,2,3,3,2,4,1,3,5,4,1,1,4,4,3
CH996,3,1,3,1,2,3,1,3,1,4,1,4,5,4,1,4,5,3,3,3,3,5,1,3,3,3,2,3,3,2,1,3,4,3,3,5
CH997,3,3,3,5,2,2,5,3,3,3,2,3,2,5,4,3,4,3,3,5,3,3,1,5,4,3,5,2,2,3,4,2,5,2,3,1
EN001,3,5,3,3,2,2,4,3,3,3,3,3,1,1,4,2,3,1,4,3,3,2,2,1,3,1,5,2,4,3,3,2,2,3,2,4
EN018,2,3,1,2,4,3,3,2,4,3,5,3,1,3,1,5,5,4,2,3,5,3,3,4,2,1,3,5,3,4,4,3,5,5,5,3
EN057,3,2,5,4,3,5,2,4,3,3,2,4,1,3,2,2,2,2,5,3,3,3,2,3,4,3,2,4,5,3,3,3,3,3,4,2
EN114,3,3,3,5,3,1,1,4,1,4,4,1,4,3,3,3,2,3,2,4,3,3,3,4,2,2,4,4,5,2,2,3,1,3,5,2
EN116,3,2,4,2,2,5,3,3,2,3,3,3,5,2,2,3,5,2,1,2,3,2,5,2,1,2,1,2,4,1,4,5,5,2,1,1
EN141,3,3,3,3,1,3,1,4,3,3,2,5,3,3,5,1,4,3,3,3,4,3,4,1,4,5,5,2,3,2,1,1,2,4,1,5
EN145,4,5,2,1,3,1,1,4,3,4,4,3,4,3,3,3,3,4,1,4,2,3,3,1,4,3,2,2,2,3,2,3,3,3,4,3
EN154,2,3,3,3,3,4,3,3,4,3,5,3,5,3,1,1,5,1,3,4,2,3,1,2,3,4,3,3,4,3,3,2,4,3,3,3
EN170,3,4,4,2,4,2,2,5,4,2,1,4,3,5,3,2,3,2,4,4,3,4,5,1,3,3,3,2,1,1,3,4,4,4,3,1
EN174,3,3,3,1,5,4,5,2,3,1,2,4,3,3,4,5,4,3,2,5,5,4,3,3,1,2,3,2,3,2,3,3,1,3,5,3
EN175,3,2,4,2,4,4,2,4,3,3,3,2,5,2,3,3,1,3,4,3,4,2,4,1,3,3,4,1,3,4,3,2,2,3,5,1
EN220,3,1,4,2,5,3,3,3,1,3,1,4,5,1,3,3,4,2,2,3,4,2,5,5,5,3,2,3,1,4,3,3,4,5,5,2
EN283,5,4,2,2,3,1,3,1,2,1,3,4,1,4,4,1,1,3,3,3,2,5,3,4,3,3,5,4,3,1,3,3,2,2,1,3
EN288,4,3,1,3,5,2,3,3,5,4,2,1,2,2,3,1,3,3,3,2,4,3,2,3,4,2,3,2,4,3,2,1,1,4,3,2
EN308,3,2,1,3,2,4,4,5,5,5,2,3,2,4,1,3,4,2,2,4,3,3,5,3,1,1,3,3,2,1,3,3,4,2,4,5
EN315,3,4,2,5,5,4,2,3,2,3,4,2,3,4,3,3,3,4,5,4,2,2,4,3,3,5,3,4,5,5,3,3,3,3,4,3
EN324,5,3,4,1,3,3,3,5,2,2,2,4,2,4,3,2,2,5,5,2,1,3,3,1,4,4,5,4,1,2,2,4,4,4,4,4
EN333,2,1,2,4,4,4,3,3,1,3,3,1,4,1,2,5,4,2,2,5,3,3,4,2,3,4,3,1,3,4,4,4,1,3,3,4
EN336,4,3,3,4,4,4,5,1,2,2,3,4,1,3,3,4,5,3,3,3,2,2,3,3,3,3,3,1,3,3,2,2,4,4,2,1
EN348,1,3,3,2,1,1,3,1,3,3,3,3,3,3,5,3,3,3,3,2,3,3,3,3,4,4,3,3,3,2,4,3,2,3,2,5
EN350,1,5,4,3,3,3,4,5,5,4,3,3,4,4,3,2,2,1,4,3,4,3,3,4,2,5,4,4,3,2,2,3,4,3,3,2
EN379,4,2,2,2,3,3,3,3,2,3,3,4,3,3,3,4,4,3,3,2,3,2,4,2,2,3,5,4,3,2,1,3,2,4,5,2
EN385,3,3,2,3,4,1,3,2,2,3,2,2,1,3,4,3,5,2,3,5,2,4,3,2,4,5,2,4,2,4,3,3,3,3,2,3
EN392,2,3,2,3,3,2,3,1,1,2,4,3,4,3,3,3,3,4,4,3,3,3,4,3,3,2,4,1,2,2,4,3,2,3,1,3
EN401,4,3,2,2,3,3,3,3,4,3,4,3,3,3,2,3,3,2,2,1,3,4,4,4,3,1,3,5,2,4,2,2,4,5,5,1
EN404,3,4,3,4,2,3,3,4,2,2,5,3,4,2,3,1,3,2,4,2,1,4,2,3,3,4,5,2,3,2,3,1,3,4,1,3
EN406,3,2,3,3,3,1,3,3,4,3,2,2,3,3,2,5,5,3,5,3,4,3,2,2,3,1,2,1,2,3,3,3,3,2,5,1
EN416,2,4,3,4,2,1,3,3,3,3,5,4,2,3,3,2,2,3,4,3,2,3,3,3,3,5,3,2,1,5,2,1,3,1,3,2
EN432,4,3,4,3,3,3,1,2,3,1,3,3,2,3,1,3,3,3,2,3,1,4,3,4,3,2,3,4,1,1,3,3,3,3,4,3
EN442,5,1,5,3,1,3,5,3,3,4,4,3,3,2,2,2,4,4,1,3,1,4,2,2,3,2,2,4,5,5,2,1,4,5,3,3
EN484,3,3,3,3,3,3,4,3,3,5,4,3,4,1,3,4,3,2,3,4,1,3,3,2,3,3,3,1,2,1,4,3,1,3,3,4
EN485,4,4,2,4,1,3,4,4,4,4,3,4,1,2,2,5,3,4,4,3,2,3,3,3,2,4,3,2,5,2,5,5,5,5,3,3
EN486,2,3,5,3,3,5,3,2,3,2,2,3,4,1,3,3,5,2,2,1,2,2,4,1,2,2,1,3,1,4,3,4,4,1,3,1
EN514,4,3,2,4,3,2,2,3,2,4,3,3,4,5,4,5,4,2,2,3,3,4,2,4,5,1,3,4,5,1,4,3,5,1,5,5
EN538,3,4,3,3,3,3,2,5,3,3,5,2,2,4,2,5,3,1,3,2,4,2,4,2,3,2,1,4,4,3,2,4,3,3,5,3
EN578,3,3,5,4,4,4,3,3,2,3,2,2,5,2,1,2,1,4,4,1,4,4,1,4,3,1,4,3,2,3,3,2,3,2,2,3
EN618,3,3,4,3,3,1,2,3,3,4,3,3,3,1,3,3,3,1,3,3,4,3,2,3,4,3,4,2,5,4,2,3,2,3,3,2
EN655,5,5,2,3,3,3,3,4,4,3,3,3,3,4,3,3,3,3,3,5,3,3,4,3,4,5,3,2,4,2,2,2,2,3,3,2
EN669,3,4,1,2,4,2,3,2,3,1,3,3,2,2,3,3,4,2,3,3,3,3,1,4,3,3,4,3,4,3,3,5,4,3,3,3
EN672,3,1,2,3,3,2,2,2,3,2,4,4,2,4,2,3,3,1,1,3,1,2,2,4,4,2,2,3,5,4,2,4,2,4,4,1
EN698,3,1,2,2,3,4,2,3,3,2,3,3,3,4,3,4,1,2,3,3,4,3,3,2,4,3,4,3,1,4,4,3,3,3,2,3
EN702,1,3,3,4,5,3,3,4,1,4,2,2,1,4,5,3,4,3,3,1,5,4,5,1,3,3,4,4,4,3,3,4,1,4,3,3
EN706,2,2,1,1,3,3,2,3,1,3,3,3,3,5,5,5,5,5,4,4,2,1,4,2,3,2,1,3,3,4,3,5,3,3,3,1
EN713,3,1,4,5,1,3,4,1,2,4,3,4,3,2,3,4,3,3,3,3,2,3,1,4,2,2,3,3,3,3,2,1,1,4,5,2
EN722,2,3,2,2,1,4,4,4,1,3,2,3,5,4,5,4,3,2,3,4,5,4,2,3,4,5,5,2,3,2,4,3,2,2,5,3
EN738,3,4,1,3,2,3,3,3,1,4,2,3,2,1,3,4,3,5,5,3,2,2,4,2,2,3,5,2,3,3,3,3,2,1,5,1
EN770,4,4,2,4,4,3,3,3,4,4,2,1,3,1,5,2,3,2,3,5,1,1,3,4,1,5,4,3,3,4,3,2,3,3,1,4
EN778,4,1,2,2,4,5,4,5,2,4,2,1,3,3,2,3,2,2,3,5,3,4,5,2,3,4,1,5,5,2,1,2,4,2,2,3
EN783,5,3,5,3,4,3,2,5,2,4,2,2,2,2,5,3,1,4,5,3,4,2,4,5,2,3,4,2,4,5,5,4,3,2,1,4
EN798,4,3,1,2,3,4,3,1,1,4,4,5,1,4,2,3,3,3,3,3,3,3,3,5,3,1,5,2,4,4,1,3,1,1,4,1
EN803,3,5,5,5,3,5,3,3,3,3,2,4,3,5,3,2,4,4,3,5,4,4,5,3,3,2,3,2,2,3,1,5,3,2,2,4
EN806,3,4,4,4,2,3,4,4,3,5,3,3,5,3,4,4,4,5,5,4,2,2,3,3,1,5,3,2,2,3,5,3,3,2,1,1
EN819,1,3,2,3,1,3,3,3,3,5,2,4,3,3,3,3,2,3,5,3,4,1,3,5,5,4,2,5,1,3,3,2,4,3,5,5
EN823,3,3,3,2,3,3,3,3,3,1,4,2,3,3,1,3,2,3,3,3,2,4,4,5,2,4,4,2,2,1,5,3,5,3,5,3
EN834,4,3,4,3,3,1,3,3,2,1,3,4,4,5,4,4,4,2,3,2,3,3,3,4,4,3,3,3,3,2,4,1,3,3,3,2
EN846,1,2,5,3,2,4,5,3,4,2,3,1,3,2,5,3,3,3,3,2,2,3,4,2,4,3,1,2,3,1,3,1,3,4,3,2
EN852,3,3,5,3,2,2,4,3,4,3,4,2,2,1,2,3,5,3,1,2,2,3,3,3,3,3,3,3,4,2,3,3,4,4,3,1
EN905,5,2,3,3,4,4,1,3,2,2,4,3,2,3,1,3,1,3,1,3,4,4,5,2,4,4,1,2,5,3,2,2,2,2,2,3
EN906,5,3,5,4,1,2,3,4,3,3,3,3,3,2,4,4,3,2,4,3,3,2,2,1,4,4,1,3,3,3,4,3,4,3,3,2
EN909,3,3,3,3,3,3,3,3,5,2,3,3,3,2,1,3,5,4,5,3,2,4,2,3,3,5,3,2,4,4,2,2,5,2,2,3
EN931,1,3,3,1,3,3,3,3,5,4,3,1,2,3,3,3,5,2,3,1,2,3,3,1,4,1,1,2,4,2,3,2,3,3,3,2
EN937,4,2,3,3,3,5,3,3,3,1,5,4,4,3,3,2,1,2,1,4,5,1,1,2,4,3,4,1,4,5,5,1,4,3,4,1
EN943,5,4,3,3,5,4,4,4,2,5,3,4,4,1,2,2,3,3,5,3,1,4,1,4,5,4,3,3,3,5,3,1,3,3,4,2
EN948,2,5,3,3,4,2,4,4,1,3,2,2,3,1,3,5,2,2,3,3,2,2,1,4,3,3,4,5,3,1,3,4,4,2,1,1
EN955,4,4,3,1,3,2,2,3,2,3,1,2,3,5,1,4,4,1,5,5,1,2,3,4,4,4,3,3,3,2,4,3,1,2,1,2
EN959,3,5,4,3,1,3,3,4,4,3,5,3,4,3,4,3,2,3,2,4,4,4,1,2,5,3,1,2,5,3,5,2,3,4,4,3
EN993,3,2,4,3,3,3,1,3,4,3,1,5,1,3,3,2,1,3,2,3,3,3,3,2,1,3,4,4,4,2,2,3,4,3,2,3
EN996,5,3,1,2,3,3,2,4,3,2,3,1,2,4,4,2,4,4,2,3,3,3,2,2,3,1,4,3,3,4,1,3,2,2,2,3
GO024,2,3,3,4,3,2,2,3,2,1,3,4,1,2,3,3,3,5,4,4,5,3,5,3,3,3,1,4,4,3,5,5,4,3,5,4
GO039,3,3,5,3,3,5,4,3,5,4,4,3,4,5,4,1,4,3,4,5,4,2,4,5,4,3,3,2,3,2,5,3,1,3,4,2
GO040,4,3,3,4,5,3,3,3,3,3,3,4,5,4,3,3,4,1,3,2,1,2,3,2,3,3,3,1,3,3,2,5,4,3,2,1
GO060,4,3,3,3,3,1,2,1,3,2,1,4,2,5,1,3,2,3,4,5,2,3,1,1,4,4,1,1,3,2,5,3,3,3,2,4
GO103,4,3,2,1,2,4,3,1,1,4,4,3,3,3,5,5,2,2,4,5,3,3,4,3,2,4,4,3,2,2,3,4,3,3,2,1
GO131,3,3,4,3,3,4,4,3,3,3,3,4,3,5,5,3,3,3,3,3,5,3,4,3,4,2,2,3,3,2,1,3,2,3,4,4
GO143,2,3,3,2,5,5,1,2,3,3,1,4,3,3,1,4,1,4,2,4,4,5,5,3,4,3,2,4,3,3,2,1,1,2,3,1
GO148,3,4,2,3,4,2,5,2,2,3,5,5,2,3,5,3,1,4,3,4,3,2,3,4,4,3,4,3,3,4,1,2,3,2,3,1
GO168,4,2,4,3,3,3,3,3,3,5,2,1,4,4,4,4,2,2,2,3,3,3,4,5,4,3,2,3,2,5,4,3,3,3,2,3
GO171,3,4,2,3,3,3,3,5,3,2,3,2,2,3,3,3,3,3,1,4,1,3,1,2,3,3,3,4,4,3,2,3,2,5,2,1
GO172,4,2,2,5,5,4,5,4,4,2,3,2,4,1,3,2,3,2,4,3,2,1,2,3,2,5,3,1,2,5,5,2,4,5,3,3
GO179,3,5,3,3,3,1,1,3,4,3,2,4,1,1,1,4,2,1,2,2,2,2,2,5,4,5,2,3,5,3,3,4,3,5,3,2
GO183,2,5,3,4,5,4,2,3,3,2,3,4,3,4,3,3,4,5,4,3,2,2,3,3,5,3,3,1,3,2,4,2,3,1,1,3
GO190,2,1,5,3,3,4,4,1,4,2,4,2,5,2,3,3,4,3,3,4,4,3,5,3,1,4,2,2,2,2,2,2,2,4,3,3
GO207,5,3,3,3,3,4,4,4,2,4,3,3,4,3,3,4,4,3,2,4,3,4,3,2,2,3,2,1,5,4,2,3,2,5,4,3
GO208,2,4,2,1,3,3,4,2,3,3,2,4,4,2,3,3,4,4,3,4,4,3,2,2,3,4,2,1,3,3,3,3,2,3,3,3
GO215,5,3,3,2,5,2,3,1,3,3,3,2,1,2,4,1,2,3,4,3,4,3,2,4,3,3,3,3,4,4,3,3,2,5,4,3
GO216,2,3,4,2,4,3,2,3,5,3,4,4,5,5,3,3,5,3,3,2,2,1,3,3,3,4,3,4,3,3,2,3,1,3,2,4
GO239,3,3,4,3,4,3,4,3,2,5,2,3,3,3,2,3,3,4,3,3,2,3,3,3,1,4,2,1,3,3,5,3,3,3,3,2
GO265,4,3,5,2,2,4,4,4,5,4,4,2,1,1,3,3,3,3,5,5,4,4,2,3,3,3,1,3,4,4,2,5,4,3,3,3
GO302,4,3,2,3,2,1,3,4,3,1,1,2,3,2,4,2,3,3,2,2,4,1,3,5,1,3,2,3,5,3,3,5,3,5,4,3
GO304,5,2,3,3,1,1,5,5,3,2,2,4,3,4,4,2,3,2,2,4,3,2,5,4,4,3,3,5,4,5,3,2,4,3,3,3
GO332,2,2,5,2,3,4,3,3,2,2,5,3,3,3,5,1,3,3,3,3,2,3,1,2,3,3,3,3,1,2,4,5,3,4,3,4
GO339,3,1,2,3,4,3,4,1,5,3,3,3,3,3,3,3,4,3,4,3,1,3,3,4,3,2,3,1,3,2,2,3,3,3,3,3
GO341,5,3,3,3,3,4,3,4,4,3,3,5,3,3,4,2,3,2,3,1,2,2,1,5,1,4,2,3,3,4,4,3,3,3,4,3
GO347,4,1,1,1,4,1,3,3,1,4,2,3,4,4,4,2,1,2,3,3,5,2,4,4,4,4,2,2,5,4,2,5,3,5,2,4
GO349,3,3,3,2,2,3,3,1,3,4,4,4,2,5,2,1,3,2,3,1,2,5,2,3,3,5,2,3,4,4,3,5,3,5,1,1
GO353,3,3,5,4,4,4,1,2,3,3,2,2,5,1,1,4,4,3,3,5,3,3,3,3,4,4,4,4,1,3,5,3,3,1,5,1
GO361,3,3,3,2,3,1,5,2,3,4,4,2,3,4,2,5,4,2,4,4,1,2,3,5,3,3,2,3,4,3,4,5,3,2,3,3
GO363,3,4,2,3,5,3,2,4,2,3,4,1,3,4,4,4,4,3,3,3,4,4,3,3,3,4,3,4,2,3,1,3,1,3,4,2
GO370,3,5,5,4,2,3,4,3,3,2,3,3,3,2,5,1,4,5,3,3,3,2,2,2,2,3,4,2,2,3,3,4,2,2,5,3
GO414,2,3,1,2,3,2,2,3,2,4,3,4,3,3,4,3,3,5,2,2,5,2,2,3,1,4,1,3,3,3,4,4,3,2,3,1
GO422,4,3,2,1,3,4,3,2,2,3,3,3,2,1,3,4,4,3,3,2,3,5,5,3,3,2,3,2,4,4,3,3,3,4,2,4
GO435,1,1,4,3,1,3,4,2,3,4,3,2,3,2,3,3,4,2,3,5,5,2,5,3,1,3,3,1,2,5,3,2,2,4,3,3
GO448,3,5,2,5,1,5,3,1,1,3,5,2,1,4,2,3,3,2,1,4,3,2,2,3,4,4,2,3,5,3,3,3,3,4,3,3
GO467,2,3,2,3,3,3,3,3,4,4,3,3,4,3,4,3,3,3,4,3,2,3,5,3,3,4,5,2,3,3,1,3,4,2,2,2
GO473,2,5,5,3,3,3,3,5,3,1,2,4,2,2,5,1,4,4,2,4,2,1,4,3,4,3,3,4,3,3,1,2,2,2,1,3
GO513,5,4,2,1,5,5,3,1,4,4,2,2,3,5,3,2,3,3,3,4,1,4,3,4,4,3,4,5,3,3,5,3,2,3,3,2
GO540,3,2,4,4,3,2,3,5,3,5,5,3,3,4,3,4,4,2,3,3,2,3,1,4,4,3,3,3,3,2,4,4,5,3,3,4
GO595,5,3,3,4,2,1,2,1,3,3,4,3,3,4,3,3,3,2,3,3,3,3,3,2,4,5,3,3,5,3,1,1,4,1,3,5
GO611,3,2,3,2,3,3,4,3,5,4,2,2,2,2,3,1,4,5,3,5,4,3,3,4,2,3,1,4,1,5,5,5,5,2,3,4
GO643,3,3,3,1,2,3,5,2,2,1,2,4,3,4,3,5,3,3,3,1,3,3,3,1,3,4,2,4,4,3,3,1,2,5,3,3
GO648,4,5,4,2,2,5,3,3,2,4,3,3,4,3,5,2,4,2,3,3,1,3,3,3,4,3,3,3,2,3,5,2,2,3,5,4
GO655,3,5,1,3,3,3,2,3,3,3,5,5,1,4,3,5,3,1,5,3,2,2,3,4,2,2,4,4,1,3,4,1,5,3,3,2
GO669,1,4,5,3,2,4,3,1,3,3,3,1,1,2,3,2,3,2,2,3,5,3,3,3,4,3,3,4,3,5,5,3,5,3,3,3
GO684,1,5,2,1,1,4,3,3,1,3,1,3,4,4,3,1,3,3,2,3,4,5,3,3,1,1,3,4,2,3,3,5,3,3,1,2
GO691,5,4,2,2,2,3,3,3,5,2,3,1,1,3,3,3,3,3,3,1,1,3,4,5,3,2,4,2,4,3,2,4,1,3,4,1
GO719,5,3,1,3,3,3,4,2,2,3,3,2,5,3,3,2,4,2,4,4,5,2,5,4,2,2,3,4,3,2,3,4,4,3,4,3
GO720,3,3,3,4,4,3,5,3,4,3,3,1,4,3,4,4,3,1,4,3,3,4,3,3,5,3,2,2,2,4,4,3,3,4,4,2
GO738,3,5,4,5,3,4,4,5,2,4,3,3,3,4,2,2,1,4,4,3,3,4,3,3,3,1,4,1,2,4,1,5,1,5,5,3
GO749,2,3,3,4,4,2,5,2,1,3,3,3,4,3,3,3,5,3,3,2,3,5,3,5,4,2,4,3,4,5,5,1,5,2,5,2
GO755,2,3,4,3,3,3,3,3,4,2,3,1,1,3,5,3,1,4,3,1,1,3,2,3,5,4,4,3,3,3,1,3,4,2,2,3
GO763,1,3,3,4,3,3,3,5,3,3,3,3,4,3,5,1,1,4,4,4,3,3,2,3,3,3,3,3,2,4,3,2,3,3,3,3
GO785,3,3,2,3,2,2,2,4,2,2,4,1,3,1,3,2,4,5,3,4,3,4,5,5,2,3,2,3,3,3,2,2,3,3,2,2
GO787,4,3,2,3,3,2,3,5,5,3,2,5,4,3,4,2,1,3,3,2,4,4,2,4,4,2,4,3,3,3,1,1,3,1,2,3
GO789,4,4,3,2,4,1,2,5,2,4,3,4,4,3,1,2,3,2,3,2,2,2,2,2,2,3,3,3,5,3,3,2,2,2,3,4
GO790,2,1,4,2,3,4,5,2,3,3,4,3,3,3,4,3,4,3,2,3,4,3,4,2,3,3,4,3,3,3,1,2,3,2,2,5
GO802,2,3,4,3,3,3,5,3,1,3,3,5,3,2,3,3,3,3,1,2,2,1,3,3,4,5,3,3,2,2,4,2,3,3,4,4
GO811,4,3,4,3,3,5,4,3,3,3,2,2,3,3,2,3,3,4,5,1,4,3,1,1,4,3,2,4,3,3,3,3,3,2,1,4
GO825,3,3,1,3,2,5,4,2,2,5,3,2,1,2,5,3,5,1,4,2,5,3,5,3,3,3,3,3,3,3,1,5,4,2,4,4
GO836,2,3,2,3,4,3,4,3,3,3,3,4,3,3,3,3,3,2,4,3,4,4,3,4,4,2,5,2,5,2,4,4,3,4,3,4
GO838,4,3,3,2,5,4,3,5,3,4,3,3,3,5,1,2,4,2,4,3,4,5,4,2,1,3,2,1,5,1,2,3,3,5,1,5
GO870,1,2,3,4,3,3,4,3,5,4,4,3,2,2,2,3,4,3,5,3,2,3,3,1,4,1,4,2,4,1,5,4,3,3,4,3
GO880,2,4,2,2,3,5,3,4,3,3,1,4,3,1,4,4,4,4,3,3,2,3,3,2,3,1,3,2,3,3,2,2,3,4,2,5
GO912,5,5,4,3,3,3,1,2,3,4,4,3,3,3,3,3,3,1,3,2,5,3,2,4,3,1,4,2,1,3,3,3,3,2,4,3
GO923,4,3,2,5,5,2,4,2,4,1,1,3,3,2,5,3,4,3,3,1,1,3,3,2,3,3,3,4,3,3,5,5,4,2,3,3
GO978,3,4,1,5,4,1,2,2,3,2,3,3,3,3,3,2,3,1,5,3,3,3,4,4,3,4,3,2,3,3,4,5,3,3,1,3
GO995,3,5,3,2,3,3,3,3,2,3,3,3,2,5,5,2,3,3,3,3,5,3,2,3,3,3,1,3,2,3,3,3,3,3,5,4
GO997,3,2,4,3,3,2,2,4,3,2,4,3,4,3,4,4,5,1,3,4,1,4,2,5,3,3,2,1,3,5,3,3,2,3,3,3
HI002,5,2,4,5,4,4,2,5,3,3,4,5,5,3,4,3,4,2,3,4,3,2,5,2,4,4,3,5,3,1,4,2,2,3,2,3
HI032,3,3,5,5,3,3,3,3,3,1,3,3,4,1,5,3,3,3,3,1,2,4,3,4,2,3,3,3,5,3,4,3,2,3,3,2
HI034,1,2,4,4,3,4,3,4,3,5,3,2,5,3,3,3,3,3,1,2,4,4,3,3,4,2,3,2,3,3,3,4,3,3,3,4
HI035,3,1,1,2,2,4,2,3,4,4,3,2,2,5,4,4,3,3,2,1,3,4,2,3,1,4,5,3,3,3,3,4,3,3,3,1
HI039,3,4,3,2,3,3,4,3,3,2,2,3,2,3,2,1,2,3,4,2,5,5,3,4,4,4,3,4,2,3,2,1,3,2,3,1
HI044,4,2,5,3,3,3,3,3,3,3,1,2,5,3,2,3,3,1,2,3,5,4,2,5,3,5,3,2,3,5,4,3,2,4,3,3
HI068,3,4,3,3,2,4,3,3,2,3,2,4,1,3,3,4,3,1,3,4,4,3,2,4,2,4,2,5,3,2,3,2,3,1,3,4
HI082,3,3,1,2,3,2,3,3,2,3,3,3,3,3,4,2,3,2,3,2,3,3,3,2,4,5,3,3,4,1,1,3,2,1,3,3
HI091,3,2,5,2,3,3,5,2,3,3,5,3,3,3,4,3,3,4,4,3,5,3,5,2,2,3,3,2,3,2,3,4,4,4,2,3
HI099,2,1,4,4,3,4,3,4,1,3,2,5,3,3,2,3,4,3,4,5,3,2,5,2,3,3,4,2,3,1,3,3,3,3,3,3
HI113,3,3,3,3,5,4,3,3,3,5,4,4,2,4,2,1,2,2,2,4,3,3,5,4,5,2,3,5,1,1,3,3,3,5,2,5
HI115,3,2,3,3,3,4,3,4,3,3,1,3,2,3,3,3,3,3,5,5,4,1,1,3,2,3,3,4,2,4,3,5,3,2,3,2
HI127,2,2,3,3,2,2,4,2,2,3,3,3,2,2,1,2,4,3,4,2,5,3,3,4,2,4,3,2,1,1,2,3,1,5,1,3
HI131,4,1,4,3,4,3,2,2,3,3,3,3,4,3,3,2,3,2,1,2,3,5,4,3,5,3,2,2,3,4,3,2,3,3,3,2
HI132,3,4,4,3,2,2,4,3,5,4,4,3,3,2,1,2,3,2,3,4,2,3,3,4,4,4,5,2,4,3,3,3,4,3,3,3
HI147,1,2,2,5,4,3,2,2,3,2,4,5,3,5,4,2,4,4,4,4,3,4,1,3,2,3,3,4,2,3,2,1,3,4,3,2
HI194,2,3,5,4,3,3,4,3,2,3,5,4,3,5,4,2,3,1,5,4,3,3,4,3,2,2,3,2,2,4,3,3,4,5,5,4
HI224,3,1,4,3,4,3,4,1,3,2,2,5,2,4,2,2,2,2,3,2,4,1,2,3,1,4,3,2,5,1,3,3,4,5,2,2
HI236,4,1,3,1,4,3,2,4,5,3,3,3,3,1,3,2,3,3,3,1,5,2,3,4,4,3,5,2,4,5,4,3,4,2,2,1
HI240,4,3,3,4,4,3,3,3,3,4,4,3,3,5,5,3,2,3,4,4,3,2,2,3,4,5,3,4,3,3,1,3,3,3,3,2
HI243,3,4,3,3,4,2,5,5,3,2,4,2,3,2,2,2,3,1,5,3,3,3,2,3,3,1,3,3,3,4,3,2,4,3,4,3
HI257,4,4,3,3,5,4,4,4,4,3,4,5,4,4,1,3,4,3,2,1,3,3,3,3,3,5,3,2,4,2,3,1,3,4,1,3
HI269,3,2,2,1,3,3,5,3,2,2,2,4,4,4,3,4,2,5,3,2,4,3,3,2,4,4,3,3,5,1,2,3,3,2,3,4
HI275,3,2,4,5,3,5,4,5,3,3,2,3,5,4,4,5,3,3,2,3,5,2,4,1,3,3,3,3,2,3,2,3,3,3,2,3
HI284,1,3,1,5,2,4,2,1,3,3,5,2,4,3,1,2,3,3,4,5,4,3,4,1,5,4,1,4,4,2,2,1,4,4,4,3
HI293,4,3,3,5,2,2,2,5,2,1,5,2,5,3,4,4,3,3,2,4,3,3,2,3,3,2,3,5,3,1,3,3,4,3,5,3
HI310,5,4,4,5,4,4,4,5,3,4,1,2,3,4,3,2,3,3,3,2,3,3,2,1,3,4,1,3,3,3,4,3,3,3,2,4
HI321,1,1,4,3,3,4,3,1,3,3,2,1,2,3,3,3,3,2,5,5,3,3,2,3,3,4,2,1,3,1,4,3,3,1,3,2
HI323,2,2,2,3,3,4,3,5,2,3,3,5,3,3,2,3,4,3,4,3,4,2,3,4,3,2,2,3,3,4,2,5,4,3,2,1
HI343,5,5,2,2,3,3,4,2,3,3,2,4,3,4,4,3,2,2,4,2,3,3,3,3,3,4,3,3,3,2,1,3,1,3,3,1
HI358,3,5,5,4,4,3,4,2,5,3,3,3,4,3,5,1,2,4,3,3,3,3,3,3,4,3,2,4,1,3,1,3,4,2,3,5
HI363,3,5,1,3,4,5,2,2,3,5,3,5,1,5,4,3,2,3,3,2,2,1,2,3,3,5,3,3,3,3,4,3,4,4,4,4
HI406,5,3,3,5,2,4,2,2,2,4,4,3,4,3,3,2,1,3,3,3,4,2,3,4,3,2,4,2,1,3,1,4,3,3,2,1
HI423,3,3,4,4,4,1,2,3,4,3,2,4,3,4,3,1,2,3,1,4,3,4,3,3,3,3,5,1,5,4,1,4,3,2,5,3
HI438,5,3,3,3,5,3,3,1,3,2,5,3,1,2,2,4,4,4,4,1,3,2,2,2,3,2,3,5,5,3,4,3,4,3,2,3
HI455,4,3,4,3,3,3,2,1,3,3,3,5,4,2,3,3,2,3,3,3,3,1,4,3,4,4,1,1,4,5,3,3,3,3,5,2
HI459,2,3,3,2,4,3,3,2,2,3,2,3,3,5,2,1,5,1,3,3,4,1,2,2,3,3,3,1,1,1,3,2,3,4,4,3
HI482,4,4,5,2,3,3,2,3,1,3,3,5,2,1,5,3,4,3,3,3,5,2,4,5,4,1,4,1,2,1,3,2,4,3,1,5
HI516,5,3,3,2,1,4,5,4,3,5,3,2,3,1,3,2,4,5,5,3,1,3,3,1,3,1,3,3,4,2,2,2,5,3,4,1
HI523,2,2,1,2,2,4,3,4,2,2,3,1,5,4,3,3,2,3,3,3,3,4,2,3,3,5,3,4,3,3,1,2,4,3,2,2
HI530,4,5,4,1,3,2,2,5,3,4,2,4,1,2,5,3,2,4,2,2,3,1,3,3,3,2,3,3,3,3,3,3,3,3,2,4
HI532,3,5,4,3,4,3,4,2,3,3,3,1,4,3,4,2,2,3,5,2,4,3,3,4,4,3,3,3,4,1,3,4,1,2,3,3
HI571,3,3,2,3,1,4,3,1,1,3,3,4,5,4,3,2,4,4,2,3,4,5,3,2,2,5,5,4,5,3,1,3,5,3,2,2
HI591,3,3,3,5,5,2,4,4,3,3,3,3,3,3,4,5,2,4,2,5,3,1,3,3,2,1,3,3,3,3,3,4,1,4,3,3
HI627,5,5,1,3,2,1,1,3,3,3,3,4,4,2,4,2,4,1,4,3,5,4,2,4,3,4,3,3,1,3,3,2,3,4,3,5
HI640,2,3,2,3,3,4,2,3,2,5,3,3,3,3,3,3,4,4,1,4,2,1,3,2,4,3,1,3,2,3,4,2,1,1,3,2
HI677,2,2,5,2,5,1,2,3,4,2,4,1,1,4,2,2,3,2,4,3,2,4,5,3,2,1,3,3,3,4,2,3,3,2,2,5
HI679,2,1,1,3,2,4,2,3,3,3,3,5,3,3,4,2,2,5,2,3,1,5,1,4,4,4,3,5,3,3,5,3,3,3,3,2
HI705,3,5,3,2,3,3,5,3,2,3,3,1,3,4,3,4,2,3,1,2,2,3,4,2,2,3,4,2,4,4,3,1,1,1,4,3
HI710,3,5,2,1,4,2,2,4,3,3,2,1,3,3,4,3,4,1,2,3,3,2,2,4,4,4,1,3,1,2,1,3,3,3,1,4
HI732,1,2,2,5,4,4,3,4,5,2,2,3,4,2,1,3,2,3,3,2,4,4,3,1,4,4,5,1,3,3,4,3,5,4,3,4
HI740,2,3,2,2,3,2,3,3,3,3,3,3,4,4,1,3,3,4,2,2,1,1,2,3,4,5,2,4,2,2,2,5,2,5,4,3
HI757,4,5,2,2,1,4,3,3,3,2,1,3,3,5,3,3,3,3,5,4,3,3,2,3,3,4,4,3,1,3,2,3,2,3,3,3
HI760,5,4,1,5,3,3,5,2,5,3,3,2,3,4,3,5,3,3,2,4,4,4,3,5,4,3,1,3,4,3,3,3,1,5,3,3
HI780,1,3,3,1,2,3,3,3,2,3,4,3,1,4,4,2,5,2,2,4,4,5,4,3,3,2,4,4,3,2,2,3,5,2,2,4
HI796,3,5,3,5,2,4,4,5,1,4,2,3,3,2,2,3,3,4,5,3,3,3,5,4,3,2,4,1,2,4,3,2,2,4,1,3
HI802,4,3,3,4,3,4,3,2,4,3,5,4,2,5,1,3,4,3,3,3,1,2,2,4,5,3,4,1,3,4,2,4,3,3,3,3
HI810,3,4,5,3,4,5,3,3,2,3,4,1,1,2,2,2,4,4,4,2,4,3,2,1,2,4,2,3,3,3,5,4,3,5,3,3
HI851,3,3,4,4,3,2,3,3,2,3,4,5,2,3,3,2,3,2,5,4,4,3,3,3,3,2,3,3,4,3,2,2,5,3,3,4
HI864,2,3,4,3,3,4,3,5,5,3,2,5,5,3,2,2,2,4,2,4,3,3,2,2,4,1,5,5,4,3,2,3,5,2,1,2
HI906,2,1,3,4,3,3,3,3,3,4,3,4,2,4,3,3,4,1,3,1,5,3,3,4,5,4,2,2,4,1,3,3,2,5,3,2
HI919,4,2,5,1,3,3,2,3,3,2,4,2,4,3,3,4,1,1,2,3,3,5,5,1,1,3,3,2,3,2,5,5,5,2,3,3
HI925,2,5,2,3,4,2,4,4,2,3,4,3,2,3,1,2,2,3,4,5,3,3,4,2,1,1,2,4,3,2,2,4,3,3,1,4
HI928,4,4,1,5,2,1,2,4,4,2,4,4,3,3,3,4,2,3,3,1,3,3,5,3,3,3,4,4,4,3,4,5,1,1,4,4
HI934,1,3,1,4,3,2,2,4,3,3,3,5,3,5,3,5,2,3,3,1,5,2,3,3,1,3,5,3,2,5,4,3,3,5,4,3
HI949,2,5,4,3,1,1,3,1,2,1,2,3,3,1,4,2,4,4,3,2,2,4,4,4,5,4,4,3,2,4,2,1,4,5,2,3
HI952,3,3,3,5,4,1,4,4,3,2,4,3,1,1,5,2,2,4,4,3,2,4,3,2,2,2,1,3,5,2,2,2,4,3,5,4
HI954,2,3,2,1,1,4,3,4,2,3,3,4,2,3,4,3,5,2,4,1,3,4,1,3,3,1,2,4,4,3,5,2,5,3,2,1
HI958,2,3,3,1,1,3,5,1,2,3,2,3,2,3,5,4,2,3,1,3,2,1,1,5,3,4,5,3,3,2,3,1,1,2,5,3
MA011,4,5,3,5,1,3,3,2,1,1,2,3,3,2,3,4,4,3,3,2,5,3,1,3,3,5,3,2,3,2,3,4,4,5,2,5
MA043,1,2,1,5,2,3,3,5,4,2,5,3,3,3,1,1,3,1,1,4,5,1,4,3,4,4,5,1,4,3,3,3,3,3,3,3
MA057,4,3,3,3,3,4,4,3,3,5,2,5,4,2,2,1,3,4,4,3,3,3,3,3,1,2,2,4,1,1,4,3,3,3,3,3
MA063,3,3,4,4,2,3,2,3,3,4,1,4,2,4,2,1,3,4,1,3,3,1,5,3,4,2,3,5,4,3,3,2,4,3,3,4
MA090,3,5,3,1,5,5,4,4,3,4,3,2,3,4,1,2,2,3,3,2,3,4,3,5,1,3,3,1,3,4,4,3,3,1,5,5
MA105,2,2,5,3,4,2,3,4,3,5,3,4,3,3,2,3,4,3,3,3,4,4,2,3,3,3,4,4,2,2,2,3,3,4,3,3
MA126,4,3,3,4,3,5,4,2,3,2,3,4,3,1,3,4,5,4,3,5,4,2,4,3,3,1,3,4,5,3,3,5,3,3,3,3
MA137,1,3,3,4,3,3,2,3,3,1,3,2,2,5,2,1,2,2,5,2,1,3,2,4,3,3,1,3,3,3,3,2,1,3,5,3
MA146,3,4,3,2,4,3,2,3,2,3,4,2,3,2,3,3,2,1,3,3,3,2,1,3,3,4,2,3,2,3,3,4,2,2,3,3
MA149,3,3,3,3,2,3,4,3,2,1,3,2,5,3,1,2,2,1,5,3,3,3,2,3,1,1,1,3,3,5,3,3,4,3,5,3
MA183,3,3,4,2,5,3,3,4,4,3,5,3,2,3,5,3,5,1,4,3,1,3,5,3,3,3,3,4,4,5,5,3,3,2,5,3
MA188,2,2,3,3,4,1,3,1,4,3,1,2,4,5,1,1,3,5,3,5,4,3,5,3,3,1,3,3,1,5,3,3,5,2,1,2
MA210,2,2,2,5,4,2,5,3,4,1,1,4,3,2,5,2,2,3,3,3,5,3,4,3,3,1,4,2,3,4,2,2,3,5,5,4
MA233,3,4,3,5,1,2,4,2,1,3,1,3,3,1,1,4,3,3,1,3,4,2,3,3,1,4,2,5,3,2,3,2,3,5,4,1
MA238,5,3,3,1,3,2,3,3,3,5,3,3,3,4,3,5,2,3,4,1,4,3,4,2,4,4,4,3,3,2,3,2,2,2,3,4
MA239,4,1,3,4,2,2,1,4,1,4,2,3,3,2,4,5,4,5,3,4,3,3,3,3,3,4,3,3,4,2,2,5,4,4,3,5
MA257,4,3,2,4,3,3,2,1,4,3,3,3,2,1,5,2,3,3,4,1,3,4,4,3,3,2,2,2,1,3,3,3,3,1,2,4
MA263,2,3,3,5,4,2,2,3,5,3,3,3,3,1,3,3,2,3,2,3,3,3,2,1,3,3,3,4,3,3,4,3,4,5,1,2
MA274,3,3,3,3,3,1,3,3,4,4,4,4,3,3,3,3,3,5,2,1,3,2,3,3,3,3,2,3,3,2,4,5,4,4,5,3
MA285,2,3,4,5,4,2,5,4,3,3,4,3,4,3,3,3,3,2,5,4,1,2,4,4,2,4,1,2,3,3,3,5,3,4,4,3
MA293,5,3,5,4,3,2,3,3,2,3,3,3,2,3,1,3,3,4,3,2,2,3,3,1,5,3,5,3,4,2,5,4,4,3,3,2
MA300,1,1,3,3,2,5,3,3,3,3,3,5,2,3,2,5,2,4,1,3,2,2,2,4,2,3,3,1,2,3,5,3,3,2,3,3
MA343,3,1,2,3,2,3,4,4,1,2,5,2,3,3,4,3,4,2,2,3,2,3,3,4,4,4,4,3,3,5,4,2,2,3,5,3
MA420,3,2,3,3,1,1,3,3,3,3,3,4,4,2,3,3,2,2,3,5,3,3,3,3,3,4,5,2,2,3,2,4,4,4,2,4
MA429,2,2,2,3,3,2,2,3,2,1,3,4,3,5,3,3,5,3,3,4,4,5,2,1,5,3,3,1,3,2,2,5,4,4,2,1
MA431,3,4,1,4,3,3,1,4,3,3,5,5,3,2,1,1,2,2,2,4,2,3,3,1,4,1,4,1,3,1,3,2,3,4,4,2
MA447,4,4,3,2,3,3,3,3,1,4,2,2,3,3,3,2,3,3,2,4,3,3,3,3,2,1,4,1,5,2,4,3,3,5,3,3
MA465,2,3,3,3,5,3,3,5,3,5,1,2,1,5,3,3,3,4,4,2,1,4,2,3,3,4,2,4,3,3,2,3,4,3,3,4
MA488,4,3,4,1,4,3,3,1,4,5,3,1,4,3,2,3,2,3,2,1,4,3,5,2,2,4,1,3,5,5,4,2,4,3,4,2
MA489,2,4,5,3,5,3,5,3,5,3,3,2,3,2,2,3,3,1,2,4,3,3,4,2,2,5,4,5,4,2,2,2,4,2,5,3
MA512,3,3,4,1,1,4,2,1,3,3,3,5,2,3,3,3,3,3,2,2,3,1,3,5,3,3,3,3,3,3,5,4,4,2,1,3
MA525,3,3,2,4,3,2,2,2,3,2,4,4,3,4,4,2,4,4,4,2,1,4,3,2,3,3,3,3,4,4,3,5,4,2,3,3
MA541,3,2,3,5,5,3,3,3,4,4,3,3,4,3,4,5,5,5,3,3,3,3,1,1,5,4,4,3,3,5,5,2,3,1,3,2
MA545,3,3,3,3,2,4,4,3,3,4,5,3,3,1,3,2,3,4,5,4,4,3,4,3,4,4,3,1,4,4,3,4,3,5,3,1
MA549,4,3,3,4,1,3,2,3,4,3,4,4,2,4,1,3,3,3,3,2,2,3,4,2,1,3,3,1,2,5,3,3,1,5,3,1
MA572,2,2,2,3,3,2,4,5,3,3,3,3,3,3,2,3,3,3,3,4,2,4,3,4,3,2,5,5,1,3,4,5,3,2,3,3
MA577,2,1,4,3,2,4,3,3,2,3,3,2,4,2,4,4,2,2,3,1,3,3,2,2,3,3,3,4,2,3,5,2,2,4,3,4
MA578,1,3,5,3,1,4,5,2,2,3,2,3,2,4,3,4,3,4,4,3,4,3,5,3,3,4,2,5,4,3,3,4,3,4,3,3
MA587,3,3,2,1,3,3,2,3,3,3,3,3,2,4,2,3,4,2,3,4,1,2,3,2,3,2,2,2,3,3,3,3,2,3,3,4
MA620,2,3,3,4,3,2,4,2,2,3,3,2,4,3,3,4,3,3,2,3,4,5,2,4,2,3,3,4,3,2,4,3,5,5,3,4
MA637,2,3,4,3,3,4,3,2,5,2,2,2,2,3,3,3,3,4,3,3,4,2,1,4,1,2,3,2,4,4,3,2,1,5,2,5
MA645,2,1,2,2,3,3,5,3,2,3,2,2,1,3,3,2,1,3,2,3,1,3,3,1,1,3,3,3,3,4,3,2,2,1,3,3
MA660,4,4,4,3,3,3,3,4,4,3,3,3,3,3,5,3,3,1,2,3,1,3,4,3,3,2,3,2,5,1,3,4,4,3,3,3
MA723,1,5,4,3,4,4,3,3,3,4,3,2,5,3,3,4,4,3,2,2,3,4,1,1,3,4,3,2,5,4,1,3,3,3,2,1
MA726,3,2,2,2,3,3,4,2,1,3,2,2,2,3,3,3,5,2,3,3,3,1,1,3,3,2,3,2,3,3,5,4,3,1,5,2
MA727,4,2,2,5,4,5,4,3,5,4,4,5,3,3,2,3,2,1,3,2,3,2,3,5,3,2,2,3,5,3,2,5,4,3,3,3
MA732,3,3,3,3,3,3,4,2,3,2,3,5,4,3,1,3,2,3,4,3,5,4,1,3,3,4,2,3,2,3,4,3,1,2,4,3
MA772,3,4,1,3,3,3,3,3,3,3,3,2,2,2,4,2,2,3,2,2,3,3,3,4,3,2,3,2,3,4,2,5,3,5,4,3
MA782,5,3,3,4,3,3,3,4,3,3,4,3,4,3,2,3,1,5,2,2,2,2,5,2,4,2,3,1,2,2,3,4,1,5,3,4
MA791,3,5,4,5,4,4,3,2,3,5,3,5,2,3,3,3,4,3,4,3,3,4,5,2,2,1,4,3,5,3,3,3,3,3,3,1
MA810,3,3,5,3,2,1,4,2,3,3,3,3,3,3,5,3,3,5,1,4,3,2,3,4,2,2,4,2,1,3,5,3,2,3,3,2
MA818,1,3,2,3,5,3,4,3,4,4,4,1,5,2,2,3,4,2,3,4,4,1,1,4,1,3,4,4,3,3,5,3,3,3,3,3
MA833,3,4,4,3,2,5,4,1,3,4,1,2,3,5,3,5,3,3,4,3,5,4,1,2,4,3,2,2,2,5,5,4,3,4,5,4
MA838,2,1,3,4,4,3,3,4,3,5,4,3,4,3,4,3,4,2,4,1,3,2,3,2,3,5,1,3,3,3,3,2,3,4,2,2
MA841,4,3,1,1,3,2,3,3,2,3,3,4,3,3,1,5,1,4,2,4,4,3,4,2,3,3,4,3,4,2,5,2,3,4,1,1
MA849,2,5,3,3,4,3,2,1,3,1,2,3,3,3,3,2,4,1,5,1,3,4,2,3,5,4,2,3,3,3,1,1,4,5,3,4
MA858,4,2,1,3,1,1,3,2,4,3,1,5,2,4,3,3,3,2,3,2,5,3,4,5,3,1,3,1,3,4,1,3,2,1,5,3
MA868,4,3,5,2,4,2,2,2,3,1,4,4,3,2,5,3,4,3,3,4,3,2,2,2,4,3,4,5,2,5,1,2,5,5,3,5
MA887,4,3,2,3,3,3,3,3,3,4,2,3,3,3,1,3,2,2,3,4,2,3,3,3,3,1,2,3,5,4,4,3,2,3,5,4
MA890,4,3,4,4,4,4,3,2,3,3,4,2,4,2,2,3,2,1,3,5,4,5,4,5,4,4,3,3,5,4,3,3,4,2,3,1
MA919,3,3,3,4,2,5,1,3,3,3,3,3,3,3,2,4,5,3,5,3,4,3,3,4,3,3,3,3,3,3,3,3,4,3,3,3
MA933,3,3,5,4,2,1,2,5,4,3,5,4,1,3,2,1,5,2,2,3,3,1,2,5,4,5,3,3,3,3,3,5,4,1,4,4
MA948,3,2,2,3,3,1,1,2,5,1,3,3,4,2,3,4,3,1,5,3,3,4,4,2,4,2,3,3,3,2,3,3,4,4,3,5
MA949,1,3,3,2,2,3,3,2,3,3,4,4,5,2,4,2,4,1,4,4,5,3,3,3,3,3,3,3,4,5,4,4,4,5,2,3
MA954,3,3,3,2,3,3,2,3,3,5,3,2,2,3,2,3,3,3,4,1,3,3,4,5,5,3,5,4,2,2,3,3,3,4,2,1
MA967,3,3,3,4,2,5,4,2,3,3,5,2,3,3,3,2,2,3,2,3,3,3,4,1,1,4,3,1,1,3,4,3,4,3,1,5
MA971,4,2,3,4,2,2,2,1,2,3,3,4,3,3,2,5,3,3,3,3,1,3,3,4,3,5,1,1,4,2,3,4,4,5,3,5
MA986,3,4,3,2,4,3,2,3,1,3,4,3,4,2,2,4,2,5,4,1,3,4,4,2,2,4,3,3,3,5,5,4,5,3,4,3
MA987,1,5,2,3,3,2,4,4,2,2,5,3,3,3,3,3,5,3,3,3,4,2,2,4,3,2,2,1,1,1,4,3,3,3,1,4
MA990,2,4,4,4,3,3,4,1,2,5,1,3,3,4,3,4,3,3,3,5,2,5,3,2,3,3,3,3,4,4,3,2,4,3,1,4
PY035,3,3,3,3,1,4,3,2,3,4,3,3,4,3,2,1,3,1,5,3,3,1,3,5,3,3,2,5,3,3,3,1,1,2,3,5
PY050,3,2,2,4,3,4,2,4,4,2,3,1,1,3,2,3,3,3,4,3,3,5,1,3,3,3,4,3,5,2,2,3,4,3,4,5
PY057,3,4,3,5,2,4,4,4,3,4,3,3,3,4,2,4,5,2,3,2,2,5,3,3,3,3,2,5,3,5,4,5,3,2,5,5
PY085,3,5,2,3,4,5,3,3,2,2,4,4,3,4,2,3,3,1,5,3,3,5,3,3,5,5,5,2,5,4,3,4,3,4,2,4
PY091,3,3,3,3,3,3,4,4,2,4,2,4,4,3,2,3,3,3,3,3,4,3,4,3,3,3,3,1,2,2,2,4,3,3,4,3
PY102,4,3,4,2,3,2,3,4,2,5,3,4,3,3,1,2,3,4,1,3,4,4,3,3,3,3,3,2,3,4,5,2,1,4,2,5
PY111,5,5,3,5,3,3,4,3,2,5,3,4,3,4,3,3,2,2,3,3,3,4,3,3,1,5,3,3,3,2,3,4,3,3,5,2
PY139,3,3,2,3,4,3,4,3,1,4,3,2,2,4,2,5,4,3,3,3,2,3,3,3,5,3,2,3,3,1,1,5,5,4,1,2
PY185,4,2,3,4,3,5,4,2,4,4,1,3,4,3,2,3,3,3,3,2,3,3,3,3,4,4,3,1,4,4,3,2,3,2,3,3
PY211,3,3,1,3,4,4,4,4,3,4,4,5,2,5,4,4,2,3,3,3,4,3,3,3,1,4,3,1,3,4,4,1,3,4,5,3
PY212,3,3,4,2,2,1,1,5,4,3,4,3,3,5,3,2,3,2,5,3,2,2,4,2,1,1,3,4,4,3,2,4,1,4,5,3
PY224,3,4,5,2,5,5,3,3,5,3,3,1,3,3,3,2,5,3,3,4,3,2,4,3,2,3,3,3,5,3,5,3,3,4,4,5
PY225,1,4,3,3,3,3,1,4,2,3,3,3,4,2,5,5,2,5,4,3,4,3,2,3,3,3,4,3,2,5,4,2,4,2,3,4
PY245,1,5,4,3,4,4,4,3,1,3,3,2,3,3,3,4,3,3,5,3,3,3,3,3,3,2,4,3,3,3,5,4,3,3,2,2
PY249,1,3,3,1,4,2,4,4,2,3,3,3,4,3,5,5,1,3,3,4,4,3,1,4,5,4,2,3,4,3,3,2,2,3,3,5
PY252,2,3,5,3,3,1,3,3,3,3,3,3,3,5,3,3,3,3,3,3,5,3,4,4,3,3,4,3,1,4,3,3,2,3,3,2
PY269,4,4,1,4,3,1,3,1,3,3,4,4,4,3,2,3,3,3,3,2,1,3,3,4,3,2,1,3,2,3,2,1,2,3,2,3
PY271,5,4,2,3,3,3,4,5,2,3,3,3,1,1,5,1,1,1,2,3,5,1,2,4,3,3,3,3,3,3,3,3,3,3,5,3
PY299,1,2,4,3,3,1,4,4,3,5,3,2,3,1,2,3,4,5,1,3,3,2,3,2,5,3,3,4,2,4,4,5,1,2,2,3
PY345,3,2,4,3,3,3,3,4,3,4,3,4,2,3,2,3,3,3,4,2,4,3,3,4,1,2,1,3,1,2,3,3,3,1,3,2
PY350,4,2,5,5,4,3,4,5,4,3,3,3,4,1,3,4,3,3,2,3,5,4,4,4,3,3,3,2,4,4,3,2,3,3,3,5
PY359,3,2,3,4,5,3,4,2,5,3,2,3,3,2,2,2,3,4,3,1,3,3,4,2,3,3,3,2,4,1,2,4,2,2,5,3
PY369,3,3,3,3,3,4,3,3,5,3,2,3,4,3,4,3,3,3,2,2,3,3,3,3,4,2,5,2,1,3,5,3,3,5,3,4
PY374,3,3,3,3,5,3,3,2,3,3,2,4,3,2,3,1,5,3,2,3,1,3,3,3,3,4,2,3,5,3,5,3,3,2,4,3
PY378,3,3,2,1,3,4,4,3,2,1,5,3,2,3,1,2,3,2,2,3,3,4,4,2,3,5,4,3,2,5,4,3,5,4,3,1
PY383,3,3,4,5,2,3,3,2,3,3,5,1,3,3,3,1,1,3,3,3,4,3,5,3,1,4,3,1,1,5,4,3,3,3,3,4
PY404,2,4,4,2,1,1,2,5,3,3,2,4,2,2,2,3,5,3,4,3,2,1,2,3,4,3,5,3,3,4,2,2,4,3,3,3
PY407,2,5,4,3,2,3,2,2,3,3,5,4,4,4,5,3,5,4,3,2,3,4,4,2,4,3,1,5,3,3,3,5,3,2,2,4
PY441,1,3,2,5,3,3,4,2,2,3,2,3,4,2,5,4,3,3,5,4,5,2,2,4,1,5,3,2,2,2,3,1,3,5,3,1
PY445,3,4,2,3,3,2,3,3,4,1,3,4,3,3,3,1,3,5,3,3,5,5,5,3,3,4,1,3,4,3,4,4,4,5,3,3
PY451,2,4,3,3,3,2,5,2,4,5,1,2,4,2,2,3,1,2,5,3,4,2,3,4,3,3,5,2,2,3,3,3,4,1,5,4
PY453,2,3,4,3,4,4,4,1,3,2,5,3,2,1,1,3,3,3,4,3,4,3,3,2,2,2,2,3,1,3,2,5,1,4,4,3
PY469,3,3,4,5,4,3,4,2,1,5,2,2,1,4,2,3,2,2,4,3,2,2,2,3,1,3,1,1,2,2,5,5,2,5,3,5
PY473,1,4,2,1,3,2,4,4,5,4,3,3,4,4,3,1,4,5,4,1,2,3,3,3,4,3,3,5,5,2,2,3,3,1,2,3
PY496,3,2,2,4,5,1,3,3,3,4,4,3,3,1,2,3,1,5,3,2,2,3,3,3,3,3,4,1,2,1,3,5,4,4,3,1
PY498,3,2,2,5,3,4,5,3,3,4,4,4,4,3,1,4,3,3,2,3,2,4,2,4,5,1,3,3,2,4,3,4,1,4,5,5
PY546,3,1,2,3,4,4,3,4,1,5,3,3,2,5,3,2,3,3,3,3,2,3,4,3,3,3,5,3,4,3,3,1,3,4,1,4
PY556,3,4,4,1,2,2,2,2,3,3,3,1,3,1,2,3,3,4,3,1,3,3,2,5,3,2,3,3,4,3,2,3,3,4,2,3
PY582,3,4,4,2,4,3,4,2,5,1,4,3,4,2,2,3,4,2,1,4,3,1,2,3,1,3,2,3,3,3,3,3,2,1,3,4
PY584,3,3,5,3,4,5,3,5,3,2,2,1,3,3,2,4,3,4,4,2,2,4,1,5,2,2,5,2,3,2,5,5,3,3,4,3
PY586,4,3,2,2,3,3,3,4,2,3,3,4,2,5,3,1,3,2,2,1,3,3,4,2,3,4,3,3,3,3,4,1,4,5,3,3
PY589,2,1,3,2,2,3,3,3,3,1,5,3,2,1,4,2,2,2,5,3,3,3,3,3,3,2,2,2,4,4,5,5,5,1,3,3
PY597,1,4,1,3,2,3,2,5,4,4,2,3,3,2,3,2,2,4,3,3,1,4,3,2,2,2,2,1,3,2,5,4,5,3,5,3
PY609,3,2,3,3,5,2,5,3,1,4,4,3,3,2,4,4,1,5,3,3,2,1,5,3,3,2,3,3,3,5,3,2,3,3,3,4
PY616,3,3,3,5,2,3,3,2,3,2,3,3,3,4,1,3,3,3,3,5,2,2,2,4,3,2,2,4,5,5,2,3,4,4,2,5
PY655,3,1,2,4,4,3,3,2,4,1,3,4,5,3,3,3,3,3,3,4,5,5,4,3,2,2,2,1,4,3,2,5,4,2,2,4
PY681,2,3,4,4,2,4,3,2,2,4,1,3,3,4,1,3,3,5,2,4,2,3,3,5,3,3,4,4,3,4,5,5,2,2,2,5
PY686,4,1,2,5,3,4,2,2,3,3,4,4,3,1,5,3,2,3,5,4,5,3,1,3,4,3,5,4,3,4,4,1,2,4,2,2
PY689,4,2,4,4,2,2,4,1,3,3,3,4,2,1,4,3,2,3,5,1,3,2,4,3,2,3,3,3,2,4,5,4,1,5,3,3
PY727,1,4,1,4,1,2,3,3,3,4,5,1,3,3,4,2,3,3,3,4,4,1,1,4,1,5,2,1,3,3,2,4,2,2,4,1
PY774,4,2,4,2,4,2,3,1,2,3,5,4,3,2,3,4,5,3,3,3,5,3,3,4,4,3,3,2,5,1,2,4,3,2,4,3
PY778,1,3,4,4,3,2,3,2,3,4,4,4,1,4,3,3,5,3,4,3,3,3,3,2,2,3,4,1,2,1,3,2,3,2,3,4
PY799,2,3,1,3,3,3,4,3,3,3,2,3,5,3,2,3,4,4,4,4,2,3,4,4,1,3,3,4,4,3,3,2,1,3,3,3
PY808,3,2,5,4,4,4,3,4,3,3,3,2,4,2,5,5,3,3,4,2,3,5,2,3,2,4,3,3,3,3,3,4,3,4,5,3
PY813,1,5,4,2,5,3,3,3,3,4,2,3,5,2,4,4,3,4,1,1,5,3,3,3,3,3,3,4,5,3,3,2,3,4,3,4
PY837,1,1,4,2,3,3,3,3,4,3,3,3,3,1,1,3,1,3,1,3,2,3,2,2,4,3,3,4,4,1,3,3,1,3,2,3
PY840,4,4,5,4,2,2,3,1,3,3,3,3,4,3,4,3,3,4,3,1,4,3,2,2,3,3,2,4,3,3,2,5,3,3,3,3
PY849,5,3,3,3,1,1,3,4,3,3,4,2,3,4,3,2,3,4,3,3,1,2,3,3,4,3,2,2,4,3,4,3,4,2,3,2
PY891,4,4,3,3,3,2,5,3,4,3,3,4,2,2,3,4,3,3,3,2,5,4,5,3,2,1,2,3,2,1,1,2,2,2,2,3
PY894,4,3,3,3,3,2,2,2,2,3,1,3,3,2,4,2,1,5,3,5,3,4,4,3,2,3,1,1,4,1,3,3,2,2,1,4
PY925,3,2,3,2,1,3,3,3,4,2,1,4,4,3,4,2,4,2,3,3,2,5,2,3,4,3,1,3,3,4,2,2,1,4,2,1
PY935,1,1,2,2,1,3,3,1,2,2,3,5,4,2,3,4,3,3,2,3,5,2,3,2,3,3,4,3,3,3,3,3,3,2,2,2
PY938,5,2,4,1,4,3,4,3,3,4,3,3,2,3,3,3,3,5,5,2,4,3,2,3,2,2,3,2,3,5,5,5,3,3,2,4
PY949,3,3,2,5,3,3,3,1,4,3,5,3,3,2,3,5,3,2,4,1,3,3,1,2,2,4,1,2,3,3,5,4,4,1,5,2
PY950,3,3,2,3,2,4,2,4,4,1,3,4,2,4,3,3,1,3,5,3,3,1,4,1,2,1,4,3,2,1,3,3,3,4,2,3
PY961,2,2,3,3,5,3,3,3,3,2,3,1,1,1,2,3,4,2,4,5,1,3,3,3,2,2,3,5,4,2,3,3,1,5,3,2
PY967,3,3,2,1,3,4,1,2,3,5,3,3,3,3,3,2,3,4,2,3,5,3,4,2,3,3,5,1,4,3,3,2,3,3,2,4
PY971,5,5,5,2,1,3,4,5,4,3,5,3,2,4,5,4,3,4,3,5,4,3,4,5,3,3,3,4,2,3,2,3,4,4,5,1
PY979,2,4,3,3,3,3,2,3,5,2,3,1,4,4,3,3,1,3,4,5,3,5,3,2,5,4,4,3,3,2,3,4,2,3,3,5
PY984,2,5,3,3,2,4,2,3,2,5,4,3,3,1,4,5,1,1,4,2,1,4,4,4,3,2,4,3,2,1,2,2,2,3,5,3
ST043,3,3,4,4,3,3,2,4,3,4,5,3,2,3,5,4,3,3,4,1,1,5,1,4,3,5,3,3,5,5,2,3,3,5,1,2
ST044,3,1,5,1,3,3,1,3,3,4,4,3,4,3,4,2,3,2,3,3,4,3,2,1,3,3,4,3,4,3,3,2,1,3,4,5
ST061,2,5,2,2,4,1,4,4,2,3,4,3,4,3,2,3,3,4,2,3,3,3,3,3,1,3,3,2,4,3,3,3,3,3,1,5
ST064,3,3,4,3,4,4,3,3,4,3,5,3,1,1,3,3,5,3,3,2,3,3,3,3,5,4,3,2,3,3,4,4,3,4,4,1
ST084,5,4,1,3,1,2,3,2,5,3,3,2,4,1,2,4,4,4,5,1,3,1,2,2,4,2,4,2,2,1,1,2,2,4,4,2
ST086,4,3,4,1,5,3,4,3,4,1,5,3,3,3,3,4,3,4,3,4,3,5,5,4,2,5,4,1,3,2,3,5,4,3,3,3
ST087,3,4,3,3,4,2,3,5,3,3,2,3,3,2,3,4,3,2,3,1,3,1,3,3,3,3,5,4,3,3,2,2,4,2,1,3
ST091,3,3,3,2,3,4,2,3,3,1,3,3,4,4,2,4,1,3,3,5,3,4,3,4,5,1,4,4,1,3,3,4,2,1,1,3
ST095,4,5,3,3,4,4,3,2,4,3,3,3,3,4,5,5,3,2,4,4,3,4,4,4,3,3,2,3,1,1,5,2,4,3,3,3
ST108,4,3,3,5,2,2,1,3,3,4,3,4,3,2,5,3,3,3,3,4,3,3,4,4,2,3,2,3,3,4,3,1,4,5,3,5
ST128,1,4,3,3,4,1,3,1,3,3,3,1,3,3,4,3,3,3,2,4,2,4,4,5,2,2,5,5,3,1,4,2,1,5,3,2
ST133,3,3,2,4,4,3,2,5,3,2,3,2,4,4,3,2,3,3,3,1,2,3,2,3,1,2,3,1,3,3,3,3,3,5,3,2
ST137,4,3,1,3,3,2,2,2,5,3,5,5,3,3,2,4,5,4,4,2,3,3,3,2,2,3,4,5,1,3,3,3,2,4,3,3
ST147,2,3,5,4,5,3,3,1,2,3,3,2,5,3,3,5,3,3,3,3,4,5,4,4,3,2,3,2,4,4,2,5,3,3,2,3
ST154,3,3,1,4,1,2,4,4,4,3,3,5,5,4,4,3,3,2,5,4,2,3,2,5,3,3,2,2,4,3,1,1,3,2,5,4
ST166,2,4,3,5,3,5,3,1,3,5,3,2,4,3,3,4,4,4,2,3,2,3,1,4,1,3,4,4,2,5,3,3,2,3,4,4
ST172,3,2,3,1,3,4,5,2,4,3,2,1,3,2,4,3,4,2,3,2,1,4,1,4,4,4,2,3,3,2,3,1,2,5,4,5
ST178,3,4,5,4,3,3,3,2,5,1,2,5,4,4,3,3,4,4,2,4,3,3,2,3,2,3,1,4,3,3,3,2,4,4,1,3
ST180,3,2,4,3,1,5,4,4,5,3,4,3,3,2,4,3,3,5,2,4,5,2,3,2,3,3,2,3,2,1,3,3,2,3,1,3
ST186,2,3,4,3,3,4,5,1,5,4,1,3,3,3,1,3,3,4,4,5,1,5,5,3,2,5,3,2,3,2,4,3,4,3,3,4
ST216,3,2,5,4,1,1,3,3,3,4,3,3,3,5,3,4,3,4,2,3,4,2,3,2,3,3,2,3,3,3,4,3,2,2,2,4
ST222,3,4,3,3,4,4,2,1,3,3,3,2,4,2,2,3,3,5,2,3,3,2,1,3,4,3,5,3,3,3,5,3,4,4,4,4
ST230,3,3,2,5,2,3,3,3,3,3,3,3,1,2,5,2,3,3,3,3,3,2,3,2,2,3,5,1,2,3,3,1,2,4,1,3
ST239,3,4,2,5,3,1,4,2,2,3,2,2,3,4,2,4,3,4,4,2,2,3,4,4,4,3,2,2,1,5,3,1,1,3,2,5
ST243,2,2,1,3,3,1,5,3,3,2,3,3,4,3,3,1,5,4,4,4,3,3,3,3,2,3,1,2,2,3,5,3,4,4,2,3
ST280,3,3,3,5,2,3,4,3,1,3,4,4,3,3,3,2,3,5,1,3,5,3,2,3,1,2,2,3,3,2,2,4,3,2,2,3
ST303,4,1,3,5,4,2,3,4,4,3,3,1,3,4,4,5,4,3,4,4,3,4,2,3,3,3,3,3,2,3,4,3,5,3,2,2
ST323,3,3,4,4,3,3,5,4,4,1,3,3,2,1,2,5,3,4,3,5,1,4,3,3,2,4,3,3,1,5,3,4,5,4,3,3
ST325,2,3,3,1,3,4,3,4,3,4,1,2,3,3,5,3,3,5,3,3,2,1,5,3,3,4,1,2,4,3,5,2,2,4,1,4
ST331,3,3,1,2,3,4,5,4,3,3,5,2,2,4,3,4,3,1,4,3,3,4,5,1,3,3,3,5,5,4,4,3,3,2,3,3
ST365,2,1,4,3,5,1,4,2,1,3,3,3,3,2,2,4,3,2,4,3,3,4,1,3,3,3,3,5,4,5,3,2,3,2,3,2
ST420,5,2,3,5,2,3,2,3,3,3,3,3,4,2,2,3,5,5,3,3,2,3,4,4,3,2,1,3,3,2,1,3,3,3,3,4
ST451,3,1,2,3,2,2,3,5,3,3,3,3,3,1,4,4,5,4,2,3,4,2,3,1,2,3,3,1,4,3,2,3,3,4,5,5
ST468,4,5,3,2,4,3,5,3,4,4,3,5,3,3,2,1,4,2,1,5,1,5,3,3,3,3,3,5,2,3,4,3,1,4,4,1
ST491,1,2,3,3,2,1,3,3,4,3,3,5,2,4,1,5,3,3,2,3,2,3,2,4,3,4,3,4,2,5,3,2,4,2,5,1
ST534,2,2,4,3,4,3,3,4,2,3,2,3,4,4,3,4,3,3,1,3,4,3,3,4,4,2,3,1,4,2,1,3,3,3,2,5
ST542,2,2,5,3,2,4,3,3,2,3,4,5,4,1,1,3,3,3,4,1,4,3,2,3,4,2,2,3,4,4,4,2,5,1,3,3
ST544,1,1,3,1,3,2,3,3,4,3,2,1,2,4,5,4,5,3,3,3,4,2,3,4,5,1,2,4,5,2,5,2,3,2,1,3
ST559,3,3,3,2,4,1,5,4,5,2,2,4,3,1,2,2,5,3,3,3,3,3,3,3,2,5,3,3,4,5,4,3,2,2,1,2
ST562,5,3,2,2,4,4,4,3,3,2,2,5,5,3,3,4,3,4,2,1,3,3,4,4,4,5,4,5,3,3,2,1,4,3,4,5
ST576,1,3,2,2,5,1,2,1,4,4,3,3,1,3,5,3,4,5,3,1,3,2,4,3,4,5,2,3,2,2,3,5,3,4,3,3
ST608,4,3,5,1,2,3,2,2,4,4,1,2,3,2,5,3,3,3,3,5,5,2,3,2,5,1,3,3,1,2,4,3,2,3,1,3
ST609,3,2,3,4,4,2,4,5,3,5,5,2,4,1,1,5,3,5,4,2,3,4,3,2,3,3,2,2,4,2,2,3,1,3,4,3
ST614,3,5,4,1,3,1,4,3,3,4,3,2,3,3,3,3,1,1,4,1,3,2,3,4,2,2,5,3,2,2,4,2,3,5,5,5
ST632,3,2,4,3,1,4,4,2,2,4,5,3,2,3,2,3,1,5,4,3,5,5,3,3,4,4,2,1,4,2,3,3,5,5,3,1
ST640,5,3,3,3,4,3,3,1,1,2,3,5,3,3,1,3,3,1,3,4,2,4,3,4,4,4,3,4,2,4,2,4,3,1,4,4
ST653,4,2,4,4,3,4,3,3,4,4,4,2,3,3,2,4,2,1,4,2,3,3,2,1,3,3,4,3,3,3,4,3,3,5,5,3
ST660,3,4,5,4,1,3,3,4,4,2,1,3,5,3,3,3,3,3,3,2,4,1,2,3,5,4,1,3,3,2,4,2,3,3,2,2
ST708,2,5,4,3,3,2,1,4,3,4,3,3,3,2,4,3,3,2,2,3,3,4,2,4,3,4,3,4,3,3,3,3,1,2,3,4
ST717,1,2,2,1,3,3,5,3,3,5,2,2,1,5,2,5,3,5,4,3,2,3,4,3,4,3,2,2,2,1,5,3,4,3,4,5
ST724,2,2,3,3,4,4,5,3,3,3,4,3,3,5,4,3,2,2,2,2,3,3,2,3,5,5,1,2,2,3,3,2,1,5,5,2
ST735,1,3,3,3,3,4,3,4,4,4,1,3,4,3,1,2,1,3,4,4,4,1,3,5,4,5,5,2,5,3,3,5,4,3,2,5
ST746,4,4,2,4,3,3,2,4,3,4,2,5,3,3,5,4,3,3,2,3,3,3,2,4,4,3,4,4,3,2,2,4,3,4,2,3
ST759,4,2,2,3,2,2,1,3,5,5,2,3,3,3,2,4,3,3,3,4,1,4,3,3,3,3,2,5,2,3,1,5,4,3,3,5
ST784,3,2,3,2,2,4,1,3,1,3,3,4,3,1,3,3,4,4,3,4,5,3,4,3,5,3,2,3,3,2,1,2,3,3,5,4
ST794,5,4,5,4,5,3,5,3,3,3,3,2,3,3,3,3,4,3,2,3,4,3,3,4,3,3,5,4,2,3,1,3,3,3,3,4
ST815,4,1,3,3,5,3,3,3,3,2,4,5,3,2,3,4,1,2,3,2,4,3,3,2,2,3,1,3,3,1,3,4,4,2,2,3
ST819,3,3,4,1,2,3,5,1,3,2,2,2,3,3,2,3,3,3,5,1,3,3,2,3,5,2,5,1,3,2,3,4,4,2,1,4
ST843,2,3,3,3,3,4,3,4,2,5,3,2,2,2,5,3,1,3,1,2,4,4,3,5,3,5,5,5,2,3,3,3,5,4,2,2
ST846,4,3,3,3,5,3,4,2,2,5,3,2,5,3,2,3,5,1,4,3,2,2,5,2,3,4,1,3,4,4,2,3,2,4,3,2
ST872,4,2,4,3,4,3,3,4,1,5,2,3,2,3,4,4,2,1,2,5,5,4,2,2,4,3,3,3,3,3,5,2,3,3,3,5
ST887,3,4,4,2,4,3,3,4,3,2,3,2,3,5,4,5,2,4,3,5,4,2,4,3,5,5,1,4,4,3,4,3,4,3,3,3
ST897,4,3,1,2,2,4,1,3,3,2,3,5,2,4,3,3,5,1,3,3,4,4,3,2,4,3,3,5,3,5,3,5,2,4,3,3
ST908,4,5,3,2,3,3,4,1,3,3,4,3,2,2,5,3,1,2,2,3,1,5,2,3,3,2,2,4,2,1,2,4,1,2,3,4
ST909,5,1,5,4,3,4,1,3,3,3,3,3,4,3,4,2,4,3,1,3,3,3,2,1,1,2,2,2,1,2,3,2,3,5,2,3
ST937,3,2,3,5,5,3,3,2,5,4,1,4,2,3,4,1,5,4,2,4,3,2,3,3,3,1,4,3,1,3,4,3,2,3,2,2
ST962,3,1,3,3,3,2,3,2,3,3,4,3,2,3,1,4,2,3,1,4,2,3,4,1,5,3,4,5,2,4,5,5,3,1,3,2
ST968,3,3,2,3,4,3,2,5,4,3,5,1,4,3,3,3,3,3,4,2,2,1,3,3,3,2,2,2,4,4,3,4,4,5,1,2
ST975,3,3,2,3,3,4,4,5,3,4,3,3,5,2,3,2,3,3,4,4,3,5,4,1,1,4,3,3,5,2,2,5,2,4,3,3
ST986,4,5,3,2,5,1,3,2,4,1,4,3,3,3,3,4,3,3,4,2,4,5,5,4,1,3,1,3,2,1,3,2,4,3,3,3
