courseId,Room1,Room2,Room3,Room4,Room5,Room6,Room7,Room8,Room9,Room10,Room11,Room12,Room13,Room14,Room15,Room16,Room17,Room18,Room19,Room20,Room21,Room22,Room23,Room24,Room25,Room26,Room27,Room28,Room29
BI066,0,0,0,0,0,0,0,0,0,0,0,0,3,4,5,5,3,5,5,3,5,5,4,4,3,3,4,2,5
BI078,0,0,0,0,0,0,0,0,0,0,0,0,4,0,0,3,3,3,4,2,3,5,3,3,5,3,3,3,3
BI130,0,0,0,0,0,0,0,0,0,0,0,0,0,0,0,0,0,0,0,0,0,0,0,3,4,3,1,2,3
BI131,0,0,0,0,0,0,0,0,0,0,0,0,1,2,3,3,3,1,4,2,1,3,3,3,3,4,3,3,5
BI165,5,3,1,5,2,5,3,4,3,4,2,5,4,3,3,3,3,2,4,3,1,2,4,3,3,2,3,4,2
BI184,5,0,4,0,0,3,0,0,0,0,4,0,4,0,0,0,3,0,2,4,3,2,1,2,4,2,1,2,4
BI190,0,0,0,0,0,0,0,0,0,0,0,0,0,0,0,0,3,2,1,1,4,3,1,5,4,3,4,2,3
BI191,4,2,2,5,3,3,2,4,3,3,3,3,2,2,2,4,4,2,4,3,3,3,3,4,3,3,2,1,3
BI210,0,0,0,0,0,0,0,0,0,0,0,0,3,3,4,3,3,0,5,5,3,5,3,5,3,3,3,4,1
BI241,0,0,0,0,0,0,0,0,0,0,0,0,0,0,0,0,0,0,0,4,3,3,2,2,4,3,3,3,4
BI254,0,0,0,0,0,0,0,0,0,0,0,0,0,0,0,0,3,0,3,3,5,2,3,2,3,1,5,5,3
BI258,0,0,0,0,0,0,0,0,0,0,0,0,0,0,0,0,3,3,3,3,3,3,3,3,2,3,3,4,1
BI263,1,0,2,0,2,2,0,1,0,1,0,0,3,0,2,3,3,2,4,4,4,3,5,3,4,4,3,1,1
BI269,2,3,4,0,0,1,0,0,3,0,3,2,4,4,0,3,3,0,4,5,2,4,3,1,4,3,3,1,3
BI272,0,0,0,0,0,0,0,0,0,0,0,0,0,0,0,0,0,0,0,0,3,2,3,4,4,4,2,2,3
BI288,2,0,4,0,2,3,5,2,3,3,3,0,3,5,3,0,1,4,3,5,3,4,2,3,3,3,5,4,5
BI297,5,1,4,3,1,4,2,2,4,2,2,4,5,1,4,2,3,3,4,5,2,3,5,3,3,1,1,3,2
BI311,4,0,5,0,0,3,1,4,4,3,4,0,3,3,2,0,3,2,1,5,3,2,3,3,4,4,4,4,2
BI312,4,0,4,0,3,3,0,5,5,5,0,0,3,4,5,2,4,3,2,3,3,4,3,1,2,3,3,4,3
BI328,3,3,4,3,0,4,0,3,4,0,3,2,3,3,0,2,2,1,2,1,3,5,3,3,4,2,1,3,5
BI336,0,0,0,0,0,0,0,0,0,0,0,0,3,1,2,4,4,3,4,4,3,2,3,1,3,2,4,2,2
BI341,0,0,0,0,0,0,0,0,0,0,0,0,0,0,0,0,0,0,0,0,0,0,0,0,0,0,0,0,2
BI352,0,0,0,0,0,0,0,0,0,0,0,0,0,0,0,0,0,0,0,0,0,0,0,5,3,2,1,2,4
BI358,0,0,0,0,0,0,0,0,0,0,0,0,0,0,0,0,4,3,4,1,3,3,3,1,4,3,4,1,4
BI360,3,3,5,3,1,4,3,5,0,2,3,2,4,0,5,3,3,3,2,4,4,1,2,2,2,2,3,3,1
BI378,5,0,5,0,5,4,0,1,5,3,0,0,5,3,4,3,2,2,4,3,5,3,2,3,3,2,2,5,3
BI379,4,4,2,4,2,2,5,1,3,4,4,3,2,4,2,2,1,4,2,2,3,2,1,4,3,4,5,3,4
BI449,2,3,5,3,5,4,3,4,4,3,5,3,3,2,1,5,4,2,2,3,4,3,1,5,4,2,2,1,2
BI453,0,0,0,0,0,0,0,0,0,0,0,0,0,0,0,0,0,0,0,0,0,0,0,0,0,0,4,3,5
BI465,0,0,0,0,0,0,0,0,0,0,0,0,4,5,4,5,3,0,5,2,1,3,3,2,3,2,2,3,2
BI488,0,0,0,0,0,0,0,0,0,0,0,0,3,0,2,1,1,3,3,1,3,1,1,4,4,4,3,2,4
BI492,1,3,4,0,2,2,0,0,3,4,4,4,2,5,3,3,3,0,3,3,3,5,4,1,4,3,3,3,4
BI511,2,5,2,3,2,3,2,2,3,4,3,1,4,3,3,1,4,3,4,3,4,2,2,3,1,1,4,3,2
BI534,0,0,0,0,0,0,0,0,0,0,0,0,0,0,0,0,0,0,0,0,0,0,0,0,4,3,5,3,2
BI542,1,2,4,3,0,4,0,1,0,0,1,3,4,0,0,3,1,5,3,2,4,3,2,4,4,5,1,2,3
BI564,1,0,5,0,3,3,1,5,3,3,5,0,2,4,3,0,3,1,3,2,4,3,1,1,1,3,2,2,5
BI573,4,0,3,0,1,4,3,1,3,2,3,0,2,3,3,0,1,5,5,1,1,3,1,4,4,4,1,4,3
BI588,4,5,3,2,3,3,3,3,0,1,3,2,3,0,2,4,1,2,3,4,2,2,4,4,4,3,4,3,1
BI589,4,5,2,4,3,1,2,1,2,3,3,4,4,3,5,4,2,4,5,5,2,2,3,3,4,2,3,4,2
BI609,3,0,3,0,0,1,0,2,4,0,3,0,3,3,0,0,3,4,3,1,2,2,2,5,5,2,3,3,4
BI627,3,0,3,0,0,3,3,0,3,2,2,0,4,3,2,0,1,0,3,2,5,3,5,4,1,2,5,3,4
BI639,3,4,2,1,0,2,0,0,3,0,3,1,1,2,0,3,3,0,4,2,5,5,4,3,3,2,4,1,3
BI657,2,3,3,0,4,3,0,0,0,4,2,3,3,0,1,5,3,0,2,5,3,3,2,3,5,3,4,2,4
BI668,4,3,3,2,3,4,1,4,2,4,3,1,4,5,2,3,3,3,3,3,3,3,3,3,3,3,2,4,3
BI711,3,0,4,0,4,2,0,3,4,4,0,0,4,2,4,3,1,4,2,1,3,4,3,5,3,4,3,3,5
BI718,4,4,4,1,3,5,4,3,4,3,4,3,1,3,3,4,5,2,4,5,4,4,3,2,5,3,5,3,3
BI734,1,3,3,0,3,3,0,3,2,3,2,3,3,3,3,3,3,0,3,3,5,5,3,4,5,3,4,3,4
BI738,0,0,0,0,0,0,0,0,0,0,0,0,3,2,0,4,4,0,2,4,3,4,4,3,4,4,2,2,3
BI749,0,0,0,0,0,0,0,0,0,0,0,0,0,0,0,0,3,0,4,4,3,1,5,3,1,4,2,3,4
BI757,0,0,0,0,0,0,0,0,0,0,0,0,0,0,0,0,3,3,1,4,4,3,4,2,3,3,3,2,3
BI761,0,0,0,0,0,0,0,0,0,0,0,0,0,0,0,0,4,4,3,3,1,3,1,2,1,3,4,4,4
BI765,3,0,2,0,3,4,3,3,2,2,2,0,3,3,3,0,2,3,5,3,4,3,3,4,3,3,4,1,3
BI772,1,2,2,3,1,3,3,1,0,3,3,3,3,0,5,3,4,2,1,2,4,1,2,2,2,1,4,3,1
BI782,0,0,0,0,0,0,0,0,0,0,0,0,3,3,4,3,1,3,3,4,3,3,5,3,4,2,1,5,3
BI785,3,0,1,0,0,3,0,4,3,3,0,0,3,1,3,3,1,0,4,3,3,3,3,2,2,4,3,1,3
BI800,4,3,3,3,3,3,2,4,3,2,4,3,3,3,3,1,5,3,3,3,3,1,1,4,3,3,4,3,3
BI809,3,1,1,3,4,5,3,4,3,3,5,5,4,2,3,3,3,2,4,2,2,4,5,4,3,3,3,3,3
BI820,2,2,2,2,2,3,4,0,3,3,3,2,2,3,4,4,2,0,4,3,2,2,3,4,3,3,5,4,3
BI857,3,0,1,0,3,2,3,2,5,3,4,0,5,5,3,0,4,3,2,2,2,2,4,3,3,3,2,3,2
BI864,0,0,0,0,0,0,0,0,0,0,0,0,3,3,3,1,5,2,3,3,5,3,3,4,3,2,3,5,4
BI867,0,0,0,0,0,0,0,0,0,0,0,0,0,0,0,0,0,0,0,0,0,2,3,2,3,3,3,3,2
BI888,0,0,0,0,0,0,0,0,0,0,0,0,0,0,0,0,0,0,0,3,4,1,1,3,3,2,3,4,5
BI935,0,0,0,0,0,0,0,0,0,0,0,0,0,0,0,0,0,0,4,3,3,3,5,3,3,4,5,3,3
BI980,0,0,0,0,0,0,0,0,0,0,0,0,3,0,4,3,3,0,2,2,3,4,1,2,1,3,4,4,1
BI983,0,0,0,0,0,0,0,0,0,0,0,0,3,0,3,0,2,2,5,3,3,2,3,4,3,2,3,3,2
BI984,0,0,0,0,0,0,0,0,0,0,0,0,0,0,0,0,3,2,4,3,3,3,3,2,2,1,1,3,1
BI989,0,0,0,0,0,0,0,0,0,0,0,0,5,3,4,4,2,0,5,5,2,3,3,4,1,2,3,5,3
BI991,3,2,4,3,3,2,2,2,4,4,2,4,3,2,4,3,2,2,3,5,5,2,3,2,3,3,5,2,3
BI996,0,0,0,0,0,0,0,0,0,0,0,0,3,3,3,0,3,0,4,4,3,2,5,1,4,3,4,2,4
CA024,4,0,3,0,2,3,2,1,1,3,2,0,4,4,3,0,4,2,3,3,4,4,3,3,3,1,4,3,4
CA034,0,0,0,0,0,0,0,0,0,0,0,0,5,0,2,5,1,3,1,2,3,3,3,2,4,3,3,3,5
CA071,2,0,3,0,0,5,0,1,2,3,0,0,2,5,2,3,4,2,2,4,3,3,1,3,1,3,4,3,3
CA096,5,0,1,0,2,4,0,4,1,1,3,0,3,5,2,0,5,0,4,3,5,3,3,2,1,3,2,3,3
CA111,3,3,2,2,5,3,3,2,4,5,1,3,4,3,3,2,2,1,3,1,3,3,1,3,4,1,5,3,3
CA183,4,0,3,0,2,3,0,0,4,4,0,0,5,1,1,0,3,0,3,3,4,3,2,1,3,3,5,2,2
CA184,2,1,2,0,4,4,0,2,3,4,4,4,3,2,3,2,3,0,3,3,5,3,2,3,2,2,2,4,1
CA203,2,0,1,0,5,1,0,2,3,3,0,0,2,3,3,3,3,3,1,3,3,3,2,2,4,2,3,3,5
CA229,0,0,0,0,0,0,0,0,0,0,0,0,1,2,3,3,3,2,4,2,4,4,3,3,3,5,3,2,4
CA235,3,0,3,0,0,3,0,1,3,3,0,0,1,3,1,3,3,4,3,3,1,3,3,5,3,4,3,1,4
CA238,2,0,5,0,0,1,4,0,3,3,3,0,5,1,4,0,2,0,1,2,5,2,5,2,3,5,5,2,2
CA247,2,1,4,0,3,5,0,0,3,3,2,4,1,3,1,3,2,0,3,2,3,2,4,5,2,3,4,1,4
CA255,0,0,0,0,0,0,0,0,0,0,0,0,1,4,3,4,1,0,4,3,4,5,3,3,3,3,3,5,5
CA256,3,0,4,0,0,3,0,0,3,0,0,0,5,3,0,5,3,0,1,3,3,3,3,3,2,2,3,3,3
CA309,1,0,3,0,0,4,0,1,0,4,0,0,3,0,3,4,2,1,5,3,3,1,5,3,4,3,4,4,5
CA320,2,2,4,3,0,2,0,3,4,0,5,0,3,4,0,5,3,4,2,3,5,1,4,3,3,5,3,3,3
CA333,5,2,3,3,0,3,3,2,3,3,1,0,3,3,2,4,4,4,4,3,2,2,3,5,1,3,5,5,3
CA338,2,0,2,0,0,3,0,3,3,0,0,0,2,3,0,2,2,0,2,1,4,4,4,4,3,3,4,2,3
CA364,4,0,1,0,2,2,4,1,3,3,3,0,2,1,5,0,2,2,3,3,2,3,1,3,3,2,3,3,1
CA374,4,2,2,5,0,4,3,5,4,3,1,0,3,5,3,2,3,3,5,2,1,4,1,1,1,5,2,1,3
CA383,0,0,0,0,0,0,0,0,0,0,0,0,2,0,0,4,3,0,4,5,2,2,4,1,5,1,2,5,1
CA390,2,3,3,2,0,2,0,3,2,0,4,3,3,3,0,4,4,5,4,3,3,3,2,2,4,2,3,5,4
CA397,1,3,3,5,3,3,4,5,2,3,3,3,2,1,4,4,1,3,4,2,2,2,3,4,4,3,4,3,2
CA398,1,0,3,0,3,3,5,3,0,3,1,0,1,0,3,0,3,2,3,3,3,1,4,5,3,3,2,4,5
CA415,3,0,3,0,3,3,4,3,0,3,3,0,1,0,5,0,2,1,2,3,2,2,3,2,4,3,2,2,1
CA416,4,0,4,0,3,5,0,3,4,4,0,0,2,3,1,3,3,0,2,4,1,3,5,2,4,1,5,2,1
CA417,3,3,3,3,0,3,3,1,5,4,3,0,4,2,4,2,4,2,3,4,1,4,3,5,2,5,5,1,4
CA436,0,0,0,0,0,0,0,0,0,0,0,0,1,2,0,4,5,5,2,3,2,1,3,4,3,4,4,1,3
CA462,0,0,0,0,0,0,0,0,0,0,0,0,0,0,0,0,0,0,0,0,0,0,0,0,0,0,0,3,2
CA471,0,0,0,0,0,0,0,0,0,0,0,0,0,0,0,0,0,0,5,3,4,4,2,4,3,4,3,4,2
CA472,0,0,0,0,0,0,0,0,0,0,0,0,0,0,0,0,0,0,0,0,0,0,3,3,4,3,3,2,3
CA474,3,2,1,3,3,4,2,2,3,1,3,3,3,4,3,2,3,2,4,3,4,3,4,2,2,3,5,3,3
CA475,0,0,0,0,0,0,0,0,0,0,0,0,0,0,0,0,0,0,0,0,0,5,3,2,3,3,3,3,4
CA482,2,1,1,3,0,3,1,3,1,5,3,0,5,4,1,3,1,4,5,3,2,5,3,3,3,4,3,2,4
CA492,0,0,0,0,0,0,0,0,0,0,0,0,4,5,3,3,3,3,2,3,2,5,3,5,3,4,3,3,3
CA507,0,0,0,0,0,0,0,0,0,0,0,0,5,3,3,4,5,0,4,3,4,3,1,2,4,3,5,3,3
CA517,0,0,0,0,0,0,0,0,0,0,0,0,0,0,0,0,0,0,5,3,3,1,3,2,4,2,2,3,5
CA521,2,0,3,0,3,4,3,3,1,3,4,0,1,1,1,0,3,3,3,5,2,4,5,3,5,3,3,5,3
CA533,2,0,3,0,3,5,0,3,3,4,0,0,2,5,3,0,4,3,4,5,4,3,3,1,4,3,2,4,5
CA553,4,0,3,0,1,2,1,3,2,1,2,0,3,2,3,0,4,3,3,2,1,3,4,3,5,2,1,1,4
CA569,4,0,3,0,3,1,0,3,4,3,3,0,5,4,3,0,4,0,3,1,2,3,1,3,3,1,1,3,3
CA573,0,0,0,0,0,0,0,0,0,0,0,0,0,0,0,0,5,0,3,2,3,3,4,2,3,2,1,4,3
CA574,0,0,0,0,0,0,0,0,0,0,0,0,3,3,3,5,5,0,4,3,3,3,4,1,2,3,3,4,3
CA595,4,3,3,0,3,3,0,4,3,3,3,3,4,5,4,3,1,0,3,4,2,5,3,3,3,4,2,3,3
CA604,2,4,3,2,3,3,3,2,4,3,4,3,3,4,3,4,2,3,3,4,5,3,4,4,3,3,2,3,3
CA630,0,0,0,0,0,0,0,0,0,0,0,0,2,0,3,1,3,1,5,1,3,3,3,3,4,3,3,4,1
CA641,0,0,0,0,0,0,0,0,0,0,0,0,0,0,0,0,3,0,1,4,3,2,3,1,2,5,3,5,4
CA658,3,5,4,0,4,1,0,2,2,1,2,5,3,3,2,5,3,0,3,3,3,3,3,2,3,3,2,3,5
CA708,0,0,0,0,0,0,0,0,0,0,0,0,5,2,3,2,3,3,1,4,2,1,2,1,3,5,1,2,3
CA713,3,3,2,3,0,1,0,4,4,0,4,5,3,1,0,5,3,2,3,4,3,3,5,4,3,3,3,2,3
CA724,5,0,5,0,3,1,3,1,2,3,4,0,4,2,3,0,4,3,4,3,4,3,4,5,2,3,3,1,2
CA730,5,0,2,0,4,3,1,2,3,3,5,0,2,3,3,0,4,2,5,3,3,5,4,4,2,3,3,3,3
CA786,2,0,5,0,3,2,0,3,3,1,0,0,3,3,3,3,4,3,4,3,2,4,3,4,2,2,3,3,4
CA790,0,0,0,0,0,0,0,0,0,0,0,0,0,0,0,0,0,0,4,4,4,5,1,1,3,2,4,3,2
CA795,1,5,2,3,0,3,0,3,4,0,4,5,5,3,0,3,1,2,4,2,3,2,2,4,2,4,2,2,5
CA796,4,0,3,0,3,1,2,2,3,3,2,0,2,2,3,0,2,5,4,5,3,2,2,3,5,2,1,4,4
CA808,0,0,0,0,0,0,0,0,0,0,0,0,3,4,3,3,1,0,2,3,3,4,3,1,2,2,3,3,4
CA812,0,0,0,0,0,0,0,0,0,0,0,0,4,3,0,5,3,0,2,4,1,2,3,2,3,4,3,3,2
CA837,4,0,3,0,0,2,0,2,5,0,4,0,4,3,0,0,1,0,3,4,3,1,4,4,5,1,4,2,3
CA843,2,0,2,0,3,3,0,4,0,2,0,0,4,0,2,4,1,4,1,3,3,5,2,5,3,3,4,3,4
CA894,0,0,0,0,0,0,0,0,0,0,0,0,0,0,0,0,4,3,2,3,2,3,3,4,3,3,3,4,4
CA895,0,0,0,0,0,0,0,0,0,0,0,0,0,0,0,0,0,0,3,1,5,3,4,5,5,4,3,5,2
CA896,0,0,0,0,0,0,0,0,0,0,0,0,0,0,0,0,4,3,4,5,3,3,3,2,2,3,5,3,2
CA900,0,0,0,0,0,0,0,0,0,0,0,0,0,0,0,0,3,3,2,4,3,4,2,4,4,2,1,5,4
CA913,0,0,0,0,0,0,0,0,0,0,0,0,0,0,0,0,0,0,0,4,2,2,3,3,3,3,1,3,4
CA930,2,3,3,4,0,4,0,3,3,0,4,3,3,5,0,3,3,3,2,3,3,2,2,1,1,3,2,3,3
CA931,0,0,0,0,0,0,0,0,0,0,0,0,2,3,4,3,4,5,5,3,2,4,2,2,5,4,3,4,3
CA941,0,0,0,0,0,0,0,0,0,0,0,0,3,0,3,4,1,3,3,3,1,2,5,3,3,3,3,3,1
CA973,0,0,0,0,0,0,0,0,0,0,0,0,4,5,0,2,2,2,2,3,2,3,3,4,3,3,3,3,3
CA986,0,0,0,0,0,0,0,0,0,0,0,0,0,0,0,0,5,2,5,5,4,3,2,4,1,2,3,2,4
CH009,0,0,0,0,0,0,0,0,0,0,0,0,0,0,0,0,0,0,3,3,4,3,3,3,2,1,3,2,4
CH065,3,5,2,2,4,1,3,2,2,1,4,3,3,4,5,2,2,3,4,4,4,2,2,3,3,3,1,3,3
CH088,3,2,4,0,2,5,0,5,1,3,1,4,2,5,3,3,3,0,4,2,4,4,3,2,4,4,3,3,3
CH091,4,4,3,3,1,3,5,4,0,3,3,3,4,0,4,1,5,2,3,4,5,4,2,3,3,1,2,5,1
CH093,0,0,0,0,0,0,0,0,0,0,0,0,3,4,0,2,2,0,1,3,5,4,4,3,1,4,3,1,1
CH101,0,0,0,0,0,0,0,0,0,0,0,0,3,0,4,2,3,1,5,4,2,3,3,2,3,3,3,3,3
CH116,2,0,1,0,4,5,0,3,4,3,0,0,4,3,3,3,2,3,3,3,5,1,3,1,1,1,4,3,3
CH120,2,0,3,0,5,4,0,0,3,3,4,0,3,2,4,0,3,0,3,2,5,3,3,4,4,4,3,4,3
CH132,0,0,0,0,0,0,0,0,0,0,0,0,1,2,2,3,4,0,3,4,5,3,2,4,3,4,3,3,2
CH133,0,0,0,0,0,0,0,0,0,0,0,0,1,2,0,2,4,2,5,4,4,2,4,5,3,2,2,3,2
CH142,5,4,3,2,2,3,4,1,3,3,5,3,2,4,2,3,5,2,3,3,5,5,3,4,3,3,1,1,4
CH151,5,3,2,3,3,3,2,2,3,4,4,1,4,2,4,3,1,2,5,2,2,3,3,4,3,3,3,3,4
CH152,3,0,3,0,3,3,0,3,4,2,0,0,2,3,3,4,2,1,4,4,5,5,4,4,3,3,5,5,3
CH175,3,0,3,0,3,4,2,3,2,2,3,0,3,3,2,0,2,5,4,3,5,3,3,2,3,5,3,3,3
CH182,4,0,3,0,0,3,0,2,5,0,3,0,2,3,0,0,4,5,3,4,2,3,2,2,5,2,3,1,3
CH189,0,0,0,0,0,0,0,0,0,0,0,0,0,0,0,0,3,3,4,4,3,3,4,2,2,3,2,3,5
CH190,0,0,0,0,0,0,0,0,0,0,0,0,3,2,0,4,4,4,1,3,3,1,1,4,4,3,4,4,3
CH191,2,3,3,4,0,4,3,2,2,4,4,0,2,3,3,3,3,3,4,4,3,5,5,2,1,3,3,3,4
CH199,0,0,0,0,0,0,0,0,0,0,0,0,4,4,4,3,4,0,5,3,3,5,3,3,1,3,3,3,3
CH221,0,0,0,0,0,0,0,0,0,0,0,0,2,0,4,3,3,4,4,1,3,2,3,4,2,3,2,4,4
CH235,2,3,3,0,0,3,0,3,3,3,1,0,1,4,3,2,3,0,1,1,1,4,3,2,3,3,4,2,2
CH240,3,0,3,0,0,3,0,2,3,3,0,0,3,2,2,3,3,4,3,3,3,3,1,3,2,1,1,2,4
CH270,1,0,3,0,1,3,3,5,2,3,1,0,2,5,3,0,4,4,4,3,4,3,2,3,3,2,3,3,2
CH313,4,4,4,2,5,1,4,3,1,2,1,4,3,1,5,3,5,4,4,4,2,2,2,2,3,2,5,5,3
CH365,3,0,2,0,0,3,3,0,3,3,3,0,2,3,4,0,2,0,1,4,1,3,1,4,4,3,4,5,3
CH411,3,3,1,3,3,1,1,5,3,3,2,5,4,1,5,1,2,3,2,2,1,2,3,3,2,2,3,2,2
CH416,0,0,0,0,0,0,0,0,0,0,0,0,0,0,0,0,0,0,1,3,3,1,3,2,1,3,1,4,1
CH433,0,0,0,0,0,0,0,0,0,0,0,0,4,3,4,3,2,3,5,2,4,4,3,3,3,4,4,3,3
CH444,3,3,1,3,3,3,3,3,5,4,3,4,2,3,1,4,3,4,2,5,2,3,3,4,3,2,4,3,4
CH461,0,0,0,0,0,0,0,0,0,0,0,0,0,0,0,0,0,0,1,4,3,3,3,4,3,3,1,3,3
CH462,0,0,0,0,0,0,0,0,0,0,0,0,3,3,3,0,3,0,4,3,3,4,4,3,3,4,4,4,5
CH475,0,0,0,0,0,0,0,0,0,0,0,0,1,3,5,2,3,0,1,1,3,4,2,2,5,2,1,2,3
CH515,0,0,0,0,0,0,0,0,0,0,0,0,0,0,0,0,3,2,3,3,3,3,2,3,2,3,3,4,2
CH572,0,0,0,0,0,0,0,0,0,0,0,0,2,4,4,0,3,3,3,2,2,5,3,3,1,3,4,5,3
CH590,0,0,0,0,0,0,0,0,0,0,0,0,4,1,2,4,3,3,3,5,3,3,2,3,3,4,4,4,5
CH594,2,3,3,2,4,5,5,0,0,3,2,3,3,0,3,3,3,0,2,2,3,2,1,3,3,2,3,3,4
CH598,4,1,2,2,4,2,5,1,3,5,3,1,2,2,1,2,5,5,3,4,2,2,3,5,1,2,3,2,3
CH606,2,4,1,0,2,2,0,3,3,2,2,5,3,3,1,3,4,0,1,2,2,3,3,3,4,4,4,4,4
CH635,1,5,3,3,4,3,4,4,1,4,5,3,4,2,4,3,2,4,2,2,2,4,5,4,3,5,3,4,2
CH637,4,4,2,2,3,2,4,3,3,2,5,4,3,4,3,3,1,2,4,5,4,5,3,3,2,3,3,1,5
CH638,4,0,1,0,0,2,0,4,0,3,0,0,4,0,3,3,5,3,2,3,3,3,1,3,4,1,3,3,2
CH639,3,2,4,0,3,3,0,4,3,2,3,4,2,3,2,3,2,0,2,2,5,4,4,2,4,2,4,3,4
CH658,0,0,0,0,0,0,0,0,0,0,0,0,3,4,4,1,4,0,3,3,2,4,4,2,3,4,3,2,4
CH668,0,0,0,0,0,0,0,0,0,0,0,0,0,0,0,0,0,0,0,3,3,3,2,4,3,1,4,3,4
CH677,0,0,0,0,0,0,0,0,0,0,0,0,0,0,0,0,0,0,2,2,3,3,1,1,3,1,5,2,3
CH699,0,0,0,0,0,0,0,0,0,0,0,0,0,0,0,0,4,3,3,4,3,4,3,3,3,3,3,4,4
CH704,1,4,5,4,4,1,5,3,0,4,4,1,1,0,5,3,3,4,1,2,4,4,2,1,2,5,3,3,3
CH721,3,0,4,0,3,4,0,3,4,2,0,0,2,2,5,3,1,3,3,1,3,4,5,3,4,1,3,4,1
CH740,4,4,3,0,0,3,0,2,1,0,3,4,3,4,0,3,2,0,3,2,5,5,3,3,3,3,2,2,2
CH764,4,3,3,2,0,3,4,2,1,3,2,0,3,5,2,1,3,3,4,4,2,4,4,3,4,2,3,4,1
CH780,2,3,1,5,0,2,0,3,3,0,3,1,2,5,0,4,5,1,3,3,5,3,3,5,2,2,2,5,3
CH785,1,0,4,0,3,3,0,3,2,2,3,0,3,3,1,0,3,0,3,4,5,5,3,1,2,5,3,5,3
CH853,4,2,3,3,0,3,0,4,2,0,5,3,3,2,0,2,1,4,3,3,5,3,3,3,3,3,1,4,2
CH868,0,0,0,0,0,0,0,0,0,0,0,0,3,2,3,2,3,3,2,2,4,1,3,3,2,5,1,2,3
CH869,0,0,0,0,0,0,0,0,0,0,0,0,0,0,0,0,3,3,2,5,2,3,1,2,2,3,1,4,4
CH870,0,0,0,0,0,0,0,0,0,0,0,0,3,4,0,3,3,0,2,5,2,1,1,3,4,2,4,2,5
CH889,0,0,0,0,0,0,0,0,0,0,0,0,0,0,0,0,0,0,5,2,4,3,3,3,3,3,3,2,4
CH894,0,0,0,0,0,0,0,0,0,0,0,0,4,3,3,0,4,0,5,3,4,5,4,2,3,2,3,3,3
CH908,0,0,0,0,0,0,0,0,0,0,0,0,4,0,3,5,2,3,3,3,1,3,2,1,3,4,3,3,3
CH930,3,4,3,0,3,3,0,2,3,5,4,3,2,3,2,3,3,0,2,5,4,2,3,2,4,3,5,3,2
CH943,0,0,0,0,0,0,0,0,0,0,0,0,0,0,0,0,3,3,1,1,4,4,3,4,1,5,3,3,2
CH967,0,0,0,0,0,0,0,0,0,0,0,0,0,0,0,0,0,0,3,5,3,2,3,5,4,2,5,3,3
CH973,0,0,0,0,0,0,0,0,0,0,0,0,3,2,3,3,3,3,4,3,3,4,3,3,5,2,3,4,3
CH984,4,0,3,0,0,3,0,3,1,0,0,0,4,3,0,0,4,4,3,3,3,2,5,2,3,2,3,4,3
CH986,0,0,0,0,0,0,0,0,0,0,0,0,0,0,0,0,0,0,3,2,3,1,2,2,3,1,4,2,3
CH996,0,0,0,0,0,0,0,0,0,0,0,0,5,4,3,0,5,5,1,4,3,4,3,3,4,1,2,3,3
CH997,0,0,0,0,0,0,0,0,0,0,0,0,0,0,0,0,4,1,4,3,2,2,4,2,3,5,4,5,3
EN001,2,2,5,5,3,4,3,1,0,4,1,2,3,0,2,3,4,4,4,5,3,3,4,1,3,4,2,3,2
EN018,3,4,3,0,4,3,0,3,2,3,2,2,3,2,3,1,3,0,4,2,4,5,2,4,3,4,2,3,3
EN057,0,0,0,0,0,0,0,0,0,0,0,0,2,2,5,3,2,3,2,1,3,5,4,2,4,2,4,2,1
EN114,1,0,4,0,0,4,0,1,5,0,1,0,2,1,0,0,5,4,3,3,4,2,2,3,2,3,1,2,4
EN116,1,0,2,0,3,3,3,3,5,4,5,0,3,3,2,0,3,3,3,1,5,2,3,3,4,2,1,4,1
EN141,4,3,2,2,0,3,0,0,1,0,3,2,4,2,0,3,2,0,1,3,5,3,2,5,3,2,2,1,2
EN145,3,0,5,0,1,4,0,4,2,1,0,0,3,3,3,5,2,0,2,1,3,4,1,2,4,4,4,1,3
EN154,4,0,3,0,0,5,0,3,0,4,0,0,1,0,4,0,4,2,5,1,2,2,3,4,3,3,4,2,3
EN170,0,0,0,0,0,0,0,0,0,0,0,0,3,4,3,2,3,0,2,3,4,4,3,3,4,4,2,1,4
EN174,3,4,4,2,0,3,0,3,4,0,2,4,3,2,0,2,2,4,4,2,4,3,2,3,1,2,1,3,2
EN175,4,0,1,0,0,3,0,2,0,0,4,0,3,0,0,0,5,3,2,4,3,1,5,4,2,2,3,3,3
EN220,5,3,3,0,1,2,0,3,0,4,4,1,1,0,3,3,2,0,2,4,2,4,4,3,3,4,2,1,3
EN283,0,0,0,0,0,0,0,0,0,0,0,0,0,0,0,0,3,3,3,3,3,3,2,4,3,1,2,3,2
EN288,0,0,0,0,0,0,0,0,0,0,0,0,3,3,3,3,2,0,3,3,2,1,3,3,3,5,1,3,3
EN308,0,0,0,0,0,0,0,0,0,0,0,0,0,0,0,0,2,3,4,2,2,4,3,4,3,3,2,3,2
EN315,5,2,4,2,5,4,3,0,0,3,1,4,2,0,3,1,3,0,2,2,1,3,3,3,3,1,3,4,3
EN324,4,0,4,0,0,4,0,2,3,0,0,0,2,5,0,3,4,2,2,5,3,5,4,3,3,4,1,3,4
EN333,4,1,3,3,1,4,3,1,2,3,3,5,5,3,2,4,1,2,4,3,4,3,3,5,1,3,3,3,5
EN336,2,0,3,0,3,1,3,5,1,2,5,0,2,5,1,0,5,2,5,3,3,4,5,2,3,3,4,1,3
EN348,1,2,3,0,3,4,0,5,3,5,2,4,5,4,4,3,2,0,5,3,2,4,3,3,2,2,3,4,2
EN350,1,0,2,0,0,3,2,0,2,1,3,0,2,3,1,0,3,0,3,3,2,3,2,3,3,3,3,3,5
EN379,4,3,1,3,4,3,1,2,0,3,3,3,3,0,4,3,3,3,4,5,2,5,3,5,2,1,3,5,1
EN385,3,5,2,2,3,4,4,1,0,3,2,4,2,0,3,3,3,2,4,4,4,2,2,5,5,3,1,3,4
EN392,2,3,4,3,0,4,0,5,2,0,3,4,3,2,0,3,3,3,3,4,4,5,3,3,3,3,5,3,4
EN401,1,3,4,4,4,3,2,3,2,3,3,3,1,3,3,3,4,2,4,3,4,2,2,3,4,2,2,2,2
EN404,4,0,4,0,2,3,0,4,4,3,3,0,3,4,4,0,4,0,1,4,3,1,3,5,2,3,4,1,5
EN406,3,0,2,0,3,4,3,3,0,3,1,0,4,0,1,0,3,5,5,3,3,3,5,2,3,3,2,3,1
EN416,3,2,4,1,3,3,4,2,0,3,2,3,3,0,3,1,5,3,1,4,2,3,4,2,2,3,2,3,3
EN432,1,0,3,0,2,2,0,2,3,3,0,0,2,4,2,5,4,2,2,5,4,4,4,3,3,4,5,3,4
EN442,3,0,2,0,0,2,0,4,3,3,0,0,3,4,3,1,2,4,1,3,5,5,5,4,3,1,2,4,2
EN484,3,3,3,5,2,3,2,3,5,2,2,2,2,4,4,1,2,4,1,2,5,3,1,3,3,2,3,3,4
EN485,0,0,0,0,0,0,0,0,0,0,0,0,3,0,4,4,2,0,2,2,3,5,3,5,3,4,5,4,2
EN486,0,0,0,0,0,0,0,0,0,0,0,0,0,0,0,0,0,0,2,3,4,5,3,4,3,2,1,4,2
EN514,0,0,0,0,0,0,0,0,0,0,0,0,0,0,0,0,0,0,0,3,5,4,2,2,3,2,4,3,4
EN538,0,0,0,0,0,0,0,0,0,0,0,0,1,4,5,2,3,2,4,4,3,3,2,4,2,3,5,2,3
EN578,0,0,0,0,0,0,0,0,0,0,0,0,3,2,2,1,3,0,1,4,4,3,2,3,3,2,1,3,1
EN618,0,0,0,0,0,0,0,0,0,0,0,0,0,0,0,0,3,0,1,1,3,3,3,1,5,2,4,5,4
EN655,0,0,0,0,0,0,0,0,0,0,0,0,2,4,3,0,4,5,3,4,3,3,3,4,3,2,3,3,3
EN669,0,0,0,0,0,0,0,0,0,0,0,0,3,2,0,3,3,2,1,3,5,3,4,4,2,3,3,2,3
EN672,3,1,3,3,1,3,1,5,2,4,3,4,3,1,2,3,1,4,3,3,5,3,4,3,3,3,3,3,4
EN698,0,0,0,0,0,0,0,0,0,0,0,0,0,0,0,0,0,0,3,2,2,2,2,2,3,4,1,4,3
EN702,0,0,0,0,0,0,0,0,0,0,0,0,0,0,0,0,1,3,3,3,5,3,1,5,3,3,1,3,5
EN706,0,0,0,0,0,0,0,0,0,0,0,0,0,0,0,0,0,0,1,3,3,3,4,4,1,5,3,3,4
EN713,1,0,5,0,1,3,5,0,0,4,3,0,3,0,2,0,4,0,1,4,2,3,3,4,2,2,4,3,3
EN722,4,3,4,3,4,1,4,4,4,4,3,2,4,3,3,2,5,2,3,3,3,1,5,4,4,2,4,1,3
EN738,5,2,2,3,3,3,1,4,0,3,4,1,1,0,3,3,2,3,3,5,5,2,2,1,2,2,4,5,3
EN770,3,0,3,0,2,5,0,3,4,2,0,0,3,2,3,3,1,2,2,3,5,1,3,3,3,1,4,2,4
EN778,3,0,4,0,0,3,0,1,0,0,0,0,2,0,0,3,4,1,2,2,5,5,2,5,2,1,2,2,2
EN783,0,0,0,0,0,0,0,0,0,0,0,0,4,5,3,2,3,4,3,1,4,1,4,3,1,3,3,4,1
EN798,3,3,3,2,3,4,3,3,4,3,3,3,3,3,4,4,3,4,1,3,2,1,2,5,2,3,4,5,4
EN803,0,0,0,0,0,0,0,0,0,0,0,0,3,0,0,2,4,3,3,2,4,1,4,5,4,3,1,3,3
EN806,3,5,4,3,0,2,0,4,0,0,3,0,1,0,0,3,4,3,4,4,1,4,1,5,4,5,3,5,3
EN819,0,0,0,0,0,0,0,0,0,0,0,0,0,0,0,0,3,4,3,3,2,1,2,3,2,3,2,3,5
EN823,2,1,1,5,2,3,2,3,2,3,4,3,4,4,4,3,2,2,4,3,1,2,4,2,2,3,1,1,4
EN834,0,0,0,0,0,0,0,0,0,0,0,0,0,0,0,0,4,3,3,5,3,2,3,2,3,2,1,4,4
EN846,3,0,3,0,2,2,5,5,0,2,2,0,1,0,3,0,3,3,4,4,4,1,1,1,1,3,3,4,2
EN852,5,1,3,0,0,3,0,3,2,2,5,0,2,4,4,3,3,0,3,2,3,4,3,4,4,4,5,4,4
EN905,0,0,0,0,0,0,0,0,0,0,0,0,3,2,2,3,4,0,4,1,2,4,3,3,3,3,2,3,2
EN906,2,0,5,0,0,3,0,2,0,3,0,0,4,0,1,5,4,4,3,4,4,3,5,3,4,5,3,4,4
EN909,4,4,3,5,2,5,1,2,0,3,2,3,1,0,3,5,5,4,3,3,3,4,2,3,2,1,5,2,2
EN931,4,5,3,0,3,5,0,0,2,2,3,3,3,3,2,3,3,0,4,2,2,2,2,1,4,3,2,2,4
EN937,3,0,3,0,3,2,0,0,5,3,0,0,2,2,3,2,3,0,2,1,3,5,4,2,1,4,3,2,3
EN943,1,0,2,0,3,3,0,3,0,4,0,0,3,0,2,3,3,4,2,3,4,3,3,4,5,3,3,3,4
EN948,3,3,4,0,0,3,0,4,3,2,3,0,4,2,1,3,4,0,2,5,3,3,2,3,3,4,3,1,3
EN955,5,0,3,0,1,4,0,0,1,4,0,0,4,4,3,3,3,0,5,3,3,4,3,2,4,2,1,2,5
EN959,4,1,4,3,3,3,5,2,0,4,4,4,5,0,2,5,3,2,4,1,1,2,5,5,2,3,5,3,3
EN993,0,0,0,0,0,0,0,0,0,0,0,0,5,3,3,3,5,0,1,1,1,3,4,4,4,3,3,3,4
EN996,2,4,3,3,1,4,2,3,4,4,3,4,2,2,5,1,2,4,1,4,2,3,2,3,4,4,3,1,3
GO024,5,3,5,4,0,4,0,0,0,0,4,4,4,0,0,1,3,0,1,4,3,3,1,3,2,5,1,3,3
GO039,4,0,4,0,0,4,0,3,1,0,3,0,2,1,0,0,3,3,3,4,5,4,1,1,1,2,2,3,4
GO040,5,0,3,0,3,2,0,2,3,3,0,0,2,4,2,2,3,3,2,3,3,1,3,4,2,2,4,2,5
GO060,4,3,5,3,4,3,3,2,4,1,5,4,3,4,3,3,4,5,2,2,2,3,3,2,3,3,1,3,3
GO103,2,0,3,0,0,3,0,3,1,3,0,0,4,1,2,4,5,4,3,3,4,3,3,3,2,4,5,4,3
GO131,1,1,4,1,0,3,0,3,2,0,2,2,2,2,0,5,3,4,3,5,3,4,4,3,3,3,3,4,3
GO143,2,5,2,2,0,4,4,4,3,2,3,0,2,4,3,3,2,4,2,3,2,4,2,2,5,1,3,3,3
GO148,5,1,3,4,0,3,2,2,0,2,3,0,2,0,3,4,1,1,4,2,2,3,3,3,3,3,2,3,5
GO168,1,3,4,3,0,3,0,4,3,0,4,1,2,1,0,3,2,3,2,3,2,3,2,5,4,1,4,3,3
GO171,2,0,4,0,0,2,0,0,0,0,3,0,5,0,0,0,2,0,3,5,2,3,2,5,3,4,2,4,2
GO172,2,0,2,0,2,3,0,3,3,4,1,0,3,3,5,0,1,0,1,3,4,3,1,4,3,3,1,3,3
GO179,2,3,3,3,5,3,5,3,0,3,1,3,3,0,2,1,3,3,3,5,5,1,3,3,4,4,3,4,3
GO183,3,0,4,0,0,2,0,3,4,0,2,0,2,3,0,0,3,2,3,1,3,3,1,1,3,2,2,3,1
GO190,1,3,3,3,0,5,0,4,4,0,3,2,2,4,0,1,2,3,2,3,3,2,3,5,4,5,2,3,3
GO207,3,0,3,0,0,3,3,3,3,2,1,0,2,3,2,0,3,4,2,2,3,2,3,3,3,5,3,3,4
GO208,3,0,4,0,4,3,0,3,1,3,2,0,1,5,3,0,5,0,4,5,3,4,1,1,3,1,1,3,4
GO215,2,0,2,0,0,3,2,2,0,5,3,0,3,0,1,0,4,1,2,1,1,3,2,3,3,3,3,2,2
GO216,3,5,4,3,0,3,0,5,1,0,3,3,4,1,0,4,4,4,5,4,3,3,5,3,5,2,2,3,4
GO239,2,3,4,3,0,5,0,1,0,0,4,4,3,0,0,1,3,2,3,5,3,4,5,3,3,5,4,4,3
GO265,3,2,3,2,0,3,2,1,2,1,3,0,4,1,1,3,2,4,5,1,2,2,3,3,4,2,3,3,4
GO302,2,0,3,0,0,3,4,1,4,2,3,0,5,1,3,0,4,2,2,4,2,3,1,5,2,3,2,4,3
GO304,3,0,4,0,2,1,0,3,4,3,0,0,1,3,2,0,5,2,3,4,5,2,4,3,5,3,5,3,2
GO332,0,0,0,0,0,0,0,0,0,0,0,0,2,3,2,0,3,3,2,3,3,2,1,3,1,3,3,3,4
GO339,3,3,3,4,2,3,2,0,3,3,3,3,2,3,5,5,2,0,3,2,4,3,3,3,3,4,2,5,3
GO341,0,0,0,0,0,0,0,0,0,0,0,0,0,0,0,0,2,0,2,3,1,3,3,3,3,2,3,2,5
GO347,3,4,3,2,4,3,3,4,3,3,5,4,3,3,4,1,2,3,5,4,1,2,3,4,4,5,3,2,3
GO349,4,3,3,0,0,3,0,0,4,3,4,0,4,3,3,4,2,0,3,2,3,3,3,2,3,5,5,3,4
GO353,0,0,0,0,0,0,0,0,0,0,0,0,3,3,5,3,3,5,3,5,3,4,2,3,3,3,3,4,3
GO361,2,4,3,0,5,3,0,1,2,3,5,5,2,4,3,2,3,0,3,4,2,2,3,4,4,2,4,2,4
GO363,2,0,2,0,3,4,4,3,0,2,3,0,2,0,2,0,5,4,5,3,5,3,2,5,3,1,3,4,2
GO370,3,4,1,0,0,3,0,2,2,0,3,3,4,3,0,5,1,0,2,3,2,3,4,3,2,2,3,5,3
GO414,0,0,0,0,0,0,0,0,0,0,0,0,0,0,0,0,4,1,4,2,5,4,5,3,4,3,5,4,1
GO422,4,0,3,0,3,4,4,3,3,4,4,0,4,3,1,0,2,3,2,3,3,2,2,5,3,1,3,3,1
GO435,3,4,2,2,5,3,3,5,0,3,2,5,3,0,3,2,3,3,4,3,5,3,2,3,3,3,1,2,3
GO448,4,3,4,0,3,2,0,4,3,2,1,3,3,3,3,4,4,0,2,3,3,3,2,3,3,5,3,5,4
GO467,3,0,3,0,1,4,0,2,3,3,0,0,3,3,4,1,4,0,2,5,3,3,4,4,4,3,5,3,4
GO473,4,0,1,0,5,2,0,3,4,3,0,0,3,3,4,4,5,2,5,4,1,5,4,2,4,5,2,4,5
GO513,0,0,0,0,0,0,0,0,0,0,0,0,0,0,0,0,5,2,4,3,2,3,2,3,3,3,3,5,2
GO540,3,0,4,0,0,5,5,4,0,3,2,0,2,0,2,0,5,4,4,3,2,2,3,3,2,1,4,3,3
GO595,2,0,1,0,0,4,0,4,0,0,3,0,1,0,0,0,1,5,3,3,3,2,3,5,4,3,1,2,1
GO611,3,4,3,2,0,1,0,0,4,0,3,2,3,1,0,4,5,0,4,1,1,1,2,4,2,3,3,4,3
GO643,2,0,1,0,3,5,3,3,2,3,3,0,3,2,3,0,2,4,2,3,3,2,4,3,3,4,4,2,1
GO648,3,4,5,4,2,2,2,3,4,3,4,5,3,4,3,3,3,2,2,4,3,3,4,5,4,3,4,5,3
GO655,4,0,2,0,3,3,0,3,0,3,0,0,3,0,3,4,4,4,3,3,1,2,5,2,3,3,5,3,4
GO669,0,0,0,0,0,0,0,0,0,0,0,0,3,0,3,2,3,3,3,3,4,3,3,4,3,5,3,3,5
GO684,3,1,4,3,4,2,3,3,3,3,3,3,3,4,4,4,3,4,2,3,5,3,3,4,1,3,3,5,3
GO691,2,0,2,0,0,4,3,2,3,3,4,0,5,2,2,0,1,2,2,4,2,2,4,3,1,2,3,3,2
GO719,3,4,3,1,0,4,0,2,4,0,3,3,3,1,0,3,2,3,4,2,1,3,3,2,3,3,4,5,1
GO720,4,0,4,0,0,2,0,2,4,3,0,0,2,3,5,2,1,4,3,3,2,2,2,1,4,4,3,3,3
GO738,3,0,3,0,0,2,2,5,2,3,3,0,4,2,2,0,3,3,3,3,3,4,4,1,4,2,3,4,2
GO749,0,0,0,0,0,0,0,0,0,0,0,0,0,0,0,0,4,3,3,2,2,3,3,3,3,1,2,1,4
GO755,3,3,2,5,2,5,3,4,3,3,5,5,4,3,4,2,3,3,2,1,3,4,3,3,3,2,3,5,4
GO763,3,2,3,0,2,5,0,3,3,3,4,1,2,3,5,5,2,0,2,4,2,3,3,3,2,2,3,3,2
GO785,4,2,3,4,3,4,3,3,2,2,5,1,4,3,5,2,2,2,4,4,2,2,2,4,2,3,3,3,2
GO787,2,1,3,1,0,5,0,5,4,0,2,3,3,2,0,3,3,2,2,1,4,3,4,2,2,4,4,4,2
GO789,3,3,4,0,3,3,0,1,1,1,3,2,2,1,1,4,5,0,1,3,1,4,2,3,3,3,3,3,1
GO790,0,0,0,0,0,0,0,0,0,0,0,0,0,0,0,0,3,0,5,3,3,3,4,1,5,4,3,3,5
GO802,3,3,2,2,4,4,4,0,0,1,4,4,4,0,3,3,2,0,3,3,3,1,2,5,4,4,4,1,1
GO811,4,0,3,0,3,4,4,5,4,3,5,0,4,2,2,0,3,2,5,1,5,2,1,3,2,1,1,3,3
GO825,5,0,1,0,0,4,0,3,0,2,0,0,2,0,4,2,2,5,2,4,4,4,5,3,2,2,3,1,3
GO836,3,0,3,0,0,4,0,3,1,0,0,0,3,1,0,4,3,5,5,3,2,2,4,3,2,2,4,3,3
GO838,3,0,3,0,2,2,0,5,2,3,0,0,4,4,3,4,3,0,3,3,3,1,3,3,2,4,5,2,2
GO870,5,0,2,0,3,5,0,3,4,3,0,0,3,3,3,2,3,3,1,2,3,3,1,2,3,3,4,3,4
GO880,3,1,3,3,3,1,4,2,5,3,2,5,3,4,3,4,3,3,3,3,3,3,3,3,3,3,5,5,2
GO912,3,3,5,0,2,2,0,0,4,5,3,3,3,3,2,3,5,0,4,5,3,4,4,3,3,3,3,4,2
GO923,2,2,1,0,0,4,0,0,3,0,1,3,1,3,0,4,1,0,2,1,5,4,3,3,3,2,3,4,3
GO978,2,0,2,0,0,3,0,3,3,3,0,0,3,2,3,3,2,4,5,5,3,3,2,2,2,2,3,3,2
GO995,1,4,4,2,1,4,3,3,3,2,2,3,3,3,3,1,3,2,4,3,1,2,1,3,4,2,4,3,3
GO997,4,0,3,0,3,3,0,4,4,3,3,0,4,2,3,0,3,0,2,3,3,3,3,3,3,3,3,3,4
HI002,3,2,1,3,3,2,4,2,3,3,1,4,3,3,2,5,2,3,1,3,3,2,2,3,2,2,2,3,2
HI032,1,3,3,0,4,3,0,0,3,2,4,1,3,4,5,3,3,0,3,2,3,2,4,5,5,3,2,4,3
HI034,5,0,3,0,2,2,0,3,2,4,0,0,2,3,2,0,1,0,4,3,4,3,2,3,5,3,2,2,3
HI035,0,0,0,0,0,0,0,0,0,0,0,0,0,0,0,0,0,0,2,3,1,4,3,3,3,3,4,2,1
HI039,2,2,3,3,3,4,2,3,2,3,4,5,2,3,1,2,2,1,3,3,4,3,2,3,3,3,1,3,2
HI044,4,0,3,0,3,3,0,3,2,4,0,0,3,2,3,5,3,3,5,2,5,4,1,3,3,2,5,5,3
HI068,1,0,1,0,2,3,0,4,4,3,2,0,5,4,1,0,3,0,5,3,5,3,4,2,4,3,3,3,3
HI082,0,0,0,0,0,0,0,0,0,0,0,0,3,3,2,3,5,0,3,4,4,3,4,4,3,2,4,3,3
HI091,0,0,0,0,0,0,0,0,0,0,0,0,0,0,0,0,0,0,0,0,0,0,0,0,0,3,1,4,3
HI099,0,0,0,0,0,0,0,0,0,0,0,0,0,0,0,0,0,0,0,0,0,0,0,0,0,0,4,3,2
HI113,0,0,0,0,0,0,0,0,0,0,0,0,0,0,0,0,2,1,2,3,3,2,3,1,2,4,2,3,3
HI115,0,0,0,0,0,0,0,0,0,0,0,0,0,0,0,0,0,0,0,3,5,5,4,2,3,3,2,1,2
HI127,0,0,0,0,0,0,0,0,0,0,0,0,0,0,0,0,4,3,1,4,3,4,1,3,2,5,3,2,3
HI131,4,3,3,3,4,2,3,4,3,3,3,1,3,3,3,3,4,4,1,3,3,3,4,2,2,4,3,4,5
HI132,0,0,0,0,0,0,0,0,0,0,0,0,0,0,0,0,5,0,3,2,3,5,2,3,4,3,4,3,3
HI147,0,0,0,0,0,0,0,0,0,0,0,0,0,0,0,0,3,3,3,4,4,2,5,2,1,5,2,4,2
HI194,0,0,0,0,0,0,0,0,0,0,0,0,0,0,0,0,1,3,1,3,2,2,2,2,3,3,3,2,2
HI224,3,2,2,4,3,1,4,1,4,4,3,3,3,3,4,3,4,3,2,2,3,5,2,4,3,3,2,3,2
HI236,0,0,0,0,0,0,0,0,0,0,0,0,4,3,5,0,3,0,5,4,2,2,3,3,2,3,2,1,2
HI240,3,4,5,1,4,3,1,2,3,3,4,3,5,3,3,3,3,5,3,3,3,2,2,2,3,4,3,2,2
HI243,2,4,3,2,2,5,4,3,3,1,4,4,4,3,3,5,4,1,4,4,3,4,2,2,3,3,3,4,3
HI257,3,0,4,0,2,3,4,3,3,3,3,0,3,4,1,0,1,3,3,3,3,2,4,4,4,1,3,2,3
HI269,3,3,3,4,0,1,0,3,3,0,1,3,3,5,0,5,3,1,2,3,2,3,4,3,4,2,3,3,4
HI275,2,4,1,0,0,3,0,0,5,0,2,2,3,3,0,3,5,0,5,1,3,2,3,3,4,4,1,3,3
HI284,2,3,2,3,2,3,3,2,4,4,3,5,3,5,3,4,3,2,2,3,4,3,2,3,2,2,3,2,2
HI293,3,2,2,2,0,4,0,3,2,0,3,4,2,2,0,4,3,3,2,4,5,2,3,3,3,4,3,5,1
HI310,2,0,3,0,0,4,0,0,4,0,2,0,5,4,0,0,4,0,2,3,3,4,3,2,5,3,3,1,5
HI321,5,2,4,2,4,3,5,3,4,3,5,4,4,2,3,3,3,2,3,5,4,4,2,2,3,2,3,3,4
HI323,3,4,1,0,2,3,0,5,1,2,1,3,4,3,3,4,3,0,1,3,4,3,2,2,2,4,4,4,3
HI343,4,4,3,4,2,3,3,4,3,2,3,3,3,2,1,4,1,2,5,3,4,3,1,3,2,4,2,5,2
HI358,0,0,0,0,0,0,0,0,0,0,0,0,2,4,5,4,3,0,4,4,3,3,3,3,1,3,3,3,2
HI363,0,0,0,0,0,0,0,0,0,0,0,0,2,1,0,0,2,0,2,2,3,4,1,4,3,1,3,3,3
HI406,4,2,3,5,1,1,3,3,3,2,4,2,3,4,4,4,2,4,4,1,5,2,1,4,4,4,4,3,5
HI423,3,3,4,3,0,3,4,2,5,4,4,0,3,5,2,2,4,3,3,4,1,3,4,1,1,1,4,1,3
HI438,4,0,3,0,4,4,3,3,3,3,1,0,4,2,3,0,3,2,2,5,3,5,3,3,3,3,4,3,3
HI455,3,0,5,0,2,2,2,3,3,2,2,0,3,3,1,0,1,4,3,2,5,2,5,4,3,2,5,3,4
HI459,5,0,1,0,0,5,0,0,3,3,0,0,3,4,4,5,3,0,2,3,3,1,2,3,5,3,3,2,3
HI482,3,4,4,1,0,3,0,5,0,0,5,3,3,0,0,4,3,2,3,3,1,3,3,2,3,2,3,2,3
HI516,2,5,3,3,0,5,0,3,3,0,1,0,4,2,0,4,4,3,2,3,1,5,2,2,3,4,2,2,2
HI523,0,0,0,0,0,0,0,0,0,0,0,0,0,0,0,0,2,0,3,3,5,2,3,2,4,4,2,4,2
HI530,0,0,0,0,0,0,0,0,0,0,0,0,0,0,0,0,2,4,3,4,1,2,3,3,2,3,3,4,4
HI532,0,0,0,0,0,0,0,0,0,0,0,0,0,0,0,0,2,2,2,3,2,1,2,3,4,3,5,3,3
HI571,0,0,0,0,0,0,0,0,0,0,0,0,3,0,4,3,4,0,3,4,4,3,3,3,1,3,2,3,3
HI591,0,0,0,0,0,0,0,0,0,0,0,0,3,3,0,3,3,3,1,5,3,4,4,2,3,1,4,2,4
HI627,2,5,3,2,3,1,3,4,0,3,3,3,2,0,3,4,3,1,3,4,2,5,3,2,2,3,2,3,1
HI640,4,3,3,4,2,3,1,0,3,5,5,5,4,1,3,3,2,0,4,3,4,3,1,3,3,2,1,5,2
HI677,0,0,0,0,0,0,0,0,0,0,0,0,3,2,2,3,3,2,1,3,3,2,2,4,5,2,3,2,2
HI679,0,0,0,0,0,0,0,0,0,0,0,0,2,0,4,3,2,0,1,4,3,1,3,4,4,1,3,3,5
HI705,0,0,0,0,0,0,0,0,0,0,0,0,3,1,3,3,3,0,3,2,4,3,2,4,4,3,3,3,3
HI710,2,0,3,0,0,2,0,4,3,0,0,0,3,4,0,2,3,2,4,3,4,4,1,4,3,4,3,5,4
HI732,0,0,0,0,0,0,0,0,0,0,0,0,0,0,0,0,4,0,2,4,4,1,1,3,5,1,3,3,1
HI740,3,0,4,0,0,3,0,2,0,0,1,0,5,0,0,0,1,4,4,3,2,4,3,5,4,1,4,5,3
HI757,4,4,3,2,4,4,1,2,3,1,3,3,4,5,4,5,5,3,4,3,4,2,4,3,5,4,2,3,4
HI760,4,4,4,4,0,3,2,2,4,1,3,0,3,1,3,4,3,5,1,3,4,3,3,2,3,3,1,4,4
HI780,0,0,0,0,0,0,0,0,0,0,0,0,2,3,2,0,2,4,1,3,2,4,2,3,1,2,3,3,1
HI796,0,0,0,0,0,0,0,0,0,0,0,0,4,0,0,4,3,2,4,2,3,1,3,2,2,4,3,5,3
HI802,3,0,2,0,4,5,3,2,3,4,1,0,4,1,2,0,4,4,3,2,4,4,4,3,3,4,4,5,4
HI810,5,1,3,3,3,4,5,1,1,2,2,3,3,3,4,1,3,2,2,3,1,4,4,5,4,3,2,4,3
HI851,0,0,0,0,0,0,0,0,0,0,0,0,3,1,2,3,2,4,3,5,2,3,3,3,3,1,3,4,3
HI864,0,0,0,0,0,0,0,0,0,0,0,0,4,4,3,2,3,2,2,4,1,5,3,2,2,2,4,2,2
HI906,4,1,3,3,0,4,0,3,2,0,5,3,3,3,0,5,3,3,4,3,4,1,5,3,4,3,2,2,3
HI919,5,5,3,3,0,1,0,3,4,0,3,2,2,2,0,3,2,4,2,3,3,3,2,3,3,4,3,4,1
HI925,2,4,3,0,0,4,0,3,1,3,3,0,2,4,3,4,4,0,4,3,3,2,2,4,4,2,2,4,3
HI928,3,2,3,2,4,2,2,0,0,3,3,3,4,0,2,3,3,0,2,1,4,2,2,5,4,2,3,4,3
HI934,1,0,1,0,3,3,3,4,1,4,4,0,3,3,2,0,3,3,4,3,3,3,4,2,4,5,4,3,2
HI949,4,3,4,2,5,3,3,3,3,4,3,3,3,3,2,3,3,3,3,3,2,3,3,5,2,5,1,5,3
HI952,0,0,0,0,0,0,0,0,0,0,0,0,0,0,0,0,1,3,1,4,1,3,3,2,3,4,2,2,2
HI954,2,3,3,0,0,3,0,2,2,0,2,3,5,4,0,2,3,0,3,3,3,4,3,3,3,2,3,4,3
HI958,3,5,3,3,1,1,3,5,2,1,3,4,3,3,2,3,5,5,4,3,5,3,3,3,3,4,5,1,3
MA011,2,0,3,0,0,3,0,0,0,0,0,0,2,0,0,4,4,0,2,1,2,4,5,1,1,5,3,5,3
MA043,2,4,3,4,2,5,5,3,4,3,4,5,4,5,4,2,3,2,5,3,2,3,2,3,5,4,3,2,3
MA057,3,2,4,2,3,3,4,4,3,3,3,4,4,4,3,2,2,5,2,4,2,4,3,5,3,2,3,3,3
MA063,3,4,3,2,0,4,2,2,3,4,1,0,3,3,3,3,3,3,4,4,5,3,4,3,3,2,4,3,4
MA090,2,5,5,3,0,2,0,1,3,0,1,4,2,4,0,2,3,2,2,4,2,3,3,3,2,3,2,5,3
MA105,3,0,3,0,0,4,0,3,2,0,0,0,2,3,0,3,3,0,5,4,3,2,3,3,1,4,4,5,5
MA126,5,1,3,0,0,3,0,3,1,0,3,0,3,3,0,3,3,0,1,3,4,5,2,4,4,2,3,4,2
MA137,0,0,0,0,0,0,0,0,0,0,0,0,4,4,0,3,3,0,3,5,5,2,5,3,2,3,3,3,3
MA146,2,4,4,3,2,4,3,3,3,3,2,3,3,2,3,5,3,3,1,1,3,5,3,4,3,3,4,3,2
MA149,2,1,4,2,5,3,2,1,4,5,1,3,3,1,1,3,3,3,5,1,3,5,1,2,3,3,1,1,3
MA183,2,1,3,2,0,1,1,2,4,5,2,0,3,3,4,2,3,5,1,3,1,2,3,3,3,2,1,1,1
MA188,2,3,3,5,1,5,2,3,0,3,1,4,3,0,2,3,2,3,3,3,4,4,3,2,3,4,3,3,4
MA210,0,0,0,0,0,0,0,0,0,0,0,0,0,0,0,0,3,0,2,3,2,3,2,3,3,4,4,1,4
MA233,0,0,0,0,0,0,0,0,0,0,0,0,3,1,3,3,4,0,3,3,5,2,3,2,5,3,3,3,2
MA238,1,3,3,3,0,3,3,4,3,3,1,0,3,3,5,3,1,3,3,3,3,2,3,3,3,1,4,2,3
MA239,2,5,4,3,2,2,3,0,2,2,2,5,3,3,3,3,3,0,4,5,2,4,5,3,3,2,4,2,5
MA257,3,2,1,0,0,3,0,2,4,0,4,4,5,3,0,3,5,0,2,3,4,5,3,3,3,3,2,2,2
MA263,3,0,3,0,0,3,0,0,3,0,0,0,3,3,0,4,2,0,2,5,4,4,4,3,1,3,3,3,1
MA274,3,0,3,0,3,2,4,0,2,4,2,0,3,3,4,0,3,0,1,4,3,4,1,2,5,2,3,3,3
MA285,0,0,0,0,0,0,0,0,0,0,0,0,3,2,0,2,3,3,4,4,3,3,3,2,3,3,4,3,2
MA293,2,2,3,0,2,3,0,0,4,3,3,3,1,1,3,4,2,0,5,3,5,3,3,3,2,2,4,4,2
MA300,2,5,3,3,3,2,2,2,2,3,4,4,1,5,2,3,5,3,3,4,1,3,5,4,2,2,4,3,5
MA343,0,0,0,0,0,0,0,0,0,0,0,0,3,3,0,0,1,3,1,3,4,2,2,1,3,3,4,1,3
MA420,0,0,0,0,0,0,0,0,0,0,0,0,0,0,0,0,5,0,3,3,1,3,4,5,4,2,2,4,3
MA429,3,3,2,3,3,3,1,3,0,3,4,2,3,0,5,2,3,3,3,1,4,4,5,2,5,1,2,3,3
MA431,3,0,2,0,4,3,0,3,0,5,0,0,3,0,3,4,3,0,3,2,2,4,5,1,3,3,2,4,5
MA447,0,0,0,0,0,0,0,0,0,0,0,0,0,0,0,0,1,4,3,2,1,3,1,3,2,3,3,2,3
MA465,0,0,0,0,0,0,0,0,0,0,0,0,4,5,2,4,3,4,3,3,3,4,3,4,4,1,5,5,4
MA488,0,0,0,0,0,0,0,0,0,0,0,0,3,3,3,3,3,3,1,4,5,3,3,4,1,1,1,4,1
MA489,3,4,1,4,0,4,2,0,0,1,3,0,4,0,4,3,2,0,1,3,4,2,3,4,2,3,3,3,2
MA512,4,0,3,0,3,2,2,3,2,5,4,0,2,3,3,0,3,3,4,3,2,4,3,5,2,2,3,4,4
MA525,4,4,2,0,4,3,0,0,3,3,1,1,3,5,3,4,4,0,4,3,1,1,2,3,3,3,3,3,3
MA541,1,3,4,3,4,3,2,3,5,4,2,3,3,5,4,3,3,3,2,3,5,4,2,2,4,3,3,3,2
MA545,3,1,3,4,3,3,2,5,2,3,4,3,1,1,3,2,3,5,4,5,2,3,3,3,5,1,5,4,5
MA549,0,0,0,0,0,0,0,0,0,0,0,0,0,0,0,0,3,3,1,4,3,3,5,3,3,5,5,2,3
MA572,2,0,3,0,4,3,0,3,5,1,3,0,3,3,3,0,4,0,4,5,3,3,3,4,3,3,3,3,1
MA577,0,0,0,0,0,0,0,0,0,0,0,0,0,0,0,0,0,0,0,0,0,0,0,3,3,2,2,3,3
MA578,0,0,0,0,0,0,0,0,0,0,0,0,0,0,0,0,2,3,3,4,5,5,4,2,2,2,2,3,5
MA587,0,0,0,0,0,0,0,0,0,0,0,0,3,3,5,2,3,0,2,3,3,1,5,5,5,3,4,2,2
MA620,0,0,0,0,0,0,0,0,0,0,0,0,5,0,2,4,3,3,4,5,3,3,5,5,2,2,4,4,2
MA637,3,2,4,2,3,5,4,3,4,3,2,4,2,2,2,3,4,4,3,4,1,2,3,2,3,3,1,4,2
MA645,0,0,0,0,0,0,0,0,0,0,0,0,3,4,0,5,3,3,4,3,4,1,3,3,4,3,3,3,3
MA660,0,0,0,0,0,0,0,0,0,0,0,0,3,2,2,3,3,5,4,2,4,4,2,4,5,4,3,4,4
MA723,5,2,1,3,4,3,1,3,0,3,3,3,5,0,5,4,2,5,2,2,3,2,1,5,3,3,5,2,4
MA726,3,3,2,3,4,4,5,3,4,4,2,3,2,4,2,5,2,3,4,3,4,5,4,3,1,5,3,3,2
MA727,3,3,3,0,0,3,0,3,4,0,4,2,1,3,0,2,3,0,3,3,2,4,4,3,3,2,4,4,5
MA732,5,2,3,2,3,1,4,2,3,4,3,2,5,3,3,4,2,2,3,2,4,3,3,5,3,3,2,4,2
MA772,4,0,3,0,3,3,3,0,5,3,3,0,4,3,2,0,3,0,4,1,3,3,5,2,4,3,2,2,4
MA782,3,3,4,3,0,2,0,1,4,0,3,0,3,1,0,2,3,2,5,3,1,3,1,4,3,2,4,2,1
MA791,4,3,1,2,3,3,4,0,3,3,3,4,4,5,3,2,4,0,2,4,4,2,5,4,3,3,5,4,3
MA810,3,3,2,2,0,3,0,3,4,0,2,0,3,3,0,3,3,4,2,3,3,2,3,1,2,4,3,3,2
MA818,0,0,0,0,0,0,0,0,0,0,0,0,0,0,0,0,0,0,3,2,4,3,2,2,4,3,3,1,3
MA833,0,0,0,0,0,0,0,0,0,0,0,0,0,0,0,0,0,0,0,0,0,0,0,0,4,4,3,3,3
MA838,0,0,0,0,0,0,0,0,0,0,0,0,4,0,4,2,1,0,3,5,2,1,3,3,5,3,4,5,1
MA841,2,2,3,4,0,3,0,1,0,0,4,0,2,0,0,3,3,3,2,3,3,5,1,2,3,1,2,3,1
MA849,2,2,4,2,0,4,4,2,3,3,3,0,4,5,5,4,3,3,5,2,2,3,3,3,3,5,5,3,4
MA858,3,3,3,4,0,2,0,4,4,0,4,3,4,3,0,3,5,1,2,4,3,3,3,3,2,1,2,3,4
MA868,1,3,3,2,3,1,4,0,2,3,4,3,3,3,4,3,3,0,3,3,3,1,4,3,3,3,3,3,3
MA887,2,1,3,3,2,3,4,2,4,2,2,3,3,4,4,3,3,3,4,3,2,3,2,3,1,3,5,3,2
MA890,2,5,3,2,2,4,5,1,0,3,4,4,2,0,4,3,2,3,5,3,3,5,5,5,4,4,3,1,5
MA919,3,0,2,0,2,3,0,0,0,4,0,0,3,0,3,3,2,0,4,3,3,5,3,2,2,4,3,3,2
MA933,3,0,3,0,0,3,0,3,0,0,0,0,3,0,0,3,3,0,4,3,4,3,5,2,4,3,4,3,5
MA948,4,4,5,0,0,2,0,4,1,0,5,3,3,4,0,3,3,0,4,3,3,2,3,3,3,2,3,5,3
MA949,2,2,4,0,0,3,0,0,4,0,3,0,3,3,0,2,3,0,3,2,3,4,3,3,4,3,3,1,4
MA954,5,4,3,5,3,4,3,1,3,4,3,2,1,3,3,3,3,3,5,2,3,3,4,2,4,3,3,5,4
MA967,5,5,4,3,4,2,5,2,4,4,3,1,2,3,4,3,3,3,2,4,5,1,5,4,2,4,1,3,3
MA971,2,5,5,3,0,3,0,3,0,0,3,0,4,0,0,3,3,2,4,4,4,3,2,3,2,5,4,2,2
MA986,3,3,2,4,3,4,2,5,3,1,2,3,3,2,3,4,1,3,4,5,5,4,4,2,4,4,5,1,4
MA987,3,0,2,0,0,5,0,0,0,0,4,0,3,0,0,0,4,0,3,3,3,1,2,5,3,4,3,3,3
MA990,0,0,0,0,0,0,0,0,0,0,0,0,0,0,0,0,0,0,0,0,0,2,1,1,4,4,4,2,3
PY035,1,0,5,0,3,2,3,3,2,4,5,0,4,3,1,0,3,1,3,3,4,3,1,1,3,4,4,3,3
PY050,0,0,0,0,0,0,0,0,0,0,0,0,0,0,0,0,2,3,4,2,3,3,3,2,3,2,5,2,1
PY057,0,0,0,0,0,0,0,0,0,0,0,0,0,0,0,0,0,0,0,0,0,5,3,4,1,4,3,3,4
PY085,0,0,0,0,0,0,0,0,0,0,0,0,3,3,1,2,1,0,3,3,5,3,4,3,4,4,2,3,3
PY091,0,0,0,0,0,0,0,0,0,0,0,0,3,2,2,5,3,2,2,2,2,3,3,3,1,3,3,3,3
PY102,4,0,4,0,2,2,3,0,3,3,4,0,4,2,2,0,4,0,5,2,3,4,3,2,3,3,3,3,3
PY111,0,0,0,0,0,0,0,0,0,0,0,0,1,2,4,2,3,5,3,4,3,4,3,3,1,4,3,3,4
PY139,1,4,2,3,4,3,2,0,4,1,2,5,3,3,3,1,5,0,2,3,2,3,4,4,3,5,4,1,2
PY185,5,1,2,0,3,1,0,3,4,2,5,3,3,2,3,3,5,0,1,5,3,1,3,5,2,1,3,2,2
PY211,3,2,1,4,4,2,3,3,3,4,1,4,4,2,4,3,3,1,1,3,3,3,2,2,2,1,3,5,3
PY212,3,0,2,0,4,4,0,3,1,3,0,0,3,2,3,3,3,4,5,2,4,5,3,4,3,4,3,4,2
PY224,4,0,3,0,3,1,0,0,4,1,0,0,4,3,4,4,2,0,4,4,2,2,1,3,4,3,2,1,4
PY225,3,4,3,3,0,4,3,3,1,2,3,0,2,1,3,4,2,5,3,3,3,2,2,3,2,2,4,3,3
PY245,2,2,3,3,2,3,4,3,0,1,2,4,4,0,4,1,5,4,5,3,3,2,3,3,3,2,2,2,3
PY249,5,2,4,3,3,2,3,2,4,3,1,3,2,3,3,4,4,4,1,5,1,3,1,3,3,2,2,4,2
PY252,0,0,0,0,0,0,0,0,0,0,0,0,3,0,0,5,3,3,2,3,4,4,3,2,4,2,5,3,3
PY269,5,3,2,0,4,3,0,0,0,3,3,1,2,0,4,3,4,0,4,4,3,3,4,3,5,5,2,5,5
PY271,2,0,4,0,0,3,0,0,4,0,3,0,3,4,0,0,3,0,2,5,1,2,3,1,3,5,4,2,3
PY299,3,2,2,2,3,2,4,1,3,2,5,1,4,3,3,5,5,4,2,3,2,3,3,2,4,3,2,3,2
PY345,4,2,2,2,4,1,3,3,2,1,4,2,4,3,1,3,2,3,3,2,5,4,4,5,4,3,3,3,2
PY350,4,5,2,3,2,4,3,2,3,1,4,4,4,3,3,2,1,1,3,3,3,3,4,5,3,1,3,4,4
PY359,4,0,3,0,4,4,0,1,2,3,0,0,4,3,5,3,2,2,3,4,3,3,1,3,2,4,1,3,2
PY369,5,4,3,3,3,4,4,3,4,1,3,1,3,3,4,1,4,1,3,3,5,3,2,3,5,2,3,1,4
PY374,3,0,3,0,3,4,0,4,0,2,0,0,3,0,5,4,4,3,3,3,3,3,2,4,1,4,3,1,1
PY378,3,3,5,3,3,4,1,4,0,3,1,3,3,0,3,4,1,4,2,4,3,5,1,4,3,5,3,3,3
PY383,4,0,3,0,0,4,4,5,2,2,1,0,3,2,2,0,2,2,3,3,2,4,2,4,4,4,3,1,2
PY404,0,0,0,0,0,0,0,0,0,0,0,0,3,0,5,0,2,0,1,3,2,4,3,3,4,3,4,2,1
PY407,0,0,0,0,0,0,0,0,0,0,0,0,0,0,0,0,0,0,0,0,4,5,1,4,1,3,1,3,2
PY441,3,0,3,0,2,3,0,0,5,3,1,0,4,2,2,0,5,0,3,3,3,2,3,3,4,3,3,4,2
PY445,2,0,1,0,4,2,0,4,2,3,0,0,5,3,3,4,4,5,3,4,1,3,3,3,5,4,4,5,3
PY451,0,0,0,0,0,0,0,0,0,0,0,0,0,0,0,0,0,0,0,0,0,0,0,0,0,0,0,2,3
PY453,0,0,0,0,0,0,0,0,0,0,0,0,3,0,3,2,3,3,2,5,4,4,3,3,4,3,2,5,3
PY469,0,0,0,0,0,0,0,0,0,0,0,0,0,0,0,0,3,0,1,2,2,3,4,1,3,3,2,3,1
PY473,0,0,0,0,0,0,0,0,0,0,0,0,0,0,0,0,3,1,2,3,3,2,1,5,4,3,3,2,3
PY496,0,0,0,0,0,0,0,0,0,0,0,0,0,0,0,0,2,0,5,2,3,4,3,4,4,4,3,3,4
PY498,0,0,0,0,0,0,0,0,0,0,0,0,0,0,0,0,2,0,4,4,3,2,2,4,5,3,4,3,3
PY546,0,0,0,0,0,0,0,0,0,0,0,0,0,0,0,0,5,5,2,3,1,3,3,5,5,3,3,3,3
PY556,2,3,3,2,0,4,3,2,3,1,4,0,3,3,3,3,2,1,5,1,3,3,3,3,2,4,3,3,3
PY582,0,0,0,0,0,0,0,0,0,0,0,0,0,0,0,0,1,4,3,1,5,5,2,2,3,5,4,3,2
PY584,0,0,0,0,0,0,0,0,0,0,0,0,0,0,0,0,0,0,1,2,1,3,3,3,3,5,4,4,5
PY586,0,0,0,0,0,0,0,0,0,0,0,0,3,3,3,0,2,3,3,4,5,2,4,5,3,4,2,4,3
PY589,0,0,0,0,0,0,0,0,0,0,0,0,3,4,2,4,3,4,1,3,3,3,2,5,1,3,4,3,3
PY597,3,0,3,0,3,3,3,0,1,1,3,0,1,1,2,0,3,0,1,3,3,3,4,3,5,4,3,3,3
PY609,3,3,1,4,2,3,3,3,0,3,2,3,4,0,3,3,4,3,3,2,4,1,3,2,4,3,4,3,3
PY616,4,3,3,4,0,3,0,3,0,0,1,3,3,0,0,4,5,4,4,3,5,3,2,4,4,3,1,1,5
PY655,2,3,4,5,0,2,3,0,3,3,5,0,5,4,3,3,2,0,1,3,3,1,5,2,2,5,4,4,3
PY681,3,5,2,0,0,3,0,5,3,0,3,4,4,4,0,2,5,0,2,3,3,3,4,2,3,5,3,4,4
PY686,3,3,4,3,2,1,5,2,2,2,5,3,2,4,4,4,4,4,5,4,3,3,3,3,4,3,3,3,2
PY689,3,0,3,0,4,5,3,3,2,3,3,0,3,3,2,0,3,1,3,3,3,3,3,4,5,3,3,4,3
PY727,1,0,3,0,4,1,5,3,0,2,4,0,3,0,2,0,3,4,2,2,4,4,4,4,1,3,3,5,5
PY774,4,0,4,0,0,1,0,3,2,0,2,0,4,3,0,0,1,2,1,3,2,5,1,2,1,3,3,3,2
PY778,3,3,3,5,2,3,3,3,4,1,3,3,4,3,2,2,1,3,3,3,3,1,3,2,2,3,1,5,4
PY799,0,0,0,0,0,0,0,0,0,0,0,0,0,0,0,0,0,0,3,1,3,3,3,3,2,3,3,1,3
PY808,3,0,3,0,0,3,0,3,4,0,0,0,5,3,0,2,1,3,3,1,3,3,3,4,4,3,5,5,3
PY813,3,0,2,0,3,4,0,3,0,3,3,0,3,0,2,0,3,0,3,3,2,3,3,2,3,3,2,3,4
PY837,2,4,3,3,2,1,3,3,3,2,4,2,3,1,2,3,4,2,5,5,5,4,3,2,2,3,2,2,1
PY840,3,4,3,4,3,1,3,3,2,2,5,3,2,2,5,3,3,4,4,2,5,2,3,5,4,1,1,5,4
PY849,3,0,3,0,5,5,3,5,3,4,5,0,1,1,5,0,2,3,4,2,2,4,4,1,1,4,4,5,3
PY891,3,0,2,0,3,1,2,4,4,4,3,0,3,3,2,0,3,3,1,3,4,1,3,3,1,3,1,3,4
PY894,1,0,2,0,3,2,3,3,0,1,4,0,3,0,2,0,2,1,3,5,4,3,3,4,3,1,5,2,5
PY925,3,3,4,5,3,3,5,5,0,4,3,2,4,0,4,2,3,3,1,3,5,1,4,3,3,3,2,3,4
PY935,1,0,3,0,5,3,2,2,3,3,1,0,5,2,4,0,1,3,4,2,5,2,3,4,3,4,5,5,2
PY938,2,0,2,0,4,2,0,0,4,4,0,0,3,3,1,0,5,0,1,3,4,2,5,3,4,3,3,1,4
PY949,3,0,4,0,2,4,0,4,3,4,0,0,3,3,1,4,3,5,2,3,3,4,4,4,2,2,4,2,1
PY950,3,4,4,5,1,3,3,0,0,3,2,4,4,0,4,4,2,0,3,3,3,4,4,1,4,1,3,2,3
PY961,3,0,3,0,3,3,0,0,3,3,0,0,3,3,2,3,4,0,1,3,4,2,3,5,2,5,4,3,3
PY967,2,3,5,0,0,3,0,0,0,0,4,3,5,0,0,2,5,0,2,2,3,3,5,3,3,5,3,3,1
PY971,4,4,2,3,0,2,0,5,0,0,2,2,3,0,0,3,3,3,2,3,2,3,3,3,1,3,3,4,3
PY979,1,0,3,0,0,2,0,3,0,0,0,0,2,0,0,0,3,2,4,2,4,3,1,3,5,3,2,4,2
PY984,4,2,3,1,2,5,1,3,2,3,2,3,5,5,3,3,3,3,2,5,1,3,3,3,3,1,3,2,3
ST043,1,0,3,0,3,3,3,0,4,3,3,0,5,4,3,0,3,0,3,2,3,4,4,3,5,2,3,4,5
ST044,2,5,2,1,0,5,3,1,1,2,3,0,2,4,1,3,4,2,4,3,3,3,4,4,1,3,3,2,5
ST061,1,4,1,0,0,2,0,3,4,0,3,2,4,3,0,5,5,0,4,2,5,3,2,3,3,1,5,3,4
ST064,3,4,5,2,3,1,1,3,2,1,2,5,3,3,3,2,1,3,2,3,3,1,4,3,3,4,4,1,2
ST084,2,3,3,2,2,4,5,0,3,4,5,4,2,5,3,3,2,0,3,2,3,3,2,3,2,2,3,3,4
ST086,2,2,3,3,0,3,4,4,3,2,4,0,3,1,3,3,5,1,3,3,2,4,3,3,4,2,3,5,1
ST087,4,3,2,2,4,5,1,3,3,2,3,3,1,3,5,2,3,3,1,4,3,5,2,3,2,3,5,2,4
ST091,1,0,4,0,0,2,0,2,3,0,3,0,4,2,0,0,3,5,5,1,1,3,5,3,3,3,3,5,3
ST095,5,3,4,2,2,2,2,3,0,4,3,4,2,0,4,2,2,3,3,4,3,3,3,4,5,4,4,2,4
ST108,5,1,3,0,3,2,0,0,3,3,3,3,3,2,3,3,3,0,2,3,3,3,4,3,3,3,4,5,3
ST128,3,1,4,3,3,4,3,3,0,1,3,3,1,0,4,4,3,3,1,1,4,4,3,3,3,4,4,4,2
ST133,2,2,3,4,1,3,4,3,1,4,3,3,3,1,3,4,3,4,2,3,4,3,3,5,3,2,3,4,4
ST137,1,0,3,0,0,4,0,1,0,0,0,0,1,0,0,3,2,3,2,4,3,3,3,1,5,2,2,2,4
ST147,4,0,3,0,4,2,0,3,4,4,0,0,4,3,3,3,4,5,4,3,5,2,3,1,3,3,4,3,2
ST154,4,3,3,4,0,5,3,3,3,3,3,0,2,2,2,5,1,3,3,3,1,5,5,4,1,3,1,4,2
ST166,5,3,4,5,0,2,0,0,3,0,3,0,3,3,0,3,2,0,3,4,3,3,2,3,1,2,5,3,3
ST172,3,4,3,4,0,3,0,2,0,0,3,5,2,0,0,1,3,3,1,5,1,2,5,1,2,4,3,3,4
ST178,2,1,4,0,0,5,0,3,2,2,3,0,3,3,4,2,2,0,2,3,4,4,3,3,4,1,3,2,2
ST180,2,0,4,0,3,1,0,3,4,4,0,0,4,5,3,2,3,3,4,3,2,3,4,3,5,3,3,4,3
ST186,3,4,4,3,0,1,0,0,3,0,2,4,4,3,0,3,3,0,3,3,3,2,2,5,3,1,4,3,2
ST216,2,4,1,0,4,3,0,0,3,4,4,4,3,2,3,3,1,0,5,3,3,5,3,2,1,4,4,3,3
ST222,0,0,0,0,0,0,0,0,0,0,0,0,0,0,0,0,0,0,0,0,0,0,0,0,0,0,0,0,1
ST230,0,0,0,0,0,0,0,0,0,0,0,0,3,4,0,0,3,1,3,2,2,3,3,1,5,4,2,2,3
ST239,0,0,0,0,0,0,0,0,0,0,0,0,2,3,4,4,3,2,3,1,4,2,2,2,1,4,4,4,3
ST243,4,4,2,3,3,3,3,3,1,3,3,3,3,5,1,1,3,1,3,4,4,4,4,4,2,3,3,2,3
ST280,0,0,0,0,0,0,0,0,0,0,0,0,0,0,0,0,3,1,3,2,4,3,3,3,1,3,4,2,1
ST303,4,1,3,0,0,3,0,2,3,3,3,0,1,3,2,3,2,0,4,5,2,4,3,4,3,3,5,3,3
ST323,3,0,5,0,2,4,0,3,0,4,0,0,3,0,3,5,3,4,3,3,5,3,2,5,3,3,3,5,4
ST325,0,0,0,0,0,0,0,0,0,0,0,0,0,0,0,0,3,3,4,3,3,2,2,4,3,4,4,4,3
ST331,0,0,0,0,0,0,0,0,0,0,0,0,3,0,3,5,3,0,3,2,5,1,4,3,3,3,4,3,3
ST365,3,0,2,0,3,3,0,4,3,5,0,0,3,4,3,0,4,5,3,1,5,4,3,3,2,3,3,2,2
ST420,3,3,3,4,0,2,1,3,3,4,3,0,2,5,3,3,1,5,4,4,4,3,3,2,3,2,3,3,3
ST451,4,2,3,1,0,3,2,3,3,3,1,0,3,2,4,1,4,4,3,5,1,5,3,3,1,5,3,3,3
ST468,3,0,3,0,0,2,0,3,0,1,0,0,3,0,3,2,3,3,3,3,4,2,4,2,5,3,3,2,4
ST491,0,0,0,0,0,0,0,0,0,0,0,0,0,0,0,0,4,0,3,3,4,2,3,4,3,3,3,3,3
ST534,0,0,0,0,0,0,0,0,0,0,0,0,0,0,0,0,0,0,0,0,0,0,1,4,4,4,4,2,3
ST542,0,0,0,0,0,0,0,0,0,0,0,0,0,0,0,0,3,0,4,4,3,2,4,4,3,3,3,5,2
ST544,0,0,0,0,0,0,0,0,0,0,0,0,2,2,1,0,4,0,3,1,3,1,3,1,3,3,4,4,5
ST559,0,0,0,0,0,0,0,0,0,0,0,0,3,0,4,2,4,4,3,4,3,3,1,2,3,1,5,4,4
ST562,5,3,2,3,3,2,2,0,1,3,4,3,3,4,4,4,1,0,3,2,3,2,3,4,4,3,2,5,1
ST576,3,3,2,3,3,2,4,2,0,5,1,4,4,0,3,2,3,4,3,2,3,5,3,2,4,2,4,1,2
ST608,3,3,3,2,3,3,4,2,1,1,4,4,3,3,4,2,4,1,4,3,3,4,1,3,3,3,3,4,3
ST609,0,0,0,0,0,0,0,0,0,0,0,0,3,4,3,2,3,5,3,4,2,2,3,4,4,3,4,4,5
ST614,2,1,3,0,3,4,0,4,3,5,4,2,1,3,2,2,3,0,3,1,3,3,3,4,2,4,3,3,3
ST632,0,0,0,0,0,0,0,0,0,0,0,0,5,0,3,0,5,3,5,4,3,3,2,3,2,2,2,1,2
ST640,4,0,4,0,3,4,0,3,0,5,0,0,2,0,3,3,3,0,4,3,1,1,3,2,3,4,3,4,1
ST653,5,3,4,2,2,3,3,4,0,5,3,3,3,0,2,3,3,2,1,3,3,2,3,5,3,3,4,3,5
ST660,1,0,3,0,5,4,0,3,3,3,5,0,2,3,3,0,3,0,3,4,3,3,3,3,1,4,1,2,3
ST708,2,2,4,4,0,3,3,4,2,3,1,0,3,2,5,4,3,2,1,3,2,4,4,4,4,1,3,3,2
ST717,0,0,0,0,0,0,0,0,0,0,0,0,3,4,1,3,2,1,3,3,5,2,3,3,3,4,3,3,5
ST724,3,4,2,5,3,1,4,4,4,3,5,2,2,4,3,3,5,1,2,4,3,2,4,5,3,1,4,5,3
ST735,5,2,4,2,0,3,0,3,3,0,3,4,5,3,0,3,2,4,3,1,4,2,4,3,4,3,5,3,3
ST746,2,2,3,0,2,3,0,3,0,3,3,1,4,0,4,1,2,0,4,3,3,2,5,3,3,2,5,2,4
ST759,0,0,0,0,0,0,0,0,0,0,0,0,0,0,0,0,2,0,3,2,3,1,4,1,1,2,3,2,3
ST784,0,0,0,0,0,0,0,0,0,0,0,0,0,0,0,0,4,4,3,2,1,2,3,3,5,3,4,5,5
ST794,0,0,0,0,0,0,0,0,0,0,0,0,0,0,0,0,3,3,5,2,2,4,3,4,5,1,2,1,4
ST815,0,0,0,0,0,0,0,0,0,0,0,0,3,4,0,3,1,2,3,2,2,3,2,2,2,3,2,4,4
ST819,3,3,5,2,5,2,3,5,4,3,1,1,4,1,1,3,3,5,2,2,4,3,3,1,3,4,5,3,3
ST843,0,0,0,0,0,0,0,0,0,0,0,0,0,0,0,0,0,0,2,3,3,2,3,3,5,3,4,2,4
ST846,3,2,4,0,0,2,0,5,2,5,4,0,2,5,2,2,3,0,3,3,5,2,4,5,2,4,1,3,3
ST872,1,3,2,3,3,4,2,3,2,3,4,2,4,3,3,3,4,3,3,1,4,4,2,1,3,5,4,4,3
ST887,0,0,0,0,0,0,0,0,0,0,0,0,3,3,3,5,4,0,3,2,5,5,3,2,1,4,5,3,4
ST897,3,3,3,3,3,3,3,4,3,4,4,5,2,2,3,3,3,3,3,5,3,5,3,2,1,3,5,4,3
ST908,3,0,5,0,0,3,0,0,4,0,2,0,3,3,0,0,1,0,2,2,3,5,3,4,3,2,3,1,4
ST909,4,5,3,4,0,3,0,0,1,0,4,0,3,4,0,2,2,0,3,3,3,4,4,3,4,4,2,5,4
ST937,2,3,2,3,2,2,3,0,0,3,4,2,4,0,4,3,4,0,5,3,1,5,3,3,2,4,5,5,4
ST962,3,0,3,0,5,2,1,4,2,1,3,0,3,2,4,0,3,3,3,1,4,3,1,1,5,3,2,3,2
ST968,2,3,2,3,4,5,5,4,0,3,3,3,4,0,1,3,1,1,1,3,3,4,3,1,1,3,3,4,5
ST975,3,0,3,0,0,4,0,3,1,0,0,0,3,3,0,1,3,4,3,5,4,1,4,5,3,3,3,4,1
ST986,4,2,1,3,2,4,3,4,0,2,1,3,5,0,3,5,2,3,5,3,3,5,5,3,4,1,3,3,3
