Instance,Trial,Generation,Time,Best,Worst
yor-f-83,1,0,0.24064326286315918,25024.0,223000032242.0
yor-f-83,1,1,0.468487024307251,25024.0,219000032112.0
yor-f-83,1,2,1.3922579288482666,25024.0,216000031652.0
yor-f-83,1,3,1.6588191986083984,25024.0,211000033658.0
yor-f-83,1,4,2.0867927074432373,25024.0,208000032256.0
yor-f-83,1,5,2.4281630516052246,25024.0,206000031158.0
yor-f-83,1,6,3.077793836593628,25024.0,204000032076.0
yor-f-83,1,7,3.3011226654052734,25024.0,201000032726.0
yor-f-83,1,8,3.5180466175079346,25024.0,198000031700.0
yor-f-83,1,9,3.7512454986572266,25024.0,195000031050.0
yor-f-83,1,10,3.9527885913848877,25024.0,172000030926.0
yor-f-83,1,11,4.420224189758301,25024.0,139000027980.0
yor-f-83,1,12,4.648726224899292,25024.0,120000028280.0
yor-f-83,1,13,4.868072032928467,25024.0,110000028976.0
yor-f-83,1,14,5.084452390670776,25024.0,94000026326.0
yor-f-83,1,15,5.285159349441528,25024.0,75000026180.0
yor-f-83,1,16,5.501694679260254,25024.0,66000027636.0
yor-f-83,1,17,5.96931529045105,25024.0,59000025212.0
yor-f-83,1,18,6.217188835144043,25024.0,50000028210.0
yor-f-83,1,19,6.483525276184082,25024.0,23000026092.0
yor-f-83,1,20,6.701218605041504,25024.0,9000025840.0
yor-f-83,1,21,6.91811990737915,25024.0,9000025832.0
yor-f-83,1,22,7.1346964836120605,25024.0,6000026162.0
yor-f-83,1,23,7.3679585456848145,25024.0,5000026024.0
yor-f-83,1,24,7.568416357040405,25024.0,5000025834.0
yor-f-83,1,25,7.768931865692139,25024.0,5000025782.0
yor-f-83,1,26,7.984633207321167,25024.0,3000025970.0
yor-f-83,1,27,8.184518337249756,25024.0,3000025934.0
yor-f-83,1,28,8.416723489761353,25024.0,3000025934.0
yor-f-83,1,29,8.68192172050476,25024.0,1000025010.0
yor-f-83,1,30,8.869391679763794,25024.0,26680.0
yor-f-83,1,31,9.10008192062378,25024.0,26044.0
yor-f-83,1,32,9.301891565322876,25024.0,26044.0
yor-f-83,1,33,9.501110315322876,25024.0,26044.0
yor-f-83,1,34,9.68569827079773,25024.0,26044.0
yor-f-83,1,35,9.8701810836792,25024.0,26044.0
yor-f-83,1,36,10.069051265716553,25024.0,26044.0
yor-f-83,1,37,10.284894943237305,25024.0,26044.0
yor-f-83,1,38,10.485210180282593,25024.0,25992.0
yor-f-83,1,39,10.68431806564331,25024.0,25992.0
yor-f-83,1,40,10.88524341583252,25024.0,25992.0
yor-f-83,1,41,11.085363149642944,25024.0,25992.0
yor-f-83,1,42,11.285953283309937,25024.0,25992.0
yor-f-83,1,43,11.517022848129272,25024.0,25992.0
yor-f-83,1,44,11.765082359313965,25024.0,25992.0
yor-f-83,1,45,11.968410730361938,25024.0,25984.0
yor-f-83,1,46,12.16828989982605,25024.0,25984.0
yor-f-83,1,47,12.359822750091553,25024.0,25984.0
yor-f-83,1,48,12.567729234695435,25024.0,25984.0
yor-f-83,1,49,12.78524661064148,25024.0,25984.0
yor-f-83,1,50,12.969848871231079,25024.0,25984.0
yor-f-83,1,51,13.184140682220459,25024.0,25984.0
yor-f-83,1,52,13.369290828704834,25024.0,25984.0
yor-f-83,1,53,13.569498300552368,25024.0,25984.0
yor-f-83,1,54,13.76810622215271,25024.0,25984.0
yor-f-83,1,55,13.96266508102417,25024.0,25984.0
yor-f-83,1,56,14.2138671875,25024.0,25984.0
yor-f-83,1,57,14.699928522109985,25024.0,25984.0
yor-f-83,1,58,14.93302297592163,25024.0,25984.0
yor-f-83,1,59,15.150396585464478,25024.0,25984.0
yor-f-83,1,60,15.349653720855713,25024.0,25984.0
yor-f-83,1,61,15.61413288116455,25024.0,25984.0
yor-f-83,1,62,15.802894115447998,25024.0,25984.0
yor-f-83,1,63,15.986433744430542,25024.0,25984.0
yor-f-83,1,64,16.20125102996826,25024.0,25984.0
yor-f-83,1,65,16.417245388031006,25024.0,25984.0
yor-f-83,1,66,16.63354253768921,25024.0,25984.0
yor-f-83,1,67,16.850437879562378,25024.0,25984.0
yor-f-83,1,68,17.050403594970703,25024.0,25984.0
yor-f-83,1,69,17.28341269493103,25024.0,25984.0
yor-f-83,1,70,17.4996120929718,25024.0,25984.0
yor-f-83,1,71,17.746922731399536,25024.0,25984.0
yor-f-83,1,72,17.97048854827881,25024.0,25984.0
yor-f-83,1,73,18.21554183959961,25024.0,25984.0
yor-f-83,1,74,18.418167114257812,25024.0,25984.0
yor-f-83,1,75,18.633025407791138,25024.0,25984.0
yor-f-83,1,76,18.850228309631348,25024.0,25984.0
yor-f-83,1,77,19.05031180381775,25024.0,25984.0
yor-f-83,1,78,19.250876665115356,25024.0,25984.0
yor-f-83,1,79,19.45016360282898,25024.0,25984.0
yor-f-83,1,80,19.634663105010986,25024.0,25984.0
yor-f-83,1,81,19.943899393081665,25024.0,25984.0
yor-f-83,1,82,20.199061632156372,25024.0,25984.0
yor-f-83,1,83,20.683445930480957,25024.0,25984.0
yor-f-83,1,84,20.88464903831482,25024.0,25984.0
yor-f-83,1,85,21.085737943649292,25024.0,25984.0
yor-f-83,1,86,21.277161836624146,25024.0,25984.0
yor-f-83,1,87,21.483514070510864,25024.0,25984.0
yor-f-83,1,88,21.70059561729431,25024.0,25984.0
yor-f-83,1,89,21.931673526763916,25024.0,25984.0
yor-f-83,1,90,22.14912462234497,25024.0,25984.0
yor-f-83,1,91,22.349534034729004,25024.0,25984.0
yor-f-83,1,92,22.550967931747437,25024.0,25984.0
yor-f-83,1,93,22.766839265823364,25024.0,25984.0
yor-f-83,1,94,22.982831716537476,25024.0,25984.0
yor-f-83,1,95,23.198651552200317,25024.0,25984.0
yor-f-83,1,96,23.400654554367065,25024.0,25984.0
yor-f-83,1,97,23.88368511199951,25024.0,25984.0
yor-f-83,1,98,24.084693908691406,25024.0,25984.0
yor-f-83,1,99,24.2670578956604,25024.0,25984.0
yor-f-83,1,100,24.498661518096924,25024.0,25984.0
yor-f-83,1,101,24.71681308746338,25024.0,25984.0
yor-f-83,1,102,24.931816339492798,25024.0,25984.0
yor-f-83,1,103,25.400471448898315,25024.0,25984.0
yor-f-83,1,104,25.631540298461914,25024.0,25984.0
yor-f-83,1,105,25.83402967453003,25024.0,25984.0
yor-f-83,1,106,26.048145055770874,25024.0,25984.0
yor-f-83,1,107,26.248902559280396,25024.0,25984.0
yor-f-83,1,108,26.448983430862427,25024.0,25984.0
yor-f-83,1,109,26.63371706008911,25024.0,25984.0
yor-f-83,1,110,26.942296981811523,25024.0,25984.0
yor-f-83,1,111,27.150139093399048,25024.0,25984.0
yor-f-83,1,112,27.38165044784546,25024.0,25984.0
yor-f-83,1,113,27.598243951797485,25024.0,25984.0
yor-f-83,1,114,27.790086269378662,25024.0,25984.0
yor-f-83,1,115,27.999471426010132,25024.0,25984.0
yor-f-83,1,116,28.23206067085266,25024.0,25984.0
yor-f-83,1,117,28.46360158920288,25024.0,25984.0
yor-f-83,1,118,28.68147850036621,25024.0,25984.0
yor-f-83,1,119,28.86812448501587,25024.0,25984.0
yor-f-83,1,120,29.06669807434082,25024.0,25984.0
yor-f-83,1,121,29.298392057418823,25024.0,25984.0
yor-f-83,1,122,29.48203182220459,25024.0,25984.0
yor-f-83,1,123,29.682828903198242,25024.0,25984.0
yor-f-83,1,124,29.94545578956604,25024.0,25984.0
yor-f-83,1,125,30.133174657821655,25024.0,25984.0
yor-f-83,1,126,30.316723585128784,25024.0,25984.0
yor-f-83,1,127,30.53190016746521,25024.0,25984.0
yor-f-83,1,128,30.732977628707886,25024.0,25984.0
yor-f-83,1,129,30.94904661178589,25024.0,25984.0
yor-f-83,1,130,31.148789167404175,25024.0,25984.0
yor-f-83,1,131,31.36547565460205,25024.0,25984.0
yor-f-83,1,132,31.597496509552002,25024.0,25984.0
yor-f-83,1,133,31.800894498825073,25024.0,25984.0
yor-f-83,1,134,32.01602482795715,25024.0,25984.0
yor-f-83,1,135,32.24748969078064,25024.0,25984.0
yor-f-83,1,136,32.44788980484009,25024.0,25984.0
yor-f-83,1,137,32.633063554763794,25024.0,25984.0
yor-f-83,1,138,32.817245960235596,25024.0,25984.0
yor-f-83,1,139,33.03143763542175,25024.0,25984.0
yor-f-83,1,140,33.251867055892944,25024.0,25984.0
yor-f-83,1,141,33.44880557060242,25024.0,25984.0
yor-f-83,1,142,33.66537833213806,25024.0,25984.0
yor-f-83,1,143,33.865233182907104,25024.0,25984.0
yor-f-83,1,144,34.06516098976135,25024.0,25984.0
yor-f-83,1,145,34.26625943183899,25024.0,25984.0
yor-f-83,1,146,34.60705018043518,25024.0,25984.0
yor-f-83,1,147,34.81610822677612,25024.0,25984.0
yor-f-83,1,148,34.99960160255432,25024.0,25984.0
yor-f-83,1,149,35.21455478668213,25024.0,25984.0
yor-f-83,1,150,35.39916777610779,25024.0,25984.0
yor-f-83,1,151,35.646262645721436,25024.0,25984.0
yor-f-83,1,152,35.878310680389404,25024.0,25984.0
yor-f-83,1,153,36.17562770843506,25024.0,25984.0
yor-f-83,1,154,36.38257575035095,25024.0,25984.0
yor-f-83,1,155,36.58090615272522,25024.0,25984.0
yor-f-83,1,156,37.033939838409424,25024.0,25984.0
yor-f-83,1,157,37.279285192489624,25024.0,25984.0
yor-f-83,1,158,37.52945280075073,25024.0,25984.0
yor-f-83,1,159,37.71596074104309,25024.0,25984.0
yor-f-83,1,160,37.9156289100647,25024.0,25984.0
yor-f-83,1,161,38.13219475746155,25024.0,25984.0
yor-f-83,1,162,38.362525939941406,25024.0,25984.0
yor-f-83,1,163,38.61525058746338,25024.0,25984.0
yor-f-83,1,164,38.845611810684204,25024.0,25984.0
yor-f-83,1,165,39.03319501876831,25024.0,25984.0
yor-f-83,1,166,39.23149514198303,25024.0,25984.0
yor-f-83,1,167,39.4468994140625,25024.0,25984.0
yor-f-83,1,168,39.648260831832886,25024.0,25984.0
yor-f-83,1,169,39.895620346069336,25024.0,25984.0
yor-f-83,1,170,40.097585916519165,25024.0,25984.0
yor-f-83,1,171,40.31944799423218,25024.0,25984.0
yor-f-83,1,172,40.547104597091675,25024.0,25984.0
yor-f-83,1,173,40.778650760650635,25024.0,25984.0
yor-f-83,1,174,40.98089098930359,25024.0,25984.0
yor-f-83,1,175,41.220653772354126,25024.0,25984.0
yor-f-83,1,176,41.42063021659851,25024.0,25984.0
yor-f-83,1,177,41.63091588020325,25024.0,25984.0
yor-f-83,1,178,41.94196367263794,25024.0,25984.0
yor-f-83,1,179,42.17978024482727,25024.0,25984.0
yor-f-83,1,180,42.38100576400757,25024.0,25984.0
yor-f-83,1,181,42.5823769569397,25024.0,25984.0
yor-f-83,1,182,42.82466435432434,25024.0,25984.0
yor-f-83,1,183,43.030407190322876,25024.0,25984.0
yor-f-83,1,184,43.26324653625488,25024.0,25984.0
yor-f-83,1,185,43.46509337425232,25024.0,25984.0
yor-f-83,1,186,43.680283069610596,25024.0,25984.0
yor-f-83,1,187,43.879926443099976,25024.0,25984.0
yor-f-83,1,188,44.09759521484375,25024.0,25984.0
yor-f-83,1,189,44.28175473213196,25024.0,25984.0
yor-f-83,1,190,44.48111081123352,25024.0,25984.0
yor-f-83,1,191,44.6796932220459,25024.0,25984.0
yor-f-83,1,192,44.91273021697998,25024.0,25984.0
yor-f-83,1,193,45.161253929138184,25024.0,25984.0
yor-f-83,1,194,45.36462044715881,25024.0,25984.0
yor-f-83,1,195,45.57994985580444,25024.0,25984.0
yor-f-83,1,196,45.79522752761841,25024.0,25984.0
yor-f-83,1,197,46.013168811798096,25024.0,25984.0
yor-f-83,1,198,46.1979079246521,25024.0,25984.0
yor-f-83,1,199,46.41339349746704,25024.0,25984.0
yor-f-83,1,200,46.644880533218384,25024.0,25984.0
yor-f-83,1,201,46.84762668609619,25024.0,25984.0
yor-f-83,1,202,47.047709703445435,25024.0,25984.0
yor-f-83,1,203,47.29442048072815,25024.0,25984.0
yor-f-83,1,204,47.49658489227295,25024.0,25984.0
yor-f-83,1,205,47.7356960773468,25024.0,25984.0
yor-f-83,1,206,47.930925130844116,25024.0,25984.0
yor-f-83,1,207,48.161190032958984,25024.0,25984.0
yor-f-83,1,208,48.36279797554016,25024.0,25984.0
yor-f-83,1,209,48.5471715927124,25024.0,25984.0
yor-f-83,1,210,48.77883219718933,25024.0,25984.0
yor-f-83,1,211,48.98100233078003,25024.0,25984.0
yor-f-83,1,212,49.18104791641235,25024.0,25984.0
yor-f-83,1,213,49.380584955215454,25024.0,25984.0
yor-f-83,1,214,49.5631320476532,25024.0,25984.0
yor-f-83,1,215,49.76344394683838,25024.0,25984.0
yor-f-83,1,216,49.97961974143982,25024.0,25984.0
yor-f-83,1,217,50.16322112083435,25024.0,25984.0
yor-f-83,1,218,50.395235538482666,25024.0,25984.0
yor-f-83,1,219,50.581504583358765,25024.0,25984.0
yor-f-83,1,220,50.842482805252075,25024.0,25984.0
yor-f-83,1,221,51.06160879135132,25024.0,25984.0
yor-f-83,1,222,51.263267278671265,25024.0,25984.0
yor-f-83,1,223,51.51095247268677,25024.0,25984.0
yor-f-83,1,224,51.728617668151855,25024.0,25984.0
yor-f-83,1,225,51.94617033004761,25024.0,25984.0
yor-f-83,1,226,52.16220760345459,25024.0,25984.0
yor-f-83,1,227,52.36366677284241,25024.0,25984.0
yor-f-83,1,228,52.57885932922363,25024.0,25984.0
yor-f-83,1,229,52.8271119594574,25024.0,25984.0
yor-f-83,1,230,53.29681086540222,25024.0,25984.0
yor-f-83,1,231,53.47911763191223,25024.0,25984.0
yor-f-83,1,232,53.68020558357239,25024.0,25984.0
yor-f-83,1,233,53.88033962249756,25024.0,25984.0
yor-f-83,1,234,54.07962441444397,25024.0,25984.0
yor-f-83,1,235,54.294559955596924,25024.0,25984.0
yor-f-83,1,236,54.51151752471924,25024.0,25984.0
yor-f-83,1,237,54.7290461063385,25012.0,25984.0
yor-f-83,1,238,54.92979669570923,25012.0,25984.0
yor-f-83,1,239,55.16128396987915,25012.0,25984.0
yor-f-83,1,240,55.36335563659668,25012.0,25984.0
yor-f-83,1,241,55.56358790397644,25012.0,25984.0
yor-f-83,1,242,55.77865481376648,25012.0,25984.0
yor-f-83,1,243,55.99562954902649,25012.0,25984.0
yor-f-83,1,244,56.21129608154297,25012.0,25984.0
yor-f-83,1,245,56.41208481788635,25012.0,25984.0
yor-f-83,1,246,56.62893319129944,25012.0,25984.0
yor-f-83,1,247,56.86168694496155,25012.0,25984.0
yor-f-83,1,248,57.05359935760498,25012.0,25984.0
yor-f-83,1,249,57.26239013671875,25012.0,25032.0
yor-f-83,1,250,57.493027687072754,25012.0,25032.0
yor-f-83,1,251,57.71136474609375,25012.0,25030.0
yor-f-83,1,252,57.896913290023804,25012.0,25024.0
yor-f-83,1,253,58.112160205841064,25012.0,25024.0
yor-f-83,1,254,58.2975389957428,25012.0,25024.0
yor-f-83,1,255,58.511478662490845,25012.0,25024.0
yor-f-83,1,256,58.71219277381897,25012.0,25024.0
yor-f-83,1,257,58.94387221336365,24976.0,25024.0
yor-f-83,1,258,59.12939095497131,24976.0,25024.0
yor-f-83,1,259,59.32804727554321,24976.0,25024.0
yor-f-83,1,260,59.54508423805237,24976.0,25024.0
yor-f-83,1,261,59.76157283782959,24976.0,25024.0
yor-f-83,1,262,59.992289543151855,24976.0,25024.0
yor-f-83,1,263,60.21172833442688,24976.0,25024.0
yor-f-83,1,264,60.427841901779175,24976.0,25024.0
yor-f-83,1,265,60.62883377075195,24976.0,25024.0
yor-f-83,1,266,60.829107999801636,24976.0,25024.0
yor-f-83,1,267,61.02961707115173,24976.0,25024.0
yor-f-83,1,268,61.244486570358276,24976.0,25024.0
yor-f-83,1,269,61.46379613876343,24976.0,25024.0
yor-f-83,1,270,61.677008628845215,24976.0,25012.0
yor-f-83,1,271,61.86416506767273,24976.0,25012.0
yor-f-83,1,272,62.0642774105072,24976.0,25012.0
yor-f-83,1,273,67.76048040390015,24084.0,223000032862.0
yor-f-83,1,274,68.00922155380249,24084.0,216000031816.0
yor-f-83,1,275,68.19399976730347,24084.0,211000033596.0
yor-f-83,1,276,68.41024732589722,24084.0,208000032684.0
yor-f-83,1,277,68.62855577468872,24084.0,205000030864.0
yor-f-83,1,278,68.89139342308044,24084.0,202000031090.0
yor-f-83,1,279,69.09472632408142,24084.0,197000032954.0
yor-f-83,1,280,69.29410934448242,24084.0,192000031010.0
yor-f-83,1,281,69.51086211204529,24084.0,124000027828.0
yor-f-83,1,282,69.72627854347229,24084.0,108000027328.0
yor-f-83,1,283,69.94358468055725,24084.0,100000027112.0
yor-f-83,1,284,70.14383006095886,24084.0,92000028214.0
yor-f-83,1,285,70.35971927642822,24084.0,84000027060.0
yor-f-83,1,286,70.59277892112732,24084.0,69000027426.0
yor-f-83,1,287,70.794846534729,24084.0,63000025562.0
yor-f-83,1,288,70.99440836906433,24084.0,33000024552.0
yor-f-83,1,289,71.19494152069092,24084.0,13000025280.0
yor-f-83,1,290,71.42612099647522,24084.0,6000024410.0
yor-f-83,1,291,71.6580011844635,24084.0,4000024972.0
yor-f-83,1,292,71.86042189598083,24084.0,4000024388.0
yor-f-83,1,293,72.04432559013367,24084.0,4000024360.0
yor-f-83,1,294,72.26109576225281,24084.0,3000024398.0
yor-f-83,1,295,72.48569464683533,24084.0,3000024398.0
yor-f-83,1,296,72.70917677879333,24084.0,2000024406.0
yor-f-83,1,297,72.9106240272522,24084.0,2000024384.0
yor-f-83,1,298,73.11049199104309,24084.0,1000024404.0
yor-f-83,1,299,73.32677364349365,24084.0,1000024398.0
yor-f-83,1,300,73.54340887069702,24084.0,26182.0
yor-f-83,1,301,73.75899767875671,24084.0,24976.0
yor-f-83,1,302,73.99147915840149,24084.0,24976.0
yor-f-83,1,303,74.19523572921753,24084.0,24976.0
yor-f-83,1,304,74.39315390586853,24084.0,24976.0
yor-f-83,1,305,74.60995578765869,24084.0,24976.0
yor-f-83,1,306,74.85773468017578,24084.0,24394.0
yor-f-83,1,307,75.09213328361511,24084.0,24392.0
yor-f-83,1,308,75.29467678070068,24084.0,24390.0
yor-f-83,1,309,75.47628855705261,24084.0,24390.0
yor-f-83,1,310,75.69319081306458,24084.0,24384.0
yor-f-83,1,311,75.90856885910034,24084.0,24384.0
yor-f-83,1,312,76.11011838912964,24084.0,24384.0
yor-f-83,1,313,76.30960583686829,24084.0,24378.0
yor-f-83,1,314,76.55769085884094,24084.0,24234.0
yor-f-83,1,315,76.7752788066864,24084.0,24234.0
yor-f-83,1,316,76.96131634712219,24084.0,24234.0
yor-f-83,1,317,77.2068464756012,24084.0,24234.0
yor-f-83,1,318,77.4262375831604,24084.0,24234.0
yor-f-83,1,319,77.64270615577698,24084.0,24234.0
yor-f-83,1,320,80.30833911895752,24084.0,223000032948.0
yor-f-83,1,321,80.52538251876831,24084.0,215000032238.0
yor-f-83,1,322,80.74225449562073,24084.0,210000031990.0
yor-f-83,1,323,80.9904375076294,24084.0,205000031588.0
yor-f-83,1,324,81.20880675315857,24084.0,202000032292.0
yor-f-83,1,325,81.3943293094635,24084.0,197000030586.0
yor-f-83,1,326,81.65600061416626,24084.0,186000032530.0
yor-f-83,1,327,81.89056277275085,24084.0,91000026210.0
yor-f-83,1,328,82.10890674591064,24084.0,22000024824.0
yor-f-83,1,329,82.35752129554749,24084.0,5000024080.0
yor-f-83,1,330,82.55963850021362,24084.0,5000024080.0
yor-f-83,1,331,82.8089849948883,24084.0,5000024080.0
yor-f-83,1,332,83.01050639152527,24084.0,5000024080.0
yor-f-83,1,333,83.21016931533813,24084.0,5000024070.0
yor-f-83,1,334,83.41045618057251,24084.0,3000024082.0
yor-f-83,1,335,83.68895196914673,24084.0,2000024072.0
yor-f-83,1,336,83.95013403892517,24084.0,2000024072.0
yor-f-83,1,337,84.15520572662354,24084.0,2000024070.0
yor-f-83,1,338,84.3952476978302,24084.0,2000024070.0
yor-f-83,1,339,84.61528158187866,24084.0,1000024068.0
yor-f-83,1,340,84.8280737400055,24084.0,1000024068.0
yor-f-83,1,341,85.03484654426575,24084.0,1000024068.0
yor-f-83,1,342,85.25904989242554,24084.0,1000024068.0
yor-f-83,1,343,85.46976375579834,24084.0,1000024068.0
yor-f-83,1,344,85.66478490829468,24084.0,1000024068.0
yor-f-83,1,345,85.87511539459229,24084.0,1000024068.0
yor-f-83,1,346,86.07476592063904,24078.0,1000024068.0
yor-f-83,1,347,86.2848904132843,24078.0,1000024068.0
yor-f-83,1,348,86.49196434020996,24078.0,1000024068.0
yor-f-83,1,349,86.69199967384338,24078.0,1000024068.0
yor-f-83,1,350,86.94012188911438,24078.0,1000024068.0
yor-f-83,1,351,87.1406102180481,24078.0,1000024068.0
yor-f-83,1,352,87.34252953529358,24078.0,1000024068.0
yor-f-83,1,353,87.54176163673401,24078.0,1000024068.0
yor-f-83,1,354,87.74270272254944,24078.0,1000024068.0
yor-f-83,1,355,87.92609667778015,24078.0,1000024068.0
yor-f-83,1,356,88.15720200538635,24078.0,1000024068.0
yor-f-83,1,357,88.42125868797302,24078.0,1000024068.0
yor-f-83,1,358,88.64249539375305,24078.0,1000024068.0
yor-f-83,1,359,88.841481924057,24078.0,1000024068.0
yor-f-83,1,360,89.10511517524719,24078.0,1000024068.0
yor-f-83,1,361,89.32390308380127,24078.0,1000024068.0
yor-f-83,1,362,89.54041934013367,24078.0,1000024068.0
yor-f-83,1,363,89.74146938323975,24078.0,26652.0
yor-f-83,1,364,89.95808434486389,24078.0,24818.0
yor-f-83,1,365,90.1927559375763,24078.0,24084.0
yor-f-83,1,366,90.40857243537903,24078.0,24084.0
yor-f-83,1,367,90.62462186813354,24078.0,24084.0
yor-f-83,1,368,90.8723373413086,24078.0,24084.0
yor-f-83,1,369,91.09464931488037,24078.0,24084.0
yor-f-83,1,370,91.29510116577148,24078.0,24084.0
yor-f-83,1,371,91.49538111686707,24078.0,24084.0
yor-f-83,1,372,91.70761442184448,24078.0,24084.0
yor-f-83,1,373,91.92487072944641,24078.0,24084.0
yor-f-83,1,374,92.12431764602661,24078.0,24084.0
yor-f-83,1,375,92.32600569725037,24078.0,24084.0
yor-f-83,1,376,92.57150721549988,24078.0,24082.0
yor-f-83,1,377,98.2403154373169,24024.0,222000036126.0
yor-f-83,1,378,98.44062066078186,24024.0,214000033184.0
yor-f-83,1,379,98.63981795310974,24024.0,209000032468.0
yor-f-83,1,380,98.8726258277893,24024.0,206000032534.0
yor-f-83,1,381,99.07286977767944,24024.0,202000032216.0
yor-f-83,1,382,99.27329754829407,24024.0,199000031930.0
yor-f-83,1,383,99.45785355567932,24024.0,194000032962.0
yor-f-83,1,384,99.68886756896973,24024.0,119000029070.0
yor-f-83,1,385,99.88988542556763,24024.0,105000027362.0
yor-f-83,1,386,100.10893130302429,24024.0,81000028360.0
yor-f-83,1,387,100.32366275787354,24024.0,26000024110.0
yor-f-83,1,388,100.52368474006653,24024.0,26722.0
yor-f-83,1,389,100.72348427772522,24024.0,25148.0
yor-f-83,1,390,100.9230363368988,24024.0,24078.0
yor-f-83,1,391,101.12367105484009,24024.0,24078.0
yor-f-83,1,392,101.32398271560669,24024.0,24078.0
yor-f-83,1,393,101.55505228042603,24024.0,24078.0
yor-f-83,1,394,101.74221563339233,24024.0,24078.0
yor-f-83,1,395,101.95542168617249,24024.0,24078.0
yor-f-83,1,396,102.1418948173523,24024.0,24078.0
yor-f-83,1,397,102.35663557052612,24024.0,24078.0
yor-f-83,1,398,107.73554635047913,24024.0,222000031990.0
yor-f-83,1,399,107.95482969284058,24024.0,215000032942.0
yor-f-83,1,400,108.14140486717224,24024.0,212000032166.0
yor-f-83,1,401,108.40297150611877,24024.0,207000033878.0
yor-f-83,1,402,108.62115097045898,24024.0,205000031780.0
yor-f-83,1,403,108.80632138252258,24024.0,201000032534.0
yor-f-83,1,404,109.02179169654846,24024.0,197000031584.0
yor-f-83,1,405,109.23905944824219,24024.0,112000028298.0
yor-f-83,1,406,109.45560264587402,24024.0,102000027506.0
yor-f-83,1,407,109.65534281730652,24024.0,64000025374.0
yor-f-83,1,408,109.8720817565918,24024.0,48000025090.0
yor-f-83,1,409,110.0889368057251,24024.0,24000024494.0
yor-f-83,1,410,110.28873896598816,24024.0,2000024014.0
yor-f-83,1,411,110.48944115638733,24024.0,2000024014.0
yor-f-83,1,412,110.70503330230713,24024.0,2000024014.0
yor-f-83,1,413,110.90589642524719,24024.0,2000024014.0
yor-f-83,1,414,111.10410904884338,24024.0,2000024014.0
yor-f-83,1,415,117.33629560470581,24024.0,223000033400.0
yor-f-83,1,416,117.54451751708984,24024.0,216000032382.0
yor-f-83,1,417,117.75488829612732,24024.0,209000032650.0
yor-f-83,1,418,117.97104740142822,24024.0,205000032700.0
yor-f-83,1,419,118.18723368644714,24024.0,203000033980.0
yor-f-83,1,420,118.38886141777039,23988.0,200000030352.0
yor-f-83,1,421,118.58826208114624,23988.0,195000032264.0
yor-f-83,1,422,118.83493566513062,23988.0,112000030060.0
yor-f-83,1,423,119.04736089706421,23988.0,7000024066.0
yor-f-83,1,424,119.26977205276489,23988.0,6000023998.0
yor-f-83,1,425,119.45570373535156,23988.0,6000023998.0
yor-f-83,1,426,119.6707546710968,23988.0,1000023986.0
yor-f-83,1,427,119.90255546569824,23988.0,26664.0
yor-f-83,1,428,120.1036102771759,23988.0,24024.0
yor-f-83,1,429,120.30543899536133,23988.0,24024.0
yor-f-83,1,430,120.4887318611145,23988.0,24024.0
yor-f-83,1,431,126.60242056846619,23988.0,222000032376.0
yor-f-83,1,432,126.8201653957367,23988.0,214000033294.0
yor-f-83,1,433,127.03728246688843,23988.0,209000031398.0
yor-f-83,1,434,127.26916790008545,23988.0,207000031608.0
yor-f-83,1,435,127.48650598526001,23988.0,204000032036.0
yor-f-83,1,436,127.68766665458679,23988.0,202000031390.0
yor-f-83,1,437,127.90317416191101,23988.0,197000033860.0
yor-f-83,1,438,128.08886337280273,23988.0,192000032786.0
yor-f-83,1,439,136.60224199295044,23988.0,224000031882.0
yor-f-83,1,440,136.8031063079834,23988.0,216000032732.0
yor-f-83,1,441,136.98736476898193,23988.0,209000033854.0
yor-f-83,1,442,137.19833612442017,23988.0,205000033146.0
yor-f-83,1,443,137.41762471199036,23988.0,202000032016.0
yor-f-83,1,444,137.68350195884705,23988.0,198000033882.0
yor-f-83,1,445,137.88378262519836,23988.0,191000031210.0
yor-f-83,1,446,138.0533890724182,23988.0,101000028542.0
yor-f-83,1,447,141.35101628303528,23988.0,224000032390.0
yor-f-83,1,448,141.5350739955902,23988.0,213000032298.0
yor-f-83,1,449,141.75108432769775,23988.0,209000033144.0
yor-f-83,1,450,141.96775722503662,23988.0,206000031006.0
yor-f-83,1,451,142.1689510345459,23988.0,203000032482.0
yor-f-83,1,452,142.39249062538147,23988.0,199000030946.0
yor-f-83,1,453,142.58538126945496,23988.0,162000030168.0
yor-f-83,1,454,142.8000626564026,23988.0,110000030272.0
yor-f-83,1,455,143.01703810691833,23988.0,64000027262.0
yor-f-83,1,456,147.70201802253723,23988.0,222000036176.0
yor-f-83,1,457,147.90233755111694,23988.0,215000031662.0
yor-f-83,1,458,148.1488516330719,23988.0,208000032430.0
yor-f-83,1,459,148.36700105667114,23988.0,205000032186.0
yor-f-83,1,460,148.5829873085022,23988.0,203000031288.0
yor-f-83,1,461,148.78381085395813,23988.0,198000032920.0
yor-f-83,1,462,148.9687159061432,23988.0,192000034682.0
yor-f-83,1,463,149.16625833511353,23988.0,146000029188.0
yor-f-83,1,464,149.3678228855133,23988.0,79000026160.0
yor-f-83,1,465,153.5999755859375,23988.0,222000032302.0
yor-f-83,1,466,153.79943537712097,23988.0,215000033518.0
yor-f-83,1,467,154.00045132637024,23988.0,206000033596.0
yor-f-83,1,468,154.19875526428223,23988.0,202000031804.0
yor-f-83,1,469,154.43236756324768,23988.0,199000031800.0
yor-f-83,1,470,154.63459134101868,23988.0,196000031542.0
yor-f-83,1,471,154.81763887405396,23988.0,117000027766.0
yor-f-83,1,472,155.04930210113525,23988.0,87000025638.0
yor-f-83,1,473,155.2500901222229,23988.0,19000024334.0
yor-f-83,1,474,159.76382684707642,23988.0,222000032424.0
yor-f-83,1,475,159.96573972702026,23988.0,214000032040.0
yor-f-83,1,476,160.18162298202515,23988.0,208000032810.0
yor-f-83,1,477,160.3816316127777,23988.0,205000032978.0
yor-f-83,1,478,160.59988975524902,23988.0,202000033340.0
yor-f-83,1,479,160.79978346824646,23988.0,198000031244.0
yor-f-83,1,480,161.03142499923706,23988.0,193000032432.0
yor-f-83,1,481,161.2654800415039,23988.0,170000031316.0
yor-f-83,1,482,161.5296130180359,23988.0,62000025908.0
yor-f-83,1,483,165.71690917015076,23988.0,221000034056.0
yor-f-83,1,484,165.934321641922,23988.0,215000031960.0
yor-f-83,1,485,166.13446736335754,23988.0,211000032848.0
yor-f-83,1,486,166.31631731987,23988.0,206000031272.0
yor-f-83,1,487,166.53562092781067,23988.0,203000031712.0
yor-f-83,1,488,166.7481677532196,23988.0,200000033142.0
yor-f-83,1,489,166.9648473262787,23988.0,197000031750.0
yor-f-83,1,490,167.212815284729,23988.0,189000031626.0
yor-f-83,1,491,167.41487789154053,23988.0,119000028778.0
yor-f-83,1,492,173.4156789779663,23988.0,221000034528.0
yor-f-83,1,493,173.64616060256958,23988.0,215000032594.0
yor-f-83,1,494,173.81571578979492,23988.0,209000033634.0
yor-f-83,1,495,174.03058457374573,23988.0,204000033216.0
yor-f-83,1,496,174.23059391975403,23988.0,199000031142.0
yor-f-83,1,497,174.44720840454102,23988.0,195000033988.0
yor-f-83,1,498,174.65064930915833,23988.0,188000031732.0
yor-f-83,1,499,174.86230897903442,23988.0,78000028320.0
yor-f-83,1,500,175.06454491615295,23988.0,4000023932.0
yor-f-83,1,501,175.28038811683655,23988.0,4000023932.0
yor-f-83,1,502,175.47999000549316,23988.0,4000023932.0
yor-f-83,1,503,175.69714379310608,23988.0,4000023932.0
yor-f-83,1,504,181.64654421806335,23988.0,221000033544.0
yor-f-83,1,505,181.84673595428467,23988.0,216000032702.0
yor-f-83,1,506,182.04612112045288,23988.0,211000032074.0
yor-f-83,1,507,182.24694776535034,23988.0,205000032946.0
yor-f-83,1,508,182.47850394248962,23988.0,202000032282.0
yor-f-83,1,509,182.67996168136597,23988.0,198000030554.0
yor-f-83,1,510,182.91126418113708,23988.0,193000031594.0
yor-f-83,1,511,183.11246800422668,23988.0,143000029414.0
yor-f-83,1,512,183.29789233207703,23988.0,48000024888.0
yor-f-83,1,513,189.1449966430664,23988.0,220000035376.0
yor-f-83,1,514,189.3609082698822,23988.0,215000031664.0
yor-f-83,1,515,189.56255388259888,23988.0,208000033276.0
yor-f-83,1,516,189.8097140789032,23988.0,206000032836.0
yor-f-83,1,517,190.0282061100006,23988.0,203000031848.0
yor-f-83,1,518,190.22849702835083,23988.0,200000030364.0
yor-f-83,1,519,190.44455742835999,23988.0,195000032328.0
yor-f-83,1,520,190.64517378807068,23988.0,104000030744.0
yor-f-83,1,521,190.88356232643127,23988.0,88000026298.0
yor-f-83,1,522,191.08348870277405,23988.0,36000024640.0
yor-f-83,1,523,191.31211304664612,23988.0,1000023988.0
yor-f-83,1,524,196.97816801071167,23988.0,223000032378.0
yor-f-83,1,525,197.19598197937012,23988.0,214000032112.0
yor-f-83,1,526,197.4118058681488,23988.0,211000032310.0
yor-f-83,1,527,197.64286422729492,23988.0,207000033734.0
yor-f-83,1,528,197.86016964912415,23988.0,204000031738.0
yor-f-83,1,529,198.07717156410217,23988.0,201000033102.0
yor-f-83,1,530,198.2771987915039,23988.0,199000030418.0
yor-f-83,1,531,198.46243834495544,23988.0,194000032614.0
yor-f-83,1,532,198.66206121444702,23988.0,161000029120.0
yor-f-83,1,533,203.05903124809265,23988.0,222000034482.0
yor-f-83,1,534,203.35437321662903,23988.0,215000032792.0
yor-f-83,1,535,203.54579305648804,23988.0,210000031842.0
yor-f-83,1,536,203.75928616523743,23988.0,205000033196.0
yor-f-83,1,537,203.95947003364563,23988.0,201000031546.0
yor-f-83,1,538,204.1612992286682,23988.0,196000030810.0
yor-f-83,1,539,204.36049962043762,23988.0,150000027978.0
yor-f-83,1,540,204.57694482803345,23988.0,115000028388.0
yor-f-83,1,541,209.83251571655273,23988.0,223000033696.0
yor-f-83,1,542,210.05918502807617,23988.0,216000034036.0
yor-f-83,1,543,210.25866198539734,23988.0,211000035124.0
yor-f-83,1,544,210.46037411689758,23988.0,206000032278.0
yor-f-83,1,545,210.66059494018555,23988.0,203000030760.0
yor-f-83,1,546,210.8753879070282,23988.0,201000030124.0
yor-f-83,1,547,211.07704544067383,23988.0,195000031028.0
yor-f-83,1,548,211.29174780845642,23988.0,124000029378.0
yor-f-83,1,549,211.50838589668274,23988.0,106000025910.0
yor-f-83,1,550,217.93438696861267,23988.0,221000034182.0
yor-f-83,1,551,218.13488054275513,23988.0,215000033032.0
yor-f-83,1,552,218.34201169013977,23988.0,210000032484.0
yor-f-83,1,553,218.559805393219,23988.0,206000030902.0
yor-f-83,1,554,218.7592089176178,23988.0,202000032484.0
yor-f-83,1,555,218.9745635986328,23988.0,197000032844.0
yor-f-83,1,556,219.19093132019043,23988.0,192000033246.0
yor-f-83,1,557,219.40740132331848,23988.0,131000027284.0
yor-f-83,1,558,219.60916805267334,23988.0,86000027734.0
yor-f-83,1,559,219.80919861793518,23988.0,51000024868.0
yor-f-83,1,560,224.44686460494995,23988.0,223000032856.0
yor-f-83,1,561,224.65760278701782,23988.0,216000032810.0
yor-f-83,1,562,224.87293934822083,23988.0,210000033616.0
yor-f-83,1,563,225.07535362243652,23988.0,207000033206.0
yor-f-83,1,564,225.2918667793274,23988.0,204000032670.0
yor-f-83,1,565,225.48995566368103,23988.0,202000031392.0
yor-f-83,1,566,225.6762158870697,23988.0,199000032234.0
yor-f-83,1,567,225.89048051834106,23988.0,197000030280.0
yor-f-83,1,568,226.10738682746887,23988.0,173000030516.0
yor-f-83,1,569,226.30685019493103,23988.0,131000028906.0
yor-f-83,1,570,226.50611519813538,23988.0,58000025072.0
yor-f-83,1,571,233.4216194152832,23988.0,223000031992.0
yor-f-83,1,572,233.6225140094757,23988.0,216000031792.0
yor-f-83,1,573,233.82379412651062,23988.0,210000032250.0
yor-f-83,1,574,234.00867414474487,23988.0,207000032528.0
yor-f-83,1,575,234.2072229385376,23988.0,204000031834.0
yor-f-83,1,576,234.4225046634674,23988.0,202000030880.0
yor-f-83,1,577,234.6229145526886,23988.0,192000030854.0
yor-f-83,1,578,234.82366800308228,23988.0,106000027388.0
yor-f-83,1,579,242.5416293144226,23988.0,221000033320.0
yor-f-83,1,580,242.75460243225098,23988.0,214000030738.0
yor-f-83,1,581,242.95610427856445,23988.0,209000031930.0
yor-f-83,1,582,243.15596103668213,23988.0,204000035162.0
yor-f-83,1,583,243.37114882469177,23988.0,203000030882.0
yor-f-83,1,584,243.59074187278748,23988.0,198000032994.0
yor-f-83,1,585,243.8216733932495,23988.0,144000030436.0
yor-f-83,1,586,244.02124333381653,23988.0,90000026956.0
yor-f-83,1,587,244.25403904914856,23988.0,73000026210.0
yor-f-83,1,588,244.45554113388062,23988.0,5000024060.0
yor-f-83,1,589,244.69358849525452,23988.0,3000023974.0
yor-f-83,1,590,244.9216365814209,23988.0,3000023974.0
yor-f-83,1,591,245.13705587387085,23988.0,3000023974.0
yor-f-83,1,592,245.41780948638916,23988.0,3000023974.0
yor-f-83,1,593,245.63680148124695,23988.0,3000023974.0
yor-f-83,1,594,245.8551001548767,23988.0,3000023958.0
yor-f-83,1,595,246.05480909347534,23988.0,3000023958.0
yor-f-83,1,596,246.27145266532898,23988.0,3000023958.0
yor-f-83,1,597,246.48902440071106,23988.0,3000023958.0
yor-f-83,1,598,246.72004961967468,23988.0,3000023958.0
yor-f-83,1,599,246.92236423492432,23988.0,3000023958.0
yor-f-83,1,600,247.15367579460144,23988.0,3000023958.0
yor-f-83,1,601,247.38673210144043,23988.0,3000023958.0
yor-f-83,1,602,247.62001872062683,23976.0,3000023958.0
yor-f-83,1,603,247.82173466682434,23976.0,3000023958.0
yor-f-83,1,604,248.0389280319214,23976.0,3000023958.0
yor-f-83,1,605,248.26834297180176,23976.0,25818.0
yor-f-83,1,606,248.4711399078369,23976.0,23988.0
yor-f-83,1,607,248.67199420928955,23976.0,23988.0
yor-f-83,1,608,248.87204933166504,23976.0,23988.0
yor-f-83,1,609,249.08775115013123,23976.0,23988.0
yor-f-83,1,610,249.30434799194336,23976.0,23988.0
yor-f-83,1,611,249.5048110485077,23976.0,23988.0
yor-f-83,1,612,249.72075605392456,23976.0,23988.0
yor-f-83,1,613,249.937593460083,23976.0,23988.0
yor-f-83,1,614,250.1367437839508,23976.0,23988.0
yor-f-83,1,615,250.33819818496704,23976.0,23988.0
yor-f-83,1,616,253.51293349266052,23976.0,220000032488.0
yor-f-83,1,617,253.736585855484,23976.0,214000033030.0
yor-f-83,1,618,253.96921730041504,23976.0,209000032538.0
yor-f-83,1,619,254.18585300445557,23976.0,205000032192.0
yor-f-83,1,620,254.40414905548096,23976.0,203000032376.0
yor-f-83,1,621,254.63551115989685,23976.0,200000031948.0
yor-f-83,1,622,254.87031626701355,23976.0,196000032184.0
yor-f-83,1,623,255.08655166625977,23976.0,131000028190.0
yor-f-83,1,624,255.28807830810547,23976.0,83000028778.0
yor-f-83,1,625,259.87849617004395,23976.0,220000033374.0
yor-f-83,1,626,260.08643198013306,23976.0,214000031084.0
yor-f-83,1,627,260.30258083343506,23976.0,210000034736.0
yor-f-83,1,628,260.51839303970337,23976.0,208000031602.0
yor-f-83,1,629,260.70414423942566,23976.0,204000032044.0
yor-f-83,1,630,260.9041724205017,23976.0,201000031516.0
yor-f-83,1,631,261.10385155677795,23976.0,198000032054.0
yor-f-83,1,632,261.3039286136627,23976.0,190000029742.0
yor-f-83,1,633,261.52965021133423,23976.0,163000028722.0
yor-f-83,1,634,261.73032808303833,23976.0,94000027764.0
yor-f-83,1,635,267.21850657463074,23976.0,221000033560.0
yor-f-83,1,636,267.4186387062073,23976.0,213000031446.0
yor-f-83,1,637,267.60301756858826,23976.0,208000031250.0
yor-f-83,1,638,267.8184940814972,23976.0,204000032324.0
yor-f-83,1,639,268.0501883029938,23976.0,200000032906.0
yor-f-83,1,640,268.24774193763733,23976.0,194000031152.0
yor-f-83,1,641,268.4516816139221,23976.0,116000026818.0
yor-f-83,1,642,271.95573234558105,23976.0,223000033672.0
yor-f-83,1,643,272.15566205978394,23976.0,215000033488.0
yor-f-83,1,644,272.3563494682312,23976.0,211000031160.0
yor-f-83,1,645,272.59959411621094,23976.0,206000032848.0
yor-f-83,1,646,272.8021318912506,23976.0,204000030904.0
yor-f-83,1,647,273.0025408267975,23976.0,202000032004.0
yor-f-83,1,648,273.202068567276,23976.0,199000031882.0
yor-f-83,1,649,273.4015336036682,23976.0,195000032054.0
yor-f-83,1,650,273.60130047798157,23970.0,155000027988.0
yor-f-83,1,651,273.80227851867676,23970.0,104000027740.0
yor-f-83,1,652,274.0011749267578,23966.0,32000024714.0
yor-f-83,1,653,274.20177841186523,23966.0,27946.0
yor-f-83,1,654,274.4031546115875,23966.0,23976.0
yor-f-83,1,655,274.60267162323,23966.0,23976.0
yor-f-83,1,656,274.80191469192505,23966.0,23976.0
yor-f-83,1,657,275.01772928237915,23966.0,23976.0
yor-f-83,1,658,275.2335915565491,23966.0,23976.0
yor-f-83,1,659,275.4344778060913,23966.0,23976.0
yor-f-83,1,660,275.6355867385864,23966.0,23976.0
yor-f-83,1,661,275.85111689567566,23966.0,23976.0
yor-f-83,1,662,276.0510194301605,23966.0,23976.0
yor-f-83,1,663,276.2358829975128,23966.0,23970.0
yor-f-83,1,664,282.4170186519623,23966.0,223000034146.0
yor-f-83,1,665,282.6333475112915,23966.0,218000031450.0
yor-f-83,1,666,282.83438658714294,23966.0,212000033024.0
yor-f-83,1,667,283.0655152797699,23966.0,209000033248.0
yor-f-83,1,668,283.2821989059448,23966.0,205000032674.0
yor-f-83,1,669,283.483864068985,23966.0,202000032080.0
yor-f-83,1,670,283.7011513710022,23966.0,200000032280.0
yor-f-83,1,671,283.9007284641266,23966.0,197000032438.0
yor-f-83,1,672,284.11707496643066,23966.0,195000031062.0
yor-f-83,1,673,284.31671833992004,23966.0,164000028228.0
yor-f-83,1,674,288.29794120788574,23966.0,221000033640.0
yor-f-83,1,675,288.6107773780823,23966.0,214000031970.0
yor-f-83,1,676,288.81678080558777,23966.0,210000032408.0
yor-f-83,1,677,289.01599526405334,23966.0,205000033526.0
yor-f-83,1,678,289.23263716697693,23966.0,202000034798.0
yor-f-83,1,679,289.48020029067993,23966.0,200000031108.0
yor-f-83,1,680,289.6984975337982,23966.0,198000032844.0
yor-f-83,1,681,289.9141547679901,23966.0,195000030582.0
yor-f-83,1,682,290.1322674751282,23966.0,136000028632.0
yor-f-83,1,683,290.34903860092163,23966.0,107000026952.0
yor-f-83,1,684,293.6993670463562,23966.0,220000033352.0
yor-f-83,1,685,293.9143223762512,23966.0,215000031144.0
yor-f-83,1,686,294.1004478931427,23952.0,210000032808.0
yor-f-83,1,687,294.31597781181335,23952.0,206000033088.0
yor-f-83,1,688,294.5493731498718,23952.0,203000032610.0
yor-f-83,1,689,294.81357884407043,23952.0,200000033106.0
yor-f-83,1,690,295.0626997947693,23952.0,198000031352.0
yor-f-83,1,691,295.2803461551666,23952.0,185000032110.0
yor-f-83,1,692,295.51556158065796,23952.0,72000026030.0
yor-f-83,1,693,295.7158291339874,23952.0,43000024542.0
yor-f-83,1,694,295.93164587020874,23952.0,5000023994.0
yor-f-83,1,695,296.1158890724182,23952.0,3000023948.0
yor-f-83,1,696,296.34702134132385,23952.0,3000023948.0
yor-f-83,1,697,296.5650713443756,23952.0,3000023948.0
yor-f-83,1,698,296.7821660041809,23952.0,3000023948.0
yor-f-83,1,699,296.9661452770233,23952.0,3000023948.0
yor-f-83,1,700,297.1661295890808,23952.0,3000023948.0
yor-f-83,1,701,297.36708641052246,23952.0,3000023948.0
yor-f-83,1,702,297.58181858062744,23952.0,3000023948.0
yor-f-83,1,703,297.78259444236755,23952.0,3000023948.0
yor-f-83,1,704,298.01414680480957,23952.0,3000023948.0
yor-f-83,1,705,298.2150013446808,23952.0,3000023948.0
yor-f-83,1,706,298.4317512512207,23952.0,3000023948.0
yor-f-83,1,707,298.64724469184875,23952.0,3000023948.0
yor-f-83,1,708,298.8477895259857,23952.0,3000023948.0
yor-f-83,1,709,299.06445264816284,23952.0,3000023948.0
yor-f-83,1,710,299.2962634563446,23952.0,3000023948.0
yor-f-83,1,711,299.4819676876068,23952.0,3000023948.0
yor-f-83,1,712,299.6820342540741,23952.0,3000023948.0
yor-f-83,1,713,299.90971970558167,23952.0,3000023948.0
yor-f-83,1,714,300.11452078819275,23952.0,3000023948.0
yor-f-83,1,715,300.3303961753845,23952.0,3000023948.0
yor-f-83,1,716,300.54696559906006,23952.0,3000023948.0
yor-f-83,1,717,300.7642810344696,23952.0,3000023948.0
yor-f-83,1,718,300.9811260700226,23952.0,3000023948.0
yor-f-83,1,719,301.1809616088867,23952.0,3000023948.0
yor-f-83,1,720,301.4130892753601,23952.0,3000023948.0
yor-f-83,1,721,301.64520502090454,23952.0,3000023948.0
yor-f-83,1,722,301.84847617149353,23952.0,3000023948.0
yor-f-83,1,723,302.0633885860443,23952.0,3000023948.0
yor-f-83,1,724,302.2964107990265,23952.0,3000023948.0
yor-f-83,1,725,302.4819598197937,23946.0,3000023948.0
yor-f-83,1,726,302.6974952220917,23946.0,3000023948.0
yor-f-83,1,727,302.91291856765747,23946.0,3000023948.0
yor-f-83,1,728,303.09825229644775,23946.0,3000023948.0
yor-f-83,1,729,303.3178415298462,23946.0,2000023950.0
yor-f-83,1,730,303.5178666114807,23946.0,1000023950.0
yor-f-83,1,731,303.7311227321625,23946.0,25564.0
yor-f-83,1,732,303.9312644004822,23946.0,23966.0
yor-f-83,1,733,304.1318554878235,23946.0,23966.0
yor-f-83,1,734,304.34503650665283,23946.0,23966.0
yor-f-83,1,735,304.57906913757324,23946.0,23966.0
yor-f-83,1,736,309.38196635246277,23946.0,222000033600.0
yor-f-83,1,737,309.6751866340637,23946.0,215000033890.0
yor-f-83,1,738,309.89542961120605,23946.0,211000031894.0
yor-f-83,1,739,310.0973424911499,23946.0,207000032582.0
yor-f-83,1,740,310.2970609664917,23946.0,203000033188.0
yor-f-83,1,741,310.5128939151764,23946.0,199000032720.0
yor-f-83,1,742,310.6983916759491,23946.0,192000033650.0
yor-f-83,1,743,310.9354450702667,23946.0,131000027252.0
yor-f-83,1,744,311.16262912750244,23946.0,110000028406.0
yor-f-83,1,745,311.363343000412,23946.0,88000026790.0
yor-f-83,1,746,317.5275869369507,23946.0,222000034042.0
yor-f-83,1,747,317.7445890903473,23946.0,215000034580.0
yor-f-83,1,748,317.9494094848633,23946.0,209000032964.0
yor-f-83,1,749,318.16159200668335,23946.0,205000034150.0
yor-f-83,1,750,318.37897515296936,23946.0,203000032294.0
yor-f-83,1,751,318.61152243614197,23946.0,201000032702.0
yor-f-83,1,752,318.79741168022156,23946.0,198000033424.0
yor-f-83,1,753,318.996435880661,23946.0,185000032096.0
yor-f-83,1,754,319.1794044971466,23946.0,130000028610.0
yor-f-83,1,755,319.394544839859,23946.0,117000030238.0
yor-f-83,1,756,323.4292767047882,23946.0,221000033060.0
yor-f-83,1,757,323.6285126209259,23946.0,215000033662.0
yor-f-83,1,758,323.8447754383087,23946.0,211000034448.0
yor-f-83,1,759,324.0451934337616,23946.0,207000031800.0
yor-f-83,1,760,324.2290530204773,23946.0,203000032038.0
yor-f-83,1,761,324.4292390346527,23946.0,199000032412.0
yor-f-83,1,762,324.62824988365173,23946.0,196000032086.0
yor-f-83,1,763,324.8764081001282,23946.0,191000036224.0
yor-f-83,1,764,325.0935950279236,23946.0,173000029342.0
yor-f-83,1,765,325.27964544296265,23946.0,89000026006.0
yor-f-83,1,766,328.74131202697754,23946.0,222000033210.0
yor-f-83,1,767,328.9924476146698,23946.0,215000033946.0
yor-f-83,1,768,329.2100238800049,23946.0,210000032480.0
yor-f-83,1,769,329.4421401023865,23946.0,205000032160.0
yor-f-83,1,770,329.6766891479492,23946.0,202000032600.0
yor-f-83,1,771,329.893878698349,23946.0,199000031024.0
yor-f-83,1,772,330.1264536380768,23946.0,187000030788.0
yor-f-83,1,773,330.3292486667633,23946.0,123000026892.0
yor-f-83,1,774,330.5286900997162,23946.0,71000027232.0
yor-f-83,1,775,335.3697934150696,23946.0,222000032694.0
yor-f-83,1,776,335.5802388191223,23946.0,214000033306.0
yor-f-83,1,777,335.7940399646759,23946.0,209000032142.0
yor-f-83,1,778,335.99444031715393,23946.0,205000032720.0
yor-f-83,1,779,336.1942296028137,23946.0,202000031852.0
yor-f-83,1,780,336.4097080230713,23946.0,196000031040.0
yor-f-83,1,781,336.61035656929016,23946.0,131000029416.0
yor-f-83,1,782,336.8266067504883,23946.0,88000026048.0
yor-f-83,1,783,340.29402589797974,23946.0,221000033976.0
yor-f-83,1,784,340.5254862308502,23946.0,215000033066.0
yor-f-83,1,785,340.7419044971466,23946.0,209000033014.0
yor-f-83,1,786,340.94301199913025,23946.0,206000031252.0
yor-f-83,1,787,341.14247012138367,23946.0,202000032138.0
yor-f-83,1,788,341.3437900543213,23946.0,200000031710.0
yor-f-83,1,789,341.5591416358948,23946.0,191000032560.0
yor-f-83,1,790,345.0558211803436,23946.0,221000034892.0
yor-f-83,1,791,345.3021204471588,23946.0,214000031632.0
yor-f-83,1,792,345.52572679519653,23946.0,209000033102.0
yor-f-83,1,793,345.75741314888,23946.0,207000031316.0
yor-f-83,1,794,345.9582688808441,23946.0,202000032148.0
yor-f-83,1,795,346.1743769645691,23946.0,198000033932.0
yor-f-83,1,796,346.3906054496765,23946.0,172000030276.0
yor-f-83,1,797,346.6079556941986,23946.0,82000025928.0
yor-f-83,1,798,346.8086533546448,23946.0,60000025388.0
yor-f-83,1,799,351.65590500831604,23946.0,224000032582.0
yor-f-83,1,800,351.8592185974121,23946.0,217000032586.0
yor-f-83,1,801,352.090859413147,23946.0,212000031586.0
yor-f-83,1,802,352.2916235923767,23946.0,207000033174.0
yor-f-83,1,803,352.507936000824,23946.0,205000031934.0
yor-f-83,1,804,352.7235994338989,23946.0,202000033300.0
yor-f-83,1,805,352.92447304725647,23946.0,197000031718.0
yor-f-83,1,806,353.140753030777,23946.0,152000029288.0
yor-f-83,1,807,353.3422999382019,23946.0,94000025832.0
yor-f-83,1,808,353.54201459884644,23946.0,53000028340.0
yor-f-83,1,809,353.7427339553833,23946.0,14000023864.0
yor-f-83,1,810,353.9733877182007,23946.0,14000023864.0
yor-f-83,1,811,354.18969464302063,23946.0,14000023864.0
yor-f-83,1,812,354.3923852443695,23946.0,14000023864.0
yor-f-83,1,813,354.6077125072479,23946.0,14000023864.0
yor-f-83,1,814,354.8552722930908,23946.0,14000023864.0
yor-f-83,1,815,355.073477268219,23946.0,14000023864.0
yor-f-83,1,816,355.28962302207947,23946.0,14000023864.0
yor-f-83,1,817,355.5226888656616,23946.0,14000023864.0
yor-f-83,1,818,355.7397267818451,23946.0,14000023864.0
yor-f-83,1,819,355.9570679664612,23946.0,14000023864.0
yor-f-83,1,820,356.1587698459625,23946.0,14000023864.0
yor-f-83,1,821,356.3741223812103,23946.0,14000023864.0
yor-f-83,1,822,356.606440782547,23946.0,14000023864.0
yor-f-83,1,823,356.8074514865875,23946.0,14000023864.0
yor-f-83,1,824,357.03958773612976,23946.0,14000023864.0
yor-f-83,1,825,357.2416217327118,23946.0,14000023864.0
yor-f-83,1,826,357.4579207897186,23946.0,14000023864.0
yor-f-83,1,827,357.6570854187012,23946.0,14000023864.0
yor-f-83,1,828,357.88963413238525,23946.0,14000023864.0
yor-f-83,1,829,358.1212465763092,23946.0,14000023864.0
yor-f-83,1,830,358.3079514503479,23946.0,11000023870.0
yor-f-83,1,831,358.52809262275696,23946.0,11000023870.0
yor-f-83,1,832,362.05697751045227,23946.0,222000032310.0
yor-f-83,1,833,362.2575092315674,23946.0,215000032618.0
yor-f-83,1,834,362.5200011730194,23946.0,211000032642.0
yor-f-83,1,835,362.7710268497467,23946.0,207000032988.0
yor-f-83,1,836,362.9888849258423,23946.0,204000033176.0
yor-f-83,1,837,363.2062668800354,23946.0,201000032170.0
yor-f-83,1,838,363.4223966598511,23946.0,198000033264.0
yor-f-83,1,839,363.60825395584106,23946.0,195000031026.0
yor-f-83,1,840,363.8233847618103,23946.0,119000026052.0
yor-f-83,1,841,367.5563361644745,23946.0,223000031654.0
yor-f-83,1,842,367.75703024864197,23946.0,216000032544.0
yor-f-83,1,843,368.00386929512024,23946.0,209000033310.0
yor-f-83,1,844,368.2538709640503,23946.0,206000033278.0
yor-f-83,1,845,368.45749044418335,23946.0,203000031912.0
yor-f-83,1,846,368.68875002861023,23946.0,201000033878.0
yor-f-83,1,847,368.87357997894287,23946.0,197000033386.0
yor-f-83,1,848,369.10448598861694,23946.0,193000032966.0
yor-f-83,1,849,369.3048367500305,23946.0,139000027940.0
yor-f-83,1,850,374.8721511363983,23946.0,222000032318.0
yor-f-83,1,851,375.08790254592896,23946.0,215000030934.0
yor-f-83,1,852,375.30508184432983,23946.0,209000032760.0
yor-f-83,1,853,375.52158093452454,23946.0,206000032192.0
yor-f-83,1,854,375.738165140152,23946.0,202000032674.0
yor-f-83,1,855,375.97110509872437,23946.0,200000032594.0
yor-f-83,1,856,376.17243003845215,23946.0,196000032340.0
yor-f-83,1,857,376.38809156417847,23946.0,123000027798.0
yor-f-83,1,858,383.08948159217834,23946.0,222000034048.0
yor-f-83,1,859,383.32026290893555,23946.0,217000033718.0
yor-f-83,1,860,383.5385332107544,23946.0,211000033562.0
yor-f-83,1,861,383.7526204586029,23946.0,207000031532.0
yor-f-83,1,862,383.9529061317444,23946.0,202000033414.0
yor-f-83,1,863,384.18634510040283,23946.0,200000031702.0
yor-f-83,1,864,384.41943621635437,23946.0,198000031052.0
yor-f-83,1,865,384.62057089805603,23946.0,193000030728.0
yor-f-83,1,866,384.82097125053406,23946.0,164000029434.0
yor-f-83,1,867,385.03754353523254,23946.0,113000028668.0
yor-f-83,1,868,391.304438829422,23946.0,223000031482.0
yor-f-83,1,869,391.75563764572144,23946.0,215000033974.0
yor-f-83,1,870,391.96856141090393,23946.0,212000031940.0
yor-f-83,1,871,392.16967010498047,23946.0,207000033998.0
yor-f-83,1,872,392.3860011100769,23946.0,205000031810.0
yor-f-83,1,873,392.6175684928894,23946.0,203000034546.0
yor-f-83,1,874,392.80505990982056,23946.0,201000032798.0
yor-f-83,1,875,393.03541374206543,23946.0,196000031952.0
yor-f-83,1,876,393.23602390289307,23912.0,139000029854.0
yor-f-83,1,877,393.45105385780334,23912.0,100000027200.0
yor-f-83,1,878,393.6363453865051,23912.0,72000027442.0
yor-f-83,1,879,393.83701634407043,23912.0,6000024046.0
yor-f-83,1,880,394.03718519210815,23912.0,25440.0
yor-f-83,1,881,394.235960483551,23912.0,23946.0
yor-f-83,1,882,394.4520773887634,23912.0,23946.0
yor-f-83,1,883,394.65267610549927,23912.0,23946.0
yor-f-83,1,884,394.88410544395447,23912.0,23946.0
yor-f-83,1,885,395.10220074653625,23912.0,23946.0
yor-f-83,1,886,395.3094120025635,23912.0,23946.0
yor-f-83,1,887,395.5511393547058,23912.0,23946.0
yor-f-83,1,888,395.72123193740845,23912.0,23946.0
yor-f-83,1,889,395.9108610153198,23912.0,23946.0
yor-f-83,1,890,400.11562395095825,23912.0,220000032088.0
yor-f-83,1,891,400.3659291267395,23912.0,215000031428.0
yor-f-83,1,892,400.567262172699,23912.0,210000032896.0
yor-f-83,1,893,400.76951003074646,23912.0,207000031184.0
yor-f-83,1,894,401.00059056282043,23912.0,200000031792.0
yor-f-83,1,895,401.2016832828522,23912.0,197000032732.0
yor-f-83,1,896,401.4013969898224,23912.0,184000030342.0
yor-f-83,1,897,401.6180217266083,23912.0,141000029378.0
yor-f-83,1,898,401.81785798072815,23912.0,107000029644.0
yor-f-83,1,899,406.5518445968628,23912.0,224000032636.0
yor-f-83,1,900,406.8144624233246,23912.0,215000032942.0
yor-f-83,1,901,407.01768016815186,23912.0,208000033304.0
yor-f-83,1,902,407.2337210178375,23912.0,206000031796.0
yor-f-83,1,903,407.44964146614075,23912.0,203000033114.0
yor-f-83,1,904,407.66746068000793,23912.0,200000032760.0
yor-f-83,1,905,407.8828101158142,23912.0,198000030726.0
yor-f-83,1,906,408.100857257843,23912.0,194000031962.0
yor-f-83,1,907,408.2849886417389,23912.0,74000025664.0
yor-f-83,1,908,416.2096998691559,23912.0,222000031294.0
yor-f-83,1,909,416.4170024394989,23912.0,215000034828.0
yor-f-83,1,910,416.65044689178467,23912.0,211000032814.0
yor-f-83,1,911,416.88186264038086,23912.0,208000033494.0
yor-f-83,1,912,417.0998284816742,23912.0,205000031922.0
yor-f-83,1,913,417.31623101234436,23912.0,199000032416.0
yor-f-83,1,914,417.5642354488373,23912.0,196000032018.0
yor-f-83,1,915,417.76727509498596,23912.0,164000031916.0
yor-f-83,1,916,417.99798560142517,23912.0,52000025066.0
yor-f-83,1,917,418.2159938812256,23912.0,14000023870.0
yor-f-83,1,918,418.4312229156494,23912.0,14000023862.0
yor-f-83,1,919,418.66465520858765,23912.0,7000023912.0
yor-f-83,1,920,418.8980247974396,23912.0,5000023896.0
yor-f-83,1,921,419.13108944892883,23912.0,5000023896.0
yor-f-83,1,922,419.36475229263306,23912.0,5000023872.0
yor-f-83,1,923,419.5678687095642,23912.0,4000023908.0
yor-f-83,1,924,419.7822833061218,23912.0,4000023900.0
yor-f-83,1,925,420.0148115158081,23912.0,4000023888.0
yor-f-83,1,926,420.2321445941925,23912.0,4000023888.0
yor-f-83,1,927,420.4336929321289,23912.0,3000023898.0
yor-f-83,1,928,420.63241386413574,23906.0,2000023886.0
yor-f-83,1,929,420.83349347114563,23906.0,2000023886.0
yor-f-83,1,930,421.0800426006317,23906.0,1000023914.0
yor-f-83,1,931,421.2988917827606,23900.0,1000023888.0
yor-f-83,1,932,421.51474952697754,23900.0,25420.0
yor-f-83,1,933,421.7162940502167,23900.0,23912.0
yor-f-83,1,934,421.9314937591553,23900.0,23912.0
yor-f-83,1,935,422.11682081222534,23900.0,23912.0
yor-f-83,1,936,422.31707644462585,23900.0,23912.0
yor-f-83,1,937,422.53199195861816,23900.0,23912.0
yor-f-83,1,938,422.74801445007324,23898.0,23912.0
yor-f-83,1,939,422.9482183456421,23898.0,23912.0
yor-f-83,1,940,423.1968455314636,23898.0,23912.0
yor-f-83,1,941,423.38361978530884,23898.0,23912.0
yor-f-83,1,942,423.5832550525665,23898.0,23912.0
yor-f-83,1,943,423.7990188598633,23898.0,23912.0
yor-f-83,1,944,423.98316621780396,23898.0,23908.0
yor-f-83,1,945,424.1829228401184,23898.0,23908.0
yor-f-83,1,946,424.39867639541626,23898.0,23906.0
yor-f-83,1,947,424.61441349983215,23898.0,23906.0
yor-f-83,1,948,424.8322787284851,23898.0,23900.0
yor-f-83,1,949,425.0319335460663,23898.0,23900.0
yor-f-83,1,950,425.23431968688965,23898.0,23900.0
yor-f-83,1,951,425.4642584323883,23898.0,23900.0
yor-f-83,1,952,433.1280241012573,23898.0,223000033000.0
yor-f-83,1,953,433.3463091850281,23898.0,215000034468.0
yor-f-83,1,954,433.54737520217896,23898.0,210000033336.0
yor-f-83,1,955,433.78841948509216,23898.0,207000034580.0
yor-f-83,1,956,434.013231754303,23898.0,205000031958.0
yor-f-83,1,957,434.229843378067,23898.0,202000032572.0
yor-f-83,1,958,434.43077278137207,23898.0,200000031674.0
yor-f-83,1,959,434.61531710624695,23898.0,196000032272.0
yor-f-83,1,960,434.8462688922882,23898.0,183000030598.0
yor-f-83,1,961,435.06364488601685,23898.0,87000028604.0
yor-f-83,1,962,435.2655174732208,23898.0,5000027298.0
yor-f-83,1,963,442.6722571849823,23898.0,221000033796.0
yor-f-83,1,964,443.5249676704407,23898.0,215000032520.0
yor-f-83,1,965,443.73053908348083,23898.0,210000034660.0
yor-f-83,1,966,443.97719526290894,23898.0,207000031668.0
yor-f-83,1,967,444.1963438987732,23898.0,204000033380.0
yor-f-83,1,968,444.3812849521637,23898.0,199000032490.0
yor-f-83,1,969,444.59603357315063,23898.0,196000032662.0
yor-f-83,1,970,444.8097460269928,23898.0,154000029292.0
yor-f-83,1,971,445.01298689842224,23898.0,114000028456.0
yor-f-83,1,972,445.2293756008148,23898.0,98000029374.0
yor-f-83,1,973,445.4293758869171,23898.0,42000025712.0
yor-f-83,1,974,445.64626932144165,23898.0,15000024244.0
yor-f-83,1,975,453.25836539268494,23898.0,223000032604.0
yor-f-83,1,976,453.5293068885803,23898.0,217000033304.0
yor-f-83,1,977,453.729567527771,23898.0,212000033130.0
yor-f-83,1,978,453.93025827407837,23898.0,208000031600.0
yor-f-83,1,979,454.13053345680237,23898.0,204000032550.0
yor-f-83,1,980,454.3139913082123,23898.0,199000033116.0
yor-f-83,1,981,454.51238656044006,23898.0,194000033150.0
yor-f-83,1,982,454.696471452713,23898.0,132000027854.0
yor-f-83,1,983,454.8804340362549,23898.0,66000028544.0
yor-f-83,1,984,455.1105558872223,23898.0,13000024630.0
yor-f-83,1,985,461.862753868103,23898.0,223000031834.0
yor-f-83,1,986,462.0616638660431,23898.0,215000032646.0
yor-f-83,1,987,462.26182103157043,23898.0,210000032250.0
yor-f-83,1,988,462.44791746139526,23898.0,206000032170.0
yor-f-83,1,989,462.62858510017395,23898.0,203000032604.0
yor-f-83,1,990,462.8281931877136,23898.0,199000030304.0
yor-f-83,1,991,463.0496699810028,23898.0,195000031880.0
yor-f-83,1,992,463.2613663673401,23898.0,141000030144.0
yor-f-83,1,993,463.45038652420044,23898.0,73000024914.0
yor-f-83,1,994,468.6393916606903,23898.0,222000032612.0
yor-f-83,1,995,468.81177496910095,23898.0,215000031484.0
yor-f-83,1,996,469.0108938217163,23898.0,207000032994.0
yor-f-83,1,997,469.21058106422424,23898.0,203000032626.0
yor-f-83,1,998,469.4424560070038,23898.0,200000033642.0
yor-f-83,1,999,469.64306259155273,23898.0,197000032148.0
